user_id,permission_id
U0001,P0001
U0001,P0002
U0001,P0003
U0002,P0004
U0002,P0006
U0002,P0007
U0002,P0008
U0002,P0009
U0003,P0005
U0003,P0006
U0003,P0007
U0003,P0008
U0003,P0009
U0004,P0010
U0005,P0011
U0005,P0012
U0005,P0013
U0005,P0014
U0006,P0015
U0006,P0016
U0006,P0017
U0006,P0018
U0006,P0019
U0006,P0020
U0006,P0021
U0006,P0022
U0007,P0023
U0007,P0024
U0007,P0025
U0007,P0026
U0008,P0023
U0008,P0024
U0008,P0025
U0008,P0026
U0009,P0010
U0010,P0011
U0010,P0012
U0010,P0013
U0010,P0014
U0011,P0011
U0011,P0012
U0011,P0013
U0011,P0014
U0012,P0027
U0012,P0028
U0012,P0029
U0012,P0030
U0012,P0031
U0012,P0032
U0012,P0033
U0012,P0034
U0012,P0035
U0012,P0036
U0012,P0037
U0012,P0038
U0012,P0039
U0012,P0040
U0012,P0041
U0012,P0042
U0012,P0043
U0012,P0044
U0012,P0045
U0012,P0046
U0012,P0047
U0012,P0048
U0012,P0049
U0012,P0050
U0012,P0051
U0012,P0052
U0012,P0053
U0012,P0054
U0012,P0055
U0012,P0056
U0012,P0057
U0012,P0058
U0012,P0059
U0012,P0060
U0012,P0061
U0012,P0062
U0012,P0063
U0012,P0064
U0012,P0065
U0012,P0066
U0012,P0067
U0012,P0068
U0012,P0069
U0012,P0070
U0012,P0071
U0012,P0072
U0012,P0073
U0012,P0074
U0012,P0075
U0012,P0076
U0012,P0077
U0012,P0078
U0012,P0079
U0012,P0080
U0012,P0081
U0012,P0082
U0012,P0083
U0012,P0084
U0012,P0085
U0012,P0086
U0012,P0087
U0012,P0088
U0012,P0089
U0012,P0090
U0012,P0091
U0012,P0092
U0012,P0093
U0012,P0094
U0012,P0095
U0012,P0096
U0012,P0097
U0012,P0098
U0012,P0099
U0012,P0100
U0012,P0101
U0012,P0102
U0012,P0103
U0012,P0104
U0012,P0105
U0012,P0106
U0012,P0107
U0012,P0108
U0012,P0109
U0012,P0110
U0012,P0111
U0012,P0112
U0012,P0113
U0012,P0114
U0012,P0115
U0012,P0116
U0012,P0117
U0012,P0118
U0012,P0119
U0012,P0120
U0012,P0121
U0012,P0122
U0012,P0123
U0012,P0124
U0012,P0125
U0012,P0126
U0012,P0127
U0012,P0128
U0012,P0129
U0012,P0130
U0013,P0011
U0013,P0012
U0013,P0013
U0013,P0014
U0013,P0015
U0013,P0016
U0013,P0017
U0013,P0018
U0013,P0019
U0013,P0020
U0013,P0021
U0013,P0022
U0014,P0015
U0014,P0016
U0014,P0017
U0014,P0018
U0014,P0019
U0014,P0020
U0014,P0021
U0014,P0022
U0015,P0023
U0015,P0024
U0015,P0025
U0015,P0026
U0016,P0023
U0016,P0024
U0016,P0025
U0016,P0026
U0017,P0002
U0017,P0003
U0017,P0009
U0017,P0023
U0017,P0024
U0017,P0025
U0017,P0027
U0017,P0028
U0017,P0029
U0017,P0030
U0017,P0031
U0017,P0032
U0017,P0033
U0017,P0034
U0017,P0035
U0017,P0036
U0017,P0037
U0017,P0038
U0017,P0039
U0017,P0040
U0017,P0041
U0017,P0042
U0017,P0043
U0017,P0044
U0017,P0045
U0017,P0046
U0017,P0047
U0017,P0048
U0017,P0049
U0017,P0050
U0017,P0051
U0017,P0052
U0017,P0053
U0017,P0054
U0017,P0055
U0017,P0056
U0017,P0057
U0017,P0058
U0017,P0059
U0017,P0060
U0017,P0061
U0017,P0062
U0017,P0063
U0017,P0064
U0017,P0065
U0017,P0066
U0017,P0067
U0017,P0068
U0017,P0069
U0017,P0070
U0017,P0071
U0017,P0072
U0017,P0073
U0017,P0074
U0017,P0075
U0017,P0076
U0017,P0077
U0017,P0078
U0017,P0079
U0017,P0080
U0017,P0081
U0017,P0082
U0017,P0083
U0017,P0084
U0017,P0085
U0017,P0086
U0017,P0087
U0017,P0088
U0017,P0089
U0017,P0090
U0017,P0091
U0017,P0092
U0017,P0093
U0017,P0094
U0017,P0095
U0017,P0096
U0017,P0097
U0017,P0098
U0017,P0099
U0017,P0100
U0017,P0101
U0017,P0102
U0017,P0103
U0017,P0104
U0017,P0105
U0017,P0106
U0017,P0107
U0017,P0108
U0017,P0109
U0017,P0110
U0017,P0111
U0017,P0112
U0017,P0113
U0017,P0114
U0017,P0115
U0017,P0116
U0017,P0117
U0017,P0118
U0017,P0119
U0017,P0120
U0017,P0121
U0017,P0122
U0017,P0123
U0017,P0124
U0017,P0125
U0017,P0126
U0017,P0127
U0017,P0128
U0017,P0129
U0017,P0130
U0017,P0131
U0017,P0132
U0017,P0133
U0017,P0134
U0017,P0135
U0017,P0136
U0017,P0137
U0017,P0138
U0017,P0139
U0017,P0140
U0017,P0141
U0017,P0142
U0017,P0143
U0017,P0144
U0017,P0145
U0017,P0146
U0017,P0147
U0017,P0148
U0017,P0149
U0017,P0150
U0017,P0151
U0017,P0152
U0017,P0153
U0017,P0154
U0017,P0155
U0017,P0156
U0017,P0157
U0017,P0158
U0017,P0159
U0017,P0160
U0017,P0161
U0017,P0162
U0017,P0163
U0017,P0164
U0017,P0165
U0017,P0166
U0017,P0167
U0017,P0168
U0017,P0169
U0017,P0170
U0017,P0171
U0017,P0172
U0017,P0173
U0017,P0174
U0017,P0175
U0017,P0176
U0017,P0177
U0017,P0178
U0017,P0179
U0017,P0180
U0017,P0181
U0017,P0182
U0017,P0183
U0017,P0184
U0017,P0185
U0017,P0186
U0017,P0187
U0017,P0188
U0017,P0189
U0017,P0190
U0017,P0191
U0017,P0192
U0017,P0193
U0017,P0194
U0017,P0195
U0017,P0196
U0017,P0197
U0017,P0198
U0017,P0199
U0017,P0200
U0017,P0201
U0017,P0202
U0017,P0203
U0017,P0204
U0017,P0205
U0017,P0206
U0017,P0207
U0017,P0208
U0017,P0209
U0017,P0210
U0017,P0211
U0017,P0212
U0017,P0213
U0017,P0214
U0017,P0215
U0017,P0216
U0017,P0217
U0017,P0218
U0017,P0219
U0017,P0220
U0017,P0221
U0017,P0222
U0017,P0223
U0017,P0224
U0017,P0225
U0017,P0226
U0017,P0227
U0017,P0228
U0017,P0229
U0017,P0230
U0017,P0231
U0017,P0232
U0017,P0233
U0017,P0234
U0017,P0235
U0017,P0236
U0017,P0237
U0017,P0238
U0017,P0239
U0017,P0240
U0017,P0241
U0018,P0027
U0018,P0028
U0018,P0029
U0018,P0030
U0018,P0031
U0018,P0032
U0018,P0033
U0018,P0034
U0018,P0035
U0018,P0036
U0018,P0037
U0018,P0038
U0018,P0039
U0018,P0040
U0018,P0041
U0018,P0042
U0018,P0043
U0018,P0044
U0018,P0045
U0018,P0046
U0018,P0047
U0018,P0048
U0018,P0049
U0018,P0050
U0018,P0051
U0018,P0052
U0018,P0053
U0018,P0054
U0018,P0055
U0018,P0056
U0018,P0057
U0018,P0058
U0018,P0059
U0018,P0060
U0018,P0061
U0018,P0062
U0018,P0063
U0018,P0064
U0018,P0065
U0018,P0066
U0018,P0067
U0018,P0068
U0018,P0069
U0018,P0070
U0018,P0071
U0018,P0072
U0018,P0073
U0018,P0074
U0018,P0075
U0018,P0076
U0018,P0077
U0018,P0078
U0018,P0079
U0018,P0080
U0018,P0081
U0018,P0082
U0018,P0083
U0018,P0084
U0018,P0085
U0018,P0086
U0018,P0087
U0018,P0088
U0018,P0089
U0018,P0090
U0018,P0091
U0018,P0092
U0018,P0093
U0018,P0094
U0018,P0095
U0018,P0096
U0018,P0097
U0018,P0098
U0018,P0099
U0018,P0100
U0018,P0101
U0018,P0102
U0018,P0103
U0018,P0104
U0018,P0105
U0018,P0106
U0018,P0107
U0018,P0108
U0018,P0109
U0018,P0110
U0018,P0111
U0018,P0112
U0018,P0113
U0018,P0114
U0018,P0115
U0018,P0116
U0018,P0117
U0018,P0118
U0018,P0119
U0018,P0120
U0018,P0121
U0018,P0122
U0018,P0123
U0018,P0124
U0018,P0125
U0018,P0126
U0018,P0127
U0018,P0128
U0018,P0129
U0018,P0130
U0019,P0027
U0019,P0028
U0019,P0029
U0019,P0030
U0019,P0031
U0019,P0032
U0019,P0033
U0019,P0034
U0019,P0035
U0019,P0036
U0019,P0037
U0019,P0038
U0019,P0039
U0019,P0040
U0019,P0041
U0019,P0042
U0019,P0043
U0019,P0044
U0019,P0045
U0019,P0046
U0019,P0047
U0019,P0048
U0019,P0049
U0019,P0050
U0019,P0051
U0019,P0052
U0019,P0053
U0019,P0054
U0019,P0055
U0019,P0056
U0019,P0057
U0019,P0058
U0019,P0059
U0019,P0060
U0019,P0061
U0019,P0062
U0019,P0063
U0019,P0064
U0019,P0065
U0019,P0066
U0019,P0067
U0019,P0068
U0019,P0069
U0019,P0070
U0019,P0071
U0019,P0072
U0019,P0073
U0019,P0074
U0019,P0075
U0019,P0076
U0019,P0077
U0019,P0078
U0019,P0079
U0019,P0080
U0019,P0081
U0019,P0082
U0019,P0083
U0019,P0084
U0019,P0085
U0019,P0086
U0019,P0087
U0019,P0088
U0019,P0089
U0019,P0090
U0019,P0091
U0019,P0092
U0019,P0093
U0019,P0094
U0019,P0095
U0019,P0096
U0019,P0097
U0019,P0098
U0019,P0099
U0019,P0100
U0019,P0101
U0019,P0102
U0019,P0103
U0019,P0104
U0019,P0105
U0019,P0106
U0019,P0107
U0019,P0108
U0019,P0109
U0019,P0110
U0019,P0111
U0019,P0112
U0019,P0113
U0019,P0114
U0019,P0115
U0019,P0116
U0019,P0117
U0019,P0118
U0019,P0119
U0019,P0120
U0019,P0121
U0019,P0122
U0019,P0123
U0019,P0124
U0019,P0125
U0019,P0126
U0019,P0127
U0019,P0128
U0019,P0129
U0019,P0130
U0020,P0027
U0020,P0028
U0020,P0029
U0020,P0030
U0020,P0031
U0020,P0032
U0020,P0033
U0020,P0034
U0020,P0035
U0020,P0036
U0020,P0037
U0020,P0038
U0020,P0039
U0020,P0040
U0020,P0041
U0020,P0042
U0020,P0043
U0020,P0044
U0020,P0045
U0020,P0046
U0020,P0047
U0020,P0048
U0020,P0049
U0020,P0050
U0020,P0051
U0020,P0052
U0020,P0053
U0020,P0054
U0020,P0055
U0020,P0056
U0020,P0057
U0020,P0058
U0020,P0059
U0020,P0060
U0020,P0061
U0020,P0062
U0020,P0063
U0020,P0064
U0020,P0065
U0020,P0066
U0020,P0067
U0020,P0068
U0020,P0069
U0020,P0070
U0020,P0071
U0020,P0072
U0020,P0073
U0020,P0074
U0020,P0075
U0020,P0076
U0020,P0077
U0020,P0078
U0020,P0079
U0020,P0080
U0020,P0081
U0020,P0082
U0020,P0083
U0020,P0084
U0020,P0085
U0020,P0086
U0020,P0087
U0020,P0088
U0020,P0089
U0020,P0090
U0020,P0091
U0020,P0092
U0020,P0093
U0020,P0094
U0020,P0095
U0020,P0096
U0020,P0097
U0020,P0098
U0020,P0099
U0020,P0100
U0020,P0101
U0020,P0102
U0020,P0103
U0020,P0104
U0020,P0105
U0020,P0106
U0020,P0107
U0020,P0108
U0020,P0109
U0020,P0110
U0020,P0111
U0020,P0112
U0020,P0113
U0020,P0114
U0020,P0115
U0020,P0116
U0020,P0117
U0020,P0118
U0020,P0119
U0020,P0120
U0020,P0121
U0020,P0122
U0020,P0123
U0020,P0124
U0020,P0125
U0020,P0126
U0020,P0127
U0020,P0128
U0020,P0129
U0020,P0130
U0021,P0242
U0022,P0243
U0022,P0244
U0023,P0243
U0023,P0244
U0024,P0027
U0024,P0028
U0024,P0029
U0024,P0030
U0024,P0031
U0024,P0032
U0024,P0033
U0024,P0034
U0024,P0035
U0024,P0036
U0024,P0037
U0024,P0038
U0024,P0039
U0024,P0040
U0024,P0041
U0024,P0042
U0024,P0043
U0024,P0044
U0024,P0045
U0024,P0046
U0024,P0047
U0024,P0048
U0024,P0049
U0024,P0050
U0024,P0051
U0024,P0052
U0024,P0053
U0024,P0054
U0024,P0055
U0024,P0056
U0024,P0057
U0024,P0058
U0024,P0059
U0024,P0060
U0024,P0061
U0024,P0062
U0024,P0063
U0024,P0064
U0024,P0065
U0024,P0066
U0024,P0067
U0024,P0068
U0024,P0069
U0024,P0070
U0024,P0071
U0024,P0072
U0024,P0073
U0024,P0074
U0024,P0075
U0024,P0076
U0024,P0077
U0024,P0078
U0024,P0079
U0024,P0080
U0024,P0081
U0024,P0082
U0024,P0083
U0024,P0084
U0024,P0085
U0024,P0086
U0024,P0087
U0024,P0088
U0024,P0089
U0024,P0090
U0024,P0091
U0024,P0092
U0024,P0093
U0024,P0094
U0024,P0095
U0024,P0096
U0024,P0097
U0024,P0098
U0024,P0099
U0024,P0100
U0024,P0101
U0024,P0102
U0024,P0103
U0024,P0104
U0024,P0105
U0024,P0106
U0024,P0107
U0024,P0108
U0024,P0109
U0024,P0110
U0024,P0111
U0024,P0112
U0024,P0113
U0024,P0114
U0024,P0115
U0024,P0116
U0024,P0118
U0024,P0119
U0024,P0120
U0024,P0121
U0024,P0122
U0024,P0123
U0024,P0124
U0024,P0125
U0024,P0127
U0024,P0128
U0024,P0129
U0024,P0130
U0024,P0245
U0025,P0243
U0025,P0244
U0026,P0011
U0026,P0012
U0026,P0013
U0026,P0014
U0026,P0015
U0026,P0016
U0026,P0017
U0026,P0018
U0026,P0019
U0026,P0020
U0026,P0021
U0026,P0022
U0027,P0011
U0027,P0012
U0027,P0013
U0027,P0014
U0027,P0015
U0027,P0016
U0027,P0017
U0027,P0018
U0027,P0019
U0027,P0020
U0027,P0021
U0027,P0022
U0028,P0023
U0028,P0024
U0028,P0025
U0028,P0026
U0029,P0011
U0029,P0012
U0029,P0013
U0029,P0014
U0029,P0015
U0029,P0016
U0029,P0017
U0029,P0018
U0029,P0019
U0029,P0020
U0029,P0021
U0029,P0022
U0030,P0027
U0030,P0028
U0030,P0029
U0030,P0030
U0030,P0031
U0030,P0032
U0030,P0033
U0030,P0034
U0030,P0035
U0030,P0036
U0030,P0037
U0030,P0038
U0030,P0039
U0030,P0040
U0030,P0041
U0030,P0042
U0030,P0043
U0030,P0044
U0030,P0045
U0030,P0046
U0030,P0047
U0030,P0048
U0030,P0049
U0030,P0050
U0030,P0051
U0030,P0052
U0030,P0053
U0030,P0054
U0030,P0055
U0030,P0056
U0030,P0057
U0030,P0058
U0030,P0059
U0030,P0060
U0030,P0061
U0030,P0062
U0030,P0063
U0030,P0064
U0030,P0065
U0030,P0066
U0030,P0067
U0030,P0068
U0030,P0069
U0030,P0070
U0030,P0071
U0030,P0072
U0030,P0073
U0030,P0074
U0030,P0075
U0030,P0076
U0030,P0077
U0030,P0078
U0030,P0079
U0030,P0080
U0030,P0081
U0030,P0082
U0030,P0083
U0030,P0084
U0030,P0085
U0030,P0086
U0030,P0087
U0030,P0088
U0030,P0089
U0030,P0090
U0030,P0091
U0030,P0092
U0030,P0093
U0030,P0094
U0030,P0095
U0030,P0096
U0030,P0097
U0030,P0098
U0030,P0099
U0030,P0100
U0030,P0101
U0030,P0102
U0030,P0103
U0030,P0104
U0030,P0105
U0030,P0106
U0030,P0107
U0030,P0108
U0030,P0109
U0030,P0110
U0030,P0111
U0030,P0112
U0030,P0113
U0030,P0114
U0030,P0115
U0030,P0116
U0030,P0117
U0030,P0118
U0030,P0119
U0030,P0120
U0030,P0121
U0030,P0122
U0030,P0123
U0030,P0124
U0030,P0125
U0030,P0126
U0030,P0127
U0030,P0128
U0030,P0129
U0030,P0130
U0031,P0012
U0031,P0018
U0032,P0012
U0032,P0013
U0032,P0014
U0033,P0243
U0033,P0244
U0034,P0243
U0034,P0244
U0035,P0243
U0035,P0244
U0036,P0243
U0036,P0244
U0037,P0243
U0037,P0244
U0038,P0243
U0038,P0244
U0039,P0243
U0039,P0244
U0040,P0114
U0040,P0130
U0040,P0246
U0040,P0247
U0040,P0248
U0040,P0249
U0040,P0250
U0041,P0015
U0041,P0016
U0041,P0017
U0041,P0018
U0041,P0019
U0041,P0020
U0041,P0021
U0041,P0022
U0042,P0243
U0042,P0244
U0043,P0023
U0043,P0024
U0043,P0025
U0043,P0026
U0044,P0246
U0044,P0247
U0044,P0248
U0044,P0249
U0044,P0250
U0044,P0251
U0044,P0252
U0044,P0253
U0045,P0246
U0045,P0247
U0045,P0248
U0045,P0249
U0045,P0250
U0045,P0251
U0045,P0252
U0045,P0254
U0045,P0255
U0045,P0256
U0045,P0257
U0045,P0258
U0045,P0259
U0046,P0246
U0046,P0247
U0046,P0248
U0046,P0249
U0046,P0250
U0046,P0251
U0046,P0252
U0046,P0253
U0047,P0114
U0047,P0130
U0047,P0246
U0047,P0247
U0047,P0248
U0047,P0249
U0047,P0250
U0048,P0246
U0048,P0247
U0048,P0248
U0048,P0249
U0048,P0250
U0048,P0251
U0048,P0252
U0048,P0253
U0049,P0029
U0049,P0032
U0049,P0033
U0049,P0034
U0049,P0035
U0049,P0036
U0049,P0037
U0049,P0038
U0049,P0039
U0049,P0040
U0049,P0041
U0049,P0042
U0049,P0043
U0049,P0044
U0049,P0045
U0049,P0046
U0049,P0047
U0049,P0048
U0049,P0049
U0049,P0050
U0049,P0051
U0049,P0052
U0049,P0053
U0049,P0054
U0049,P0055
U0049,P0056
U0049,P0057
U0049,P0058
U0049,P0059
U0049,P0060
U0049,P0061
U0049,P0062
U0049,P0063
U0049,P0064
U0049,P0065
U0049,P0066
U0049,P0067
U0049,P0068
U0049,P0069
U0049,P0070
U0049,P0071
U0049,P0072
U0049,P0073
U0049,P0074
U0049,P0075
U0049,P0076
U0049,P0077
U0049,P0078
U0049,P0079
U0049,P0080
U0049,P0081
U0049,P0082
U0049,P0088
U0049,P0089
U0049,P0090
U0049,P0091
U0049,P0092
U0049,P0093
U0049,P0095
U0049,P0096
U0049,P0097
U0049,P0098
U0049,P0099
U0049,P0100
U0049,P0101
U0049,P0102
U0050,P0029
U0050,P0032
U0050,P0033
U0050,P0034
U0050,P0035
U0050,P0036
U0050,P0037
U0050,P0038
U0050,P0039
U0050,P0040
U0050,P0041
U0050,P0042
U0050,P0043
U0050,P0044
U0050,P0045
U0050,P0046
U0050,P0047
U0050,P0048
U0050,P0049
U0050,P0050
U0050,P0051
U0050,P0052
U0050,P0053
U0050,P0054
U0050,P0055
U0050,P0056
U0050,P0057
U0050,P0058
U0050,P0059
U0050,P0060
U0050,P0061
U0050,P0062
U0050,P0063
U0050,P0064
U0050,P0065
U0050,P0066
U0050,P0067
U0050,P0068
U0050,P0069
U0050,P0070
U0050,P0071
U0050,P0072
U0050,P0073
U0050,P0074
U0050,P0075
U0050,P0076
U0050,P0077
U0050,P0078
U0050,P0079
U0050,P0080
U0050,P0081
U0050,P0082
U0050,P0088
U0050,P0089
U0050,P0090
U0050,P0091
U0050,P0092
U0050,P0093
U0050,P0095
U0050,P0096
U0050,P0097
U0050,P0098
U0050,P0099
U0050,P0100
U0050,P0101
U0050,P0102
U0050,P0260
U0050,P0261
U0051,P0029
U0051,P0032
U0051,P0033
U0051,P0034
U0051,P0035
U0051,P0036
U0051,P0037
U0051,P0038
U0051,P0039
U0051,P0040
U0051,P0041
U0051,P0042
U0051,P0043
U0051,P0044
U0051,P0045
U0051,P0046
U0051,P0047
U0051,P0048
U0051,P0049
U0051,P0050
U0051,P0051
U0051,P0052
U0051,P0053
U0051,P0054
U0051,P0055
U0051,P0056
U0051,P0057
U0051,P0058
U0051,P0059
U0051,P0060
U0051,P0061
U0051,P0062
U0051,P0063
U0051,P0064
U0051,P0065
U0051,P0066
U0051,P0067
U0051,P0068
U0051,P0069
U0051,P0070
U0051,P0071
U0051,P0072
U0051,P0073
U0051,P0074
U0051,P0075
U0051,P0076
U0051,P0077
U0051,P0078
U0051,P0079
U0051,P0080
U0051,P0081
U0051,P0082
U0051,P0088
U0051,P0089
U0051,P0090
U0051,P0091
U0051,P0092
U0051,P0093
U0051,P0095
U0051,P0096
U0051,P0097
U0051,P0098
U0051,P0099
U0051,P0100
U0051,P0101
U0051,P0102
U0052,P0029
U0052,P0032
U0052,P0033
U0052,P0034
U0052,P0035
U0052,P0036
U0052,P0037
U0052,P0038
U0052,P0039
U0052,P0040
U0052,P0041
U0052,P0042
U0052,P0043
U0052,P0044
U0052,P0045
U0052,P0046
U0052,P0047
U0052,P0048
U0052,P0049
U0052,P0050
U0052,P0051
U0052,P0052
U0052,P0053
U0052,P0054
U0052,P0055
U0052,P0056
U0052,P0057
U0052,P0058
U0052,P0059
U0052,P0060
U0052,P0061
U0052,P0062
U0052,P0063
U0052,P0064
U0052,P0065
U0052,P0066
U0052,P0067
U0052,P0068
U0052,P0069
U0052,P0070
U0052,P0071
U0052,P0072
U0052,P0073
U0052,P0074
U0052,P0075
U0052,P0076
U0052,P0077
U0052,P0078
U0052,P0079
U0052,P0080
U0052,P0081
U0052,P0082
U0052,P0088
U0052,P0089
U0052,P0090
U0052,P0091
U0052,P0092
U0052,P0093
U0052,P0095
U0052,P0096
U0052,P0097
U0052,P0098
U0052,P0099
U0052,P0100
U0052,P0101
U0052,P0102
U0053,P0029
U0053,P0032
U0053,P0033
U0053,P0034
U0053,P0035
U0053,P0036
U0053,P0037
U0053,P0038
U0053,P0039
U0053,P0040
U0053,P0041
U0053,P0042
U0053,P0043
U0053,P0044
U0053,P0045
U0053,P0046
U0053,P0047
U0053,P0048
U0053,P0049
U0053,P0050
U0053,P0051
U0053,P0052
U0053,P0053
U0053,P0054
U0053,P0055
U0053,P0056
U0053,P0057
U0053,P0058
U0053,P0059
U0053,P0060
U0053,P0061
U0053,P0062
U0053,P0063
U0053,P0064
U0053,P0065
U0053,P0066
U0053,P0067
U0053,P0068
U0053,P0069
U0053,P0070
U0053,P0071
U0053,P0072
U0053,P0073
U0053,P0074
U0053,P0075
U0053,P0076
U0053,P0077
U0053,P0078
U0053,P0079
U0053,P0080
U0053,P0081
U0053,P0082
U0053,P0088
U0053,P0089
U0053,P0090
U0053,P0091
U0053,P0092
U0053,P0093
U0053,P0095
U0053,P0096
U0053,P0097
U0053,P0098
U0053,P0099
U0053,P0100
U0053,P0101
U0053,P0102
U0053,P0126
U0053,P0262
U0054,P0029
U0054,P0032
U0054,P0033
U0054,P0034
U0054,P0035
U0054,P0036
U0054,P0037
U0054,P0038
U0054,P0039
U0054,P0040
U0054,P0041
U0054,P0042
U0054,P0043
U0054,P0044
U0054,P0045
U0054,P0046
U0054,P0047
U0054,P0048
U0054,P0049
U0054,P0050
U0054,P0051
U0054,P0052
U0054,P0053
U0054,P0054
U0054,P0055
U0054,P0056
U0054,P0057
U0054,P0058
U0054,P0059
U0054,P0060
U0054,P0061
U0054,P0062
U0054,P0063
U0054,P0064
U0054,P0065
U0054,P0066
U0054,P0067
U0054,P0068
U0054,P0069
U0054,P0070
U0054,P0071
U0054,P0072
U0054,P0073
U0054,P0074
U0054,P0075
U0054,P0076
U0054,P0077
U0054,P0078
U0054,P0079
U0054,P0080
U0054,P0081
U0054,P0082
U0054,P0088
U0054,P0089
U0054,P0090
U0054,P0091
U0054,P0092
U0054,P0093
U0054,P0095
U0054,P0096
U0054,P0097
U0054,P0098
U0054,P0099
U0054,P0100
U0054,P0101
U0054,P0102
U0055,P0029
U0055,P0032
U0055,P0033
U0055,P0034
U0055,P0035
U0055,P0036
U0055,P0037
U0055,P0038
U0055,P0039
U0055,P0040
U0055,P0041
U0055,P0042
U0055,P0043
U0055,P0044
U0055,P0045
U0055,P0046
U0055,P0047
U0055,P0048
U0055,P0049
U0055,P0050
U0055,P0051
U0055,P0052
U0055,P0053
U0055,P0054
U0055,P0055
U0055,P0056
U0055,P0057
U0055,P0058
U0055,P0059
U0055,P0060
U0055,P0061
U0055,P0062
U0055,P0063
U0055,P0064
U0055,P0065
U0055,P0066
U0055,P0067
U0055,P0068
U0055,P0069
U0055,P0070
U0055,P0071
U0055,P0072
U0055,P0073
U0055,P0074
U0055,P0075
U0055,P0076
U0055,P0077
U0055,P0078
U0055,P0079
U0055,P0080
U0055,P0081
U0055,P0082
U0055,P0088
U0055,P0089
U0055,P0090
U0055,P0091
U0055,P0092
U0055,P0093
U0055,P0095
U0055,P0096
U0055,P0097
U0055,P0098
U0055,P0099
U0055,P0100
U0055,P0101
U0055,P0102
U0055,P0115
U0055,P0116
U0055,P0117
U0055,P0118
U0055,P0119
U0055,P0120
U0055,P0121
U0055,P0122
U0055,P0123
U0055,P0124
U0055,P0125
U0055,P0126
U0055,P0127
U0055,P0128
U0055,P0129
U0056,P0012
U0056,P0018
U0056,P0029
U0056,P0032
U0056,P0033
U0056,P0034
U0056,P0035
U0056,P0036
U0056,P0037
U0056,P0038
U0056,P0039
U0056,P0040
U0056,P0041
U0056,P0042
U0056,P0043
U0056,P0044
U0056,P0045
U0056,P0046
U0056,P0047
U0056,P0048
U0056,P0049
U0056,P0050
U0056,P0051
U0056,P0052
U0056,P0053
U0056,P0054
U0056,P0055
U0056,P0056
U0056,P0057
U0056,P0058
U0056,P0059
U0056,P0060
U0056,P0061
U0056,P0062
U0056,P0063
U0056,P0064
U0056,P0065
U0056,P0066
U0056,P0067
U0056,P0068
U0056,P0069
U0056,P0070
U0056,P0071
U0056,P0072
U0056,P0073
U0056,P0074
U0056,P0075
U0056,P0076
U0056,P0077
U0056,P0078
U0056,P0079
U0056,P0080
U0056,P0081
U0056,P0082
U0056,P0088
U0056,P0089
U0056,P0090
U0056,P0091
U0056,P0092
U0056,P0093
U0056,P0095
U0056,P0096
U0056,P0097
U0056,P0098
U0056,P0099
U0056,P0100
U0056,P0101
U0056,P0102
U0056,P0115
U0056,P0116
U0056,P0117
U0056,P0118
U0056,P0119
U0056,P0120
U0056,P0121
U0056,P0122
U0056,P0123
U0056,P0124
U0056,P0125
U0056,P0126
U0056,P0127
U0056,P0128
U0056,P0129
U0056,P0151
U0056,P0152
U0056,P0171
U0056,P0246
U0056,P0247
U0056,P0248
U0056,P0249
U0056,P0250
U0056,P0251
U0056,P0252
U0056,P0254
U0056,P0255
U0056,P0256
U0056,P0257
U0056,P0258
U0056,P0259
U0057,P0114
U0057,P0130
U0057,P0246
U0057,P0247
U0057,P0248
U0057,P0249
U0057,P0250
U0058,P0029
U0058,P0032
U0058,P0033
U0058,P0034
U0058,P0035
U0058,P0036
U0058,P0037
U0058,P0038
U0058,P0039
U0058,P0040
U0058,P0041
U0058,P0042
U0058,P0043
U0058,P0044
U0058,P0045
U0058,P0046
U0058,P0047
U0058,P0048
U0058,P0049
U0058,P0050
U0058,P0051
U0058,P0052
U0058,P0053
U0058,P0054
U0058,P0055
U0058,P0056
U0058,P0057
U0058,P0058
U0058,P0059
U0058,P0060
U0058,P0061
U0058,P0062
U0058,P0063
U0058,P0064
U0058,P0065
U0058,P0066
U0058,P0067
U0058,P0068
U0058,P0069
U0058,P0070
U0058,P0071
U0058,P0072
U0058,P0073
U0058,P0074
U0058,P0075
U0058,P0076
U0058,P0077
U0058,P0078
U0058,P0079
U0058,P0080
U0058,P0081
U0058,P0082
U0058,P0088
U0058,P0089
U0058,P0090
U0058,P0091
U0058,P0092
U0058,P0093
U0058,P0095
U0058,P0096
U0058,P0097
U0058,P0098
U0058,P0099
U0058,P0100
U0058,P0101
U0058,P0102
U0058,P0115
U0058,P0116
U0058,P0117
U0058,P0118
U0058,P0119
U0058,P0120
U0058,P0121
U0058,P0122
U0058,P0123
U0058,P0124
U0058,P0125
U0058,P0126
U0058,P0127
U0058,P0128
U0058,P0129
U0059,P0012
U0059,P0018
U0059,P0029
U0059,P0032
U0059,P0033
U0059,P0034
U0059,P0035
U0059,P0036
U0059,P0037
U0059,P0038
U0059,P0039
U0059,P0040
U0059,P0041
U0059,P0042
U0059,P0043
U0059,P0044
U0059,P0045
U0059,P0046
U0059,P0047
U0059,P0048
U0059,P0049
U0059,P0050
U0059,P0051
U0059,P0052
U0059,P0053
U0059,P0054
U0059,P0055
U0059,P0056
U0059,P0057
U0059,P0058
U0059,P0059
U0059,P0060
U0059,P0061
U0059,P0062
U0059,P0063
U0059,P0064
U0059,P0065
U0059,P0066
U0059,P0067
U0059,P0068
U0059,P0069
U0059,P0070
U0059,P0071
U0059,P0072
U0059,P0073
U0059,P0074
U0059,P0075
U0059,P0076
U0059,P0077
U0059,P0078
U0059,P0079
U0059,P0080
U0059,P0081
U0059,P0082
U0059,P0088
U0059,P0089
U0059,P0090
U0059,P0091
U0059,P0092
U0059,P0093
U0059,P0095
U0059,P0096
U0059,P0097
U0059,P0098
U0059,P0099
U0059,P0100
U0059,P0101
U0059,P0102
U0059,P0115
U0059,P0116
U0059,P0117
U0059,P0118
U0059,P0119
U0059,P0120
U0059,P0121
U0059,P0122
U0059,P0123
U0059,P0124
U0059,P0125
U0059,P0126
U0059,P0127
U0059,P0128
U0059,P0129
U0059,P0151
U0059,P0152
U0059,P0246
U0059,P0247
U0059,P0248
U0059,P0249
U0059,P0250
U0059,P0251
U0059,P0252
U0059,P0253
U0060,P0029
U0060,P0032
U0060,P0033
U0060,P0034
U0060,P0035
U0060,P0036
U0060,P0037
U0060,P0038
U0060,P0039
U0060,P0040
U0060,P0041
U0060,P0042
U0060,P0043
U0060,P0044
U0060,P0045
U0060,P0046
U0060,P0047
U0060,P0048
U0060,P0049
U0060,P0050
U0060,P0051
U0060,P0052
U0060,P0053
U0060,P0054
U0060,P0055
U0060,P0056
U0060,P0057
U0060,P0058
U0060,P0059
U0060,P0060
U0060,P0061
U0060,P0062
U0060,P0063
U0060,P0064
U0060,P0065
U0060,P0067
U0060,P0068
U0060,P0069
U0060,P0070
U0060,P0071
U0060,P0072
U0060,P0073
U0060,P0074
U0060,P0075
U0060,P0076
U0060,P0077
U0060,P0078
U0060,P0079
U0060,P0080
U0060,P0081
U0060,P0082
U0060,P0088
U0060,P0089
U0060,P0090
U0060,P0091
U0060,P0092
U0060,P0093
U0060,P0095
U0060,P0096
U0060,P0097
U0060,P0098
U0060,P0099
U0060,P0100
U0060,P0101
U0060,P0102
U0060,P0115
U0060,P0116
U0060,P0117
U0060,P0118
U0060,P0119
U0060,P0120
U0060,P0121
U0060,P0122
U0060,P0123
U0060,P0124
U0060,P0125
U0060,P0126
U0060,P0127
U0060,P0128
U0060,P0129
U0061,P0029
U0061,P0032
U0061,P0033
U0061,P0034
U0061,P0035
U0061,P0036
U0061,P0037
U0061,P0039
U0061,P0040
U0061,P0041
U0061,P0042
U0061,P0043
U0061,P0044
U0061,P0045
U0061,P0046
U0061,P0047
U0061,P0048
U0061,P0049
U0061,P0050
U0061,P0051
U0061,P0052
U0061,P0053
U0061,P0054
U0061,P0055
U0061,P0056
U0061,P0057
U0061,P0058
U0061,P0059
U0061,P0060
U0061,P0061
U0061,P0062
U0061,P0063
U0061,P0064
U0061,P0065
U0061,P0066
U0061,P0067
U0061,P0068
U0061,P0069
U0061,P0070
U0061,P0071
U0061,P0072
U0061,P0073
U0061,P0074
U0061,P0075
U0061,P0076
U0061,P0077
U0061,P0078
U0061,P0079
U0061,P0080
U0061,P0081
U0061,P0082
U0061,P0088
U0061,P0089
U0061,P0090
U0061,P0091
U0061,P0092
U0061,P0093
U0061,P0095
U0061,P0096
U0061,P0097
U0061,P0098
U0061,P0099
U0061,P0100
U0061,P0101
U0061,P0102
U0062,P0260
U0062,P0261
U0063,P0242
U0064,P0012
U0064,P0114
U0064,P0130
U0064,P0263
U0064,P0264
U0064,P0265
U0064,P0266
U0064,P0267
U0065,P0012
U0065,P0017
U0065,P0018
U0065,P0114
U0065,P0130
U0065,P0151
U0065,P0152
U0065,P0263
U0065,P0264
U0065,P0265
U0065,P0266
U0065,P0267
U0065,P0268
U0066,P0012
U0066,P0017
U0066,P0018
U0066,P0114
U0066,P0130
U0066,P0151
U0066,P0152
U0066,P0263
U0066,P0264
U0066,P0265
U0066,P0266
U0066,P0267
U0066,P0268
U0067,P0012
U0067,P0114
U0067,P0130
U0067,P0263
U0067,P0264
U0067,P0265
U0067,P0266
U0067,P0267
U0068,P0012
U0068,P0114
U0068,P0130
U0068,P0263
U0068,P0264
U0068,P0265
U0068,P0266
U0068,P0267
U0068,P0269
U0068,P0270
U0068,P0271
U0068,P0272
U0069,P0073
U0069,P0074
U0069,P0075
U0069,P0076
U0069,P0207
U0069,P0273
U0069,P0274
U0069,P0275
U0069,P0276
U0070,P0012
U0070,P0114
U0070,P0130
U0070,P0263
U0070,P0264
U0070,P0265
U0070,P0266
U0070,P0267
U0071,P0012
U0071,P0114
U0071,P0130
U0071,P0263
U0071,P0264
U0071,P0265
U0071,P0266
U0071,P0267
U0071,P0277
U0072,P0012
U0072,P0114
U0072,P0130
U0072,P0263
U0072,P0264
U0072,P0265
U0072,P0266
U0072,P0267
U0073,P0012
U0073,P0114
U0073,P0130
U0073,P0263
U0073,P0264
U0073,P0265
U0073,P0266
U0073,P0267
U0073,P0278
U0074,P0012
U0074,P0114
U0074,P0130
U0074,P0263
U0074,P0264
U0074,P0265
U0074,P0266
U0074,P0267
U0075,P0012
U0075,P0114
U0075,P0130
U0075,P0263
U0075,P0264
U0075,P0265
U0075,P0266
U0075,P0267
U0075,P0277
U0076,P0012
U0076,P0114
U0076,P0130
U0076,P0263
U0076,P0264
U0076,P0265
U0076,P0266
U0076,P0267
U0077,P0012
U0077,P0114
U0077,P0130
U0077,P0263
U0077,P0264
U0077,P0265
U0077,P0266
U0077,P0267
U0077,P0279
U0078,P0012
U0078,P0114
U0078,P0130
U0078,P0263
U0078,P0264
U0078,P0265
U0078,P0266
U0078,P0267
U0079,P0012
U0079,P0114
U0079,P0130
U0079,P0263
U0079,P0264
U0079,P0265
U0079,P0266
U0079,P0267
U0079,P0278
U0079,P0280
U0080,P0281
U0081,P0012
U0081,P0114
U0081,P0130
U0081,P0263
U0081,P0264
U0081,P0265
U0081,P0266
U0081,P0267
U0082,P0012
U0082,P0114
U0082,P0130
U0082,P0263
U0082,P0264
U0082,P0265
U0082,P0266
U0082,P0267
U0082,P0269
U0082,P0270
U0082,P0271
U0082,P0272
U0083,P0012
U0083,P0114
U0083,P0130
U0083,P0263
U0083,P0264
U0083,P0265
U0083,P0266
U0083,P0267
U0084,P0012
U0084,P0114
U0084,P0130
U0084,P0263
U0084,P0264
U0084,P0265
U0084,P0266
U0084,P0267
U0084,P0278
U0085,P0012
U0085,P0114
U0085,P0130
U0085,P0263
U0085,P0264
U0085,P0265
U0085,P0266
U0085,P0267
U0086,P0012
U0086,P0114
U0086,P0130
U0086,P0263
U0086,P0264
U0086,P0265
U0086,P0266
U0086,P0267
U0086,P0278
U0087,P0012
U0087,P0114
U0087,P0130
U0087,P0263
U0087,P0264
U0087,P0265
U0087,P0266
U0087,P0267
U0088,P0012
U0088,P0114
U0088,P0130
U0088,P0133
U0088,P0263
U0088,P0264
U0088,P0265
U0088,P0266
U0088,P0267
U0088,P0277
U0089,P0012
U0089,P0114
U0089,P0130
U0089,P0133
U0089,P0263
U0089,P0264
U0089,P0265
U0089,P0266
U0089,P0267
U0089,P0277
U0089,P0280
U0090,P0012
U0090,P0114
U0090,P0130
U0090,P0133
U0090,P0263
U0090,P0264
U0090,P0265
U0090,P0266
U0090,P0267
U0090,P0277
U0091,P0012
U0091,P0114
U0091,P0130
U0091,P0133
U0091,P0263
U0091,P0264
U0091,P0265
U0091,P0266
U0091,P0267
U0091,P0277
U0091,P0280
U0092,P0012
U0092,P0114
U0092,P0130
U0092,P0263
U0092,P0264
U0092,P0265
U0092,P0266
U0092,P0267
U0093,P0012
U0093,P0114
U0093,P0130
U0093,P0263
U0093,P0264
U0093,P0265
U0093,P0266
U0093,P0267
U0094,P0012
U0094,P0114
U0094,P0130
U0094,P0264
U0094,P0265
U0094,P0266
U0094,P0267
U0095,P0114
U0095,P0130
U0095,P0263
U0095,P0264
U0095,P0265
U0095,P0266
U0095,P0267
U0096,P0114
U0096,P0130
U0096,P0263
U0096,P0264
U0096,P0265
U0096,P0266
U0096,P0267
U0097,P0114
U0097,P0130
U0097,P0263
U0097,P0264
U0097,P0265
U0097,P0266
U0097,P0267
U0098,P0269
U0098,P0270
U0098,P0271
U0098,P0272
U0099,P0027
U0099,P0028
U0099,P0029
U0099,P0030
U0099,P0031
U0099,P0032
U0099,P0033
U0099,P0034
U0099,P0035
U0099,P0036
U0099,P0037
U0099,P0038
U0099,P0039
U0099,P0040
U0099,P0041
U0099,P0042
U0099,P0043
U0099,P0044
U0099,P0045
U0099,P0046
U0099,P0047
U0099,P0048
U0099,P0049
U0099,P0050
U0099,P0051
U0099,P0052
U0099,P0053
U0099,P0054
U0099,P0055
U0099,P0056
U0099,P0057
U0099,P0058
U0099,P0059
U0099,P0060
U0099,P0061
U0099,P0062
U0099,P0063
U0099,P0064
U0099,P0065
U0099,P0066
U0099,P0067
U0099,P0068
U0099,P0069
U0099,P0070
U0099,P0071
U0099,P0072
U0099,P0073
U0099,P0074
U0099,P0075
U0099,P0076
U0099,P0077
U0099,P0078
U0099,P0079
U0099,P0080
U0099,P0081
U0099,P0082
U0099,P0083
U0099,P0084
U0099,P0085
U0099,P0086
U0099,P0087
U0099,P0088
U0099,P0089
U0099,P0090
U0099,P0091
U0099,P0092
U0099,P0093
U0099,P0094
U0099,P0095
U0099,P0096
U0099,P0097
U0099,P0098
U0099,P0099
U0099,P0100
U0099,P0101
U0099,P0102
U0099,P0103
U0099,P0104
U0099,P0105
U0099,P0106
U0099,P0107
U0099,P0108
U0099,P0109
U0099,P0110
U0099,P0111
U0099,P0112
U0099,P0113
U0099,P0114
U0099,P0115
U0099,P0116
U0099,P0117
U0099,P0118
U0099,P0119
U0099,P0120
U0099,P0121
U0099,P0122
U0099,P0123
U0099,P0124
U0099,P0125
U0099,P0126
U0099,P0127
U0099,P0128
U0099,P0129
U0099,P0130
U0099,P0246
U0099,P0247
U0099,P0248
U0099,P0249
U0099,P0250
U0100,P0027
U0100,P0028
U0100,P0029
U0100,P0030
U0100,P0031
U0100,P0032
U0100,P0033
U0100,P0034
U0100,P0035
U0100,P0036
U0100,P0037
U0100,P0038
U0100,P0039
U0100,P0040
U0100,P0041
U0100,P0042
U0100,P0043
U0100,P0044
U0100,P0045
U0100,P0046
U0100,P0047
U0100,P0048
U0100,P0049
U0100,P0050
U0100,P0051
U0100,P0052
U0100,P0053
U0100,P0054
U0100,P0055
U0100,P0056
U0100,P0057
U0100,P0058
U0100,P0059
U0100,P0060
U0100,P0061
U0100,P0062
U0100,P0063
U0100,P0064
U0100,P0065
U0100,P0066
U0100,P0067
U0100,P0068
U0100,P0069
U0100,P0070
U0100,P0071
U0100,P0072
U0100,P0073
U0100,P0074
U0100,P0075
U0100,P0076
U0100,P0077
U0100,P0078
U0100,P0079
U0100,P0080
U0100,P0081
U0100,P0082
U0100,P0083
U0100,P0084
U0100,P0085
U0100,P0086
U0100,P0087
U0100,P0088
U0100,P0089
U0100,P0090
U0100,P0091
U0100,P0092
U0100,P0093
U0100,P0094
U0100,P0095
U0100,P0096
U0100,P0097
U0100,P0098
U0100,P0099
U0100,P0100
U0100,P0101
U0100,P0102
U0100,P0103
U0100,P0104
U0100,P0105
U0100,P0106
U0100,P0107
U0100,P0108
U0100,P0109
U0100,P0110
U0100,P0111
U0100,P0112
U0100,P0113
U0100,P0114
U0100,P0115
U0100,P0116
U0100,P0117
U0100,P0118
U0100,P0119
U0100,P0120
U0100,P0121
U0100,P0122
U0100,P0123
U0100,P0124
U0100,P0125
U0100,P0126
U0100,P0127
U0100,P0128
U0100,P0129
U0100,P0130
U0100,P0246
U0100,P0247
U0100,P0248
U0100,P0249
U0100,P0250
U0100,P0282
U0100,P0283
U0101,P0027
U0101,P0028
U0101,P0029
U0101,P0030
U0101,P0031
U0101,P0032
U0101,P0033
U0101,P0034
U0101,P0035
U0101,P0036
U0101,P0037
U0101,P0038
U0101,P0039
U0101,P0040
U0101,P0041
U0101,P0042
U0101,P0043
U0101,P0044
U0101,P0045
U0101,P0046
U0101,P0047
U0101,P0048
U0101,P0049
U0101,P0050
U0101,P0051
U0101,P0052
U0101,P0053
U0101,P0054
U0101,P0055
U0101,P0056
U0101,P0057
U0101,P0058
U0101,P0059
U0101,P0060
U0101,P0061
U0101,P0062
U0101,P0063
U0101,P0064
U0101,P0065
U0101,P0066
U0101,P0067
U0101,P0068
U0101,P0069
U0101,P0070
U0101,P0071
U0101,P0072
U0101,P0073
U0101,P0074
U0101,P0075
U0101,P0076
U0101,P0077
U0101,P0078
U0101,P0079
U0101,P0080
U0101,P0081
U0101,P0082
U0101,P0083
U0101,P0084
U0101,P0085
U0101,P0086
U0101,P0087
U0101,P0088
U0101,P0089
U0101,P0090
U0101,P0091
U0101,P0092
U0101,P0093
U0101,P0094
U0101,P0095
U0101,P0096
U0101,P0097
U0101,P0098
U0101,P0099
U0101,P0100
U0101,P0101
U0101,P0102
U0101,P0103
U0101,P0104
U0101,P0105
U0101,P0106
U0101,P0107
U0101,P0108
U0101,P0109
U0101,P0110
U0101,P0111
U0101,P0112
U0101,P0113
U0101,P0114
U0101,P0115
U0101,P0116
U0101,P0117
U0101,P0118
U0101,P0119
U0101,P0120
U0101,P0121
U0101,P0122
U0101,P0123
U0101,P0124
U0101,P0125
U0101,P0126
U0101,P0127
U0101,P0128
U0101,P0129
U0101,P0130
U0101,P0246
U0101,P0247
U0101,P0248
U0101,P0249
U0101,P0250
U0101,P0282
U0101,P0283
U0102,P0027
U0102,P0028
U0102,P0029
U0102,P0030
U0102,P0031
U0102,P0032
U0102,P0033
U0102,P0034
U0102,P0035
U0102,P0036
U0102,P0037
U0102,P0038
U0102,P0039
U0102,P0040
U0102,P0041
U0102,P0042
U0102,P0043
U0102,P0044
U0102,P0045
U0102,P0046
U0102,P0047
U0102,P0048
U0102,P0049
U0102,P0050
U0102,P0051
U0102,P0052
U0102,P0053
U0102,P0054
U0102,P0055
U0102,P0056
U0102,P0057
U0102,P0058
U0102,P0059
U0102,P0060
U0102,P0061
U0102,P0062
U0102,P0063
U0102,P0064
U0102,P0065
U0102,P0066
U0102,P0067
U0102,P0068
U0102,P0069
U0102,P0070
U0102,P0071
U0102,P0072
U0102,P0073
U0102,P0074
U0102,P0075
U0102,P0076
U0102,P0077
U0102,P0078
U0102,P0079
U0102,P0080
U0102,P0081
U0102,P0082
U0102,P0083
U0102,P0084
U0102,P0085
U0102,P0086
U0102,P0087
U0102,P0088
U0102,P0089
U0102,P0090
U0102,P0091
U0102,P0092
U0102,P0093
U0102,P0094
U0102,P0095
U0102,P0096
U0102,P0097
U0102,P0098
U0102,P0099
U0102,P0100
U0102,P0101
U0102,P0102
U0102,P0103
U0102,P0104
U0102,P0105
U0102,P0106
U0102,P0107
U0102,P0108
U0102,P0109
U0102,P0110
U0102,P0111
U0102,P0112
U0102,P0113
U0102,P0114
U0102,P0115
U0102,P0116
U0102,P0117
U0102,P0118
U0102,P0119
U0102,P0120
U0102,P0121
U0102,P0122
U0102,P0123
U0102,P0124
U0102,P0125
U0102,P0126
U0102,P0127
U0102,P0128
U0102,P0129
U0102,P0130
U0102,P0246
U0102,P0247
U0102,P0248
U0102,P0249
U0102,P0250
U0103,P0027
U0103,P0028
U0103,P0029
U0103,P0030
U0103,P0031
U0103,P0032
U0103,P0033
U0103,P0034
U0103,P0035
U0103,P0036
U0103,P0037
U0103,P0038
U0103,P0039
U0103,P0040
U0103,P0041
U0103,P0042
U0103,P0043
U0103,P0044
U0103,P0045
U0103,P0046
U0103,P0047
U0103,P0048
U0103,P0049
U0103,P0050
U0103,P0051
U0103,P0052
U0103,P0053
U0103,P0054
U0103,P0055
U0103,P0056
U0103,P0057
U0103,P0058
U0103,P0059
U0103,P0060
U0103,P0061
U0103,P0062
U0103,P0063
U0103,P0064
U0103,P0065
U0103,P0066
U0103,P0067
U0103,P0068
U0103,P0069
U0103,P0070
U0103,P0071
U0103,P0072
U0103,P0073
U0103,P0074
U0103,P0075
U0103,P0076
U0103,P0077
U0103,P0078
U0103,P0079
U0103,P0080
U0103,P0081
U0103,P0082
U0103,P0083
U0103,P0084
U0103,P0085
U0103,P0086
U0103,P0087
U0103,P0088
U0103,P0089
U0103,P0090
U0103,P0091
U0103,P0092
U0103,P0093
U0103,P0094
U0103,P0095
U0103,P0096
U0103,P0097
U0103,P0098
U0103,P0099
U0103,P0100
U0103,P0101
U0103,P0102
U0103,P0103
U0103,P0104
U0103,P0105
U0103,P0106
U0103,P0107
U0103,P0108
U0103,P0109
U0103,P0110
U0103,P0111
U0103,P0112
U0103,P0113
U0103,P0114
U0103,P0115
U0103,P0116
U0103,P0117
U0103,P0118
U0103,P0119
U0103,P0120
U0103,P0121
U0103,P0122
U0103,P0123
U0103,P0124
U0103,P0125
U0103,P0126
U0103,P0127
U0103,P0128
U0103,P0129
U0103,P0130
U0103,P0246
U0103,P0247
U0103,P0248
U0103,P0249
U0103,P0250
U0103,P0251
U0103,P0252
U0103,P0253
U0104,P0027
U0104,P0028
U0104,P0029
U0104,P0030
U0104,P0031
U0104,P0032
U0104,P0033
U0104,P0034
U0104,P0035
U0104,P0036
U0104,P0037
U0104,P0038
U0104,P0039
U0104,P0040
U0104,P0041
U0104,P0042
U0104,P0043
U0104,P0044
U0104,P0045
U0104,P0046
U0104,P0047
U0104,P0048
U0104,P0049
U0104,P0050
U0104,P0051
U0104,P0052
U0104,P0053
U0104,P0054
U0104,P0055
U0104,P0056
U0104,P0057
U0104,P0058
U0104,P0059
U0104,P0060
U0104,P0061
U0104,P0062
U0104,P0063
U0104,P0064
U0104,P0065
U0104,P0066
U0104,P0067
U0104,P0068
U0104,P0069
U0104,P0070
U0104,P0071
U0104,P0072
U0104,P0073
U0104,P0074
U0104,P0075
U0104,P0076
U0104,P0077
U0104,P0078
U0104,P0079
U0104,P0080
U0104,P0081
U0104,P0082
U0104,P0083
U0104,P0084
U0104,P0085
U0104,P0086
U0104,P0087
U0104,P0088
U0104,P0089
U0104,P0090
U0104,P0091
U0104,P0092
U0104,P0093
U0104,P0094
U0104,P0095
U0104,P0096
U0104,P0097
U0104,P0098
U0104,P0099
U0104,P0100
U0104,P0101
U0104,P0102
U0104,P0103
U0104,P0104
U0104,P0105
U0104,P0106
U0104,P0107
U0104,P0108
U0104,P0109
U0104,P0110
U0104,P0111
U0104,P0112
U0104,P0113
U0104,P0114
U0104,P0115
U0104,P0116
U0104,P0117
U0104,P0118
U0104,P0119
U0104,P0120
U0104,P0121
U0104,P0122
U0104,P0123
U0104,P0124
U0104,P0125
U0104,P0126
U0104,P0127
U0104,P0128
U0104,P0129
U0104,P0130
U0104,P0246
U0104,P0247
U0104,P0248
U0104,P0249
U0104,P0250
U0105,P0002
U0105,P0027
U0105,P0028
U0105,P0029
U0105,P0030
U0105,P0031
U0105,P0032
U0105,P0033
U0105,P0034
U0105,P0035
U0105,P0036
U0105,P0037
U0105,P0038
U0105,P0039
U0105,P0040
U0105,P0041
U0105,P0042
U0105,P0043
U0105,P0044
U0105,P0045
U0105,P0046
U0105,P0047
U0105,P0048
U0105,P0049
U0105,P0050
U0105,P0051
U0105,P0052
U0105,P0053
U0105,P0054
U0105,P0055
U0105,P0056
U0105,P0057
U0105,P0058
U0105,P0059
U0105,P0060
U0105,P0061
U0105,P0062
U0105,P0063
U0105,P0064
U0105,P0065
U0105,P0066
U0105,P0067
U0105,P0068
U0105,P0069
U0105,P0070
U0105,P0071
U0105,P0072
U0105,P0073
U0105,P0074
U0105,P0075
U0105,P0076
U0105,P0077
U0105,P0078
U0105,P0079
U0105,P0080
U0105,P0081
U0105,P0082
U0105,P0083
U0105,P0084
U0105,P0085
U0105,P0086
U0105,P0087
U0105,P0088
U0105,P0089
U0105,P0090
U0105,P0091
U0105,P0092
U0105,P0093
U0105,P0094
U0105,P0095
U0105,P0096
U0105,P0097
U0105,P0098
U0105,P0099
U0105,P0100
U0105,P0101
U0105,P0102
U0105,P0103
U0105,P0104
U0105,P0105
U0105,P0106
U0105,P0107
U0105,P0108
U0105,P0109
U0105,P0110
U0105,P0111
U0105,P0112
U0105,P0113
U0105,P0114
U0105,P0115
U0105,P0116
U0105,P0117
U0105,P0118
U0105,P0119
U0105,P0120
U0105,P0121
U0105,P0122
U0105,P0123
U0105,P0124
U0105,P0125
U0105,P0126
U0105,P0127
U0105,P0128
U0105,P0129
U0105,P0130
U0105,P0246
U0105,P0247
U0105,P0248
U0105,P0249
U0105,P0250
U0105,P0284
U0106,P0027
U0106,P0028
U0106,P0029
U0106,P0030
U0106,P0031
U0106,P0032
U0106,P0033
U0106,P0034
U0106,P0035
U0106,P0036
U0106,P0037
U0106,P0038
U0106,P0039
U0106,P0040
U0106,P0041
U0106,P0042
U0106,P0043
U0106,P0044
U0106,P0045
U0106,P0046
U0106,P0047
U0106,P0048
U0106,P0049
U0106,P0050
U0106,P0051
U0106,P0052
U0106,P0053
U0106,P0054
U0106,P0055
U0106,P0056
U0106,P0057
U0106,P0058
U0106,P0059
U0106,P0060
U0106,P0061
U0106,P0062
U0106,P0063
U0106,P0064
U0106,P0065
U0106,P0066
U0106,P0067
U0106,P0068
U0106,P0069
U0106,P0070
U0106,P0071
U0106,P0072
U0106,P0073
U0106,P0074
U0106,P0075
U0106,P0076
U0106,P0077
U0106,P0078
U0106,P0079
U0106,P0080
U0106,P0081
U0106,P0082
U0106,P0083
U0106,P0084
U0106,P0085
U0106,P0086
U0106,P0087
U0106,P0088
U0106,P0089
U0106,P0090
U0106,P0091
U0106,P0092
U0106,P0093
U0106,P0094
U0106,P0095
U0106,P0096
U0106,P0097
U0106,P0098
U0106,P0099
U0106,P0100
U0106,P0101
U0106,P0102
U0106,P0103
U0106,P0104
U0106,P0105
U0106,P0106
U0106,P0107
U0106,P0108
U0106,P0109
U0106,P0110
U0106,P0111
U0106,P0112
U0106,P0113
U0106,P0114
U0106,P0115
U0106,P0116
U0106,P0117
U0106,P0118
U0106,P0119
U0106,P0120
U0106,P0121
U0106,P0122
U0106,P0123
U0106,P0124
U0106,P0125
U0106,P0126
U0106,P0127
U0106,P0128
U0106,P0129
U0106,P0130
U0106,P0246
U0106,P0247
U0106,P0248
U0106,P0249
U0106,P0250
U0107,P0027
U0107,P0028
U0107,P0029
U0107,P0030
U0107,P0031
U0107,P0032
U0107,P0033
U0107,P0034
U0107,P0035
U0107,P0036
U0107,P0037
U0107,P0038
U0107,P0039
U0107,P0040
U0107,P0041
U0107,P0042
U0107,P0043
U0107,P0044
U0107,P0045
U0107,P0046
U0107,P0047
U0107,P0048
U0107,P0049
U0107,P0050
U0107,P0051
U0107,P0052
U0107,P0053
U0107,P0054
U0107,P0055
U0107,P0056
U0107,P0057
U0107,P0058
U0107,P0059
U0107,P0060
U0107,P0061
U0107,P0062
U0107,P0063
U0107,P0064
U0107,P0065
U0107,P0066
U0107,P0067
U0107,P0068
U0107,P0069
U0107,P0070
U0107,P0071
U0107,P0072
U0107,P0073
U0107,P0074
U0107,P0075
U0107,P0076
U0107,P0077
U0107,P0078
U0107,P0079
U0107,P0080
U0107,P0081
U0107,P0082
U0107,P0083
U0107,P0084
U0107,P0085
U0107,P0086
U0107,P0087
U0107,P0088
U0107,P0089
U0107,P0090
U0107,P0091
U0107,P0092
U0107,P0093
U0107,P0094
U0107,P0095
U0107,P0096
U0107,P0097
U0107,P0098
U0107,P0099
U0107,P0100
U0107,P0101
U0107,P0102
U0107,P0103
U0107,P0104
U0107,P0105
U0107,P0106
U0107,P0107
U0107,P0108
U0107,P0109
U0107,P0110
U0107,P0111
U0107,P0112
U0107,P0113
U0107,P0114
U0107,P0115
U0107,P0116
U0107,P0117
U0107,P0118
U0107,P0119
U0107,P0120
U0107,P0121
U0107,P0122
U0107,P0123
U0107,P0124
U0107,P0125
U0107,P0126
U0107,P0127
U0107,P0128
U0107,P0129
U0107,P0130
U0107,P0246
U0107,P0247
U0107,P0248
U0107,P0249
U0107,P0250
U0108,P0027
U0108,P0028
U0108,P0029
U0108,P0030
U0108,P0031
U0108,P0032
U0108,P0033
U0108,P0034
U0108,P0035
U0108,P0036
U0108,P0037
U0108,P0038
U0108,P0039
U0108,P0040
U0108,P0041
U0108,P0042
U0108,P0043
U0108,P0044
U0108,P0045
U0108,P0046
U0108,P0047
U0108,P0048
U0108,P0049
U0108,P0050
U0108,P0051
U0108,P0052
U0108,P0053
U0108,P0054
U0108,P0055
U0108,P0056
U0108,P0057
U0108,P0058
U0108,P0059
U0108,P0060
U0108,P0061
U0108,P0062
U0108,P0063
U0108,P0064
U0108,P0065
U0108,P0066
U0108,P0067
U0108,P0068
U0108,P0069
U0108,P0070
U0108,P0071
U0108,P0072
U0108,P0073
U0108,P0074
U0108,P0075
U0108,P0076
U0108,P0077
U0108,P0078
U0108,P0079
U0108,P0080
U0108,P0081
U0108,P0082
U0108,P0083
U0108,P0084
U0108,P0085
U0108,P0086
U0108,P0087
U0108,P0088
U0108,P0089
U0108,P0090
U0108,P0091
U0108,P0092
U0108,P0093
U0108,P0094
U0108,P0095
U0108,P0096
U0108,P0097
U0108,P0098
U0108,P0099
U0108,P0100
U0108,P0101
U0108,P0102
U0108,P0103
U0108,P0104
U0108,P0105
U0108,P0106
U0108,P0107
U0108,P0108
U0108,P0109
U0108,P0110
U0108,P0111
U0108,P0112
U0108,P0113
U0108,P0114
U0108,P0115
U0108,P0116
U0108,P0117
U0108,P0118
U0108,P0119
U0108,P0120
U0108,P0121
U0108,P0122
U0108,P0123
U0108,P0124
U0108,P0125
U0108,P0126
U0108,P0127
U0108,P0128
U0108,P0129
U0108,P0130
U0108,P0246
U0108,P0247
U0108,P0248
U0108,P0249
U0108,P0250
U0109,P0285
U0109,P0286
U0109,P0287
U0109,P0288
U0109,P0289
U0109,P0290
U0110,P0027
U0110,P0028
U0110,P0029
U0110,P0030
U0110,P0031
U0110,P0032
U0110,P0033
U0110,P0034
U0110,P0035
U0110,P0036
U0110,P0037
U0110,P0038
U0110,P0039
U0110,P0040
U0110,P0041
U0110,P0042
U0110,P0043
U0110,P0044
U0110,P0045
U0110,P0046
U0110,P0047
U0110,P0048
U0110,P0049
U0110,P0050
U0110,P0051
U0110,P0052
U0110,P0053
U0110,P0054
U0110,P0055
U0110,P0056
U0110,P0057
U0110,P0058
U0110,P0059
U0110,P0060
U0110,P0061
U0110,P0062
U0110,P0063
U0110,P0064
U0110,P0065
U0110,P0066
U0110,P0067
U0110,P0068
U0110,P0069
U0110,P0070
U0110,P0071
U0110,P0072
U0110,P0073
U0110,P0074
U0110,P0075
U0110,P0076
U0110,P0077
U0110,P0078
U0110,P0079
U0110,P0080
U0110,P0081
U0110,P0082
U0110,P0083
U0110,P0084
U0110,P0085
U0110,P0086
U0110,P0087
U0110,P0088
U0110,P0089
U0110,P0090
U0110,P0091
U0110,P0092
U0110,P0093
U0110,P0094
U0110,P0095
U0110,P0096
U0110,P0097
U0110,P0098
U0110,P0099
U0110,P0100
U0110,P0101
U0110,P0102
U0110,P0103
U0110,P0104
U0110,P0105
U0110,P0106
U0110,P0107
U0110,P0108
U0110,P0109
U0110,P0110
U0110,P0111
U0110,P0112
U0110,P0113
U0110,P0114
U0110,P0115
U0110,P0116
U0110,P0117
U0110,P0118
U0110,P0119
U0110,P0120
U0110,P0121
U0110,P0122
U0110,P0123
U0110,P0124
U0110,P0125
U0110,P0126
U0110,P0127
U0110,P0128
U0110,P0129
U0110,P0130
U0110,P0246
U0110,P0247
U0110,P0248
U0110,P0249
U0110,P0250
U0111,P0027
U0111,P0028
U0111,P0029
U0111,P0030
U0111,P0031
U0111,P0032
U0111,P0033
U0111,P0034
U0111,P0035
U0111,P0036
U0111,P0037
U0111,P0038
U0111,P0039
U0111,P0040
U0111,P0041
U0111,P0042
U0111,P0043
U0111,P0044
U0111,P0045
U0111,P0046
U0111,P0047
U0111,P0048
U0111,P0049
U0111,P0050
U0111,P0051
U0111,P0052
U0111,P0053
U0111,P0054
U0111,P0055
U0111,P0056
U0111,P0057
U0111,P0058
U0111,P0059
U0111,P0060
U0111,P0061
U0111,P0062
U0111,P0063
U0111,P0064
U0111,P0065
U0111,P0066
U0111,P0067
U0111,P0068
U0111,P0069
U0111,P0070
U0111,P0071
U0111,P0072
U0111,P0073
U0111,P0074
U0111,P0075
U0111,P0076
U0111,P0077
U0111,P0078
U0111,P0079
U0111,P0080
U0111,P0081
U0111,P0082
U0111,P0083
U0111,P0084
U0111,P0085
U0111,P0086
U0111,P0087
U0111,P0088
U0111,P0089
U0111,P0090
U0111,P0091
U0111,P0092
U0111,P0093
U0111,P0094
U0111,P0095
U0111,P0096
U0111,P0097
U0111,P0098
U0111,P0099
U0111,P0100
U0111,P0101
U0111,P0102
U0111,P0103
U0111,P0104
U0111,P0105
U0111,P0106
U0111,P0107
U0111,P0108
U0111,P0109
U0111,P0110
U0111,P0111
U0111,P0112
U0111,P0113
U0111,P0114
U0111,P0115
U0111,P0116
U0111,P0117
U0111,P0118
U0111,P0119
U0111,P0120
U0111,P0121
U0111,P0122
U0111,P0123
U0111,P0124
U0111,P0125
U0111,P0126
U0111,P0127
U0111,P0128
U0111,P0129
U0111,P0130
U0111,P0246
U0111,P0247
U0111,P0248
U0111,P0249
U0111,P0250
U0112,P0027
U0112,P0028
U0112,P0029
U0112,P0030
U0112,P0031
U0112,P0032
U0112,P0033
U0112,P0034
U0112,P0035
U0112,P0036
U0112,P0037
U0112,P0038
U0112,P0039
U0112,P0040
U0112,P0041
U0112,P0042
U0112,P0043
U0112,P0044
U0112,P0045
U0112,P0046
U0112,P0047
U0112,P0048
U0112,P0049
U0112,P0050
U0112,P0051
U0112,P0052
U0112,P0053
U0112,P0054
U0112,P0055
U0112,P0056
U0112,P0057
U0112,P0058
U0112,P0059
U0112,P0060
U0112,P0061
U0112,P0062
U0112,P0063
U0112,P0064
U0112,P0065
U0112,P0066
U0112,P0067
U0112,P0068
U0112,P0069
U0112,P0070
U0112,P0071
U0112,P0072
U0112,P0073
U0112,P0074
U0112,P0075
U0112,P0076
U0112,P0077
U0112,P0078
U0112,P0079
U0112,P0080
U0112,P0081
U0112,P0082
U0112,P0083
U0112,P0084
U0112,P0085
U0112,P0086
U0112,P0087
U0112,P0088
U0112,P0089
U0112,P0090
U0112,P0091
U0112,P0092
U0112,P0093
U0112,P0094
U0112,P0095
U0112,P0096
U0112,P0097
U0112,P0098
U0112,P0099
U0112,P0100
U0112,P0101
U0112,P0102
U0112,P0103
U0112,P0104
U0112,P0105
U0112,P0106
U0112,P0107
U0112,P0108
U0112,P0109
U0112,P0110
U0112,P0111
U0112,P0112
U0112,P0113
U0112,P0114
U0112,P0115
U0112,P0116
U0112,P0117
U0112,P0118
U0112,P0119
U0112,P0120
U0112,P0121
U0112,P0122
U0112,P0123
U0112,P0124
U0112,P0125
U0112,P0126
U0112,P0127
U0112,P0128
U0112,P0129
U0112,P0130
U0112,P0246
U0112,P0247
U0112,P0248
U0112,P0249
U0112,P0250
U0113,P0027
U0113,P0028
U0113,P0029
U0113,P0030
U0113,P0031
U0113,P0032
U0113,P0033
U0113,P0034
U0113,P0035
U0113,P0036
U0113,P0037
U0113,P0038
U0113,P0039
U0113,P0040
U0113,P0041
U0113,P0042
U0113,P0043
U0113,P0044
U0113,P0045
U0113,P0046
U0113,P0047
U0113,P0048
U0113,P0049
U0113,P0050
U0113,P0051
U0113,P0052
U0113,P0053
U0113,P0054
U0113,P0055
U0113,P0056
U0113,P0057
U0113,P0058
U0113,P0059
U0113,P0060
U0113,P0061
U0113,P0062
U0113,P0063
U0113,P0064
U0113,P0065
U0113,P0066
U0113,P0067
U0113,P0068
U0113,P0069
U0113,P0070
U0113,P0071
U0113,P0072
U0113,P0073
U0113,P0074
U0113,P0075
U0113,P0076
U0113,P0077
U0113,P0078
U0113,P0079
U0113,P0080
U0113,P0081
U0113,P0082
U0113,P0083
U0113,P0084
U0113,P0085
U0113,P0086
U0113,P0087
U0113,P0088
U0113,P0089
U0113,P0090
U0113,P0091
U0113,P0092
U0113,P0093
U0113,P0094
U0113,P0095
U0113,P0096
U0113,P0097
U0113,P0098
U0113,P0099
U0113,P0100
U0113,P0101
U0113,P0102
U0113,P0103
U0113,P0104
U0113,P0105
U0113,P0106
U0113,P0107
U0113,P0108
U0113,P0109
U0113,P0110
U0113,P0111
U0113,P0112
U0113,P0113
U0113,P0114
U0113,P0115
U0113,P0116
U0113,P0117
U0113,P0118
U0113,P0119
U0113,P0120
U0113,P0121
U0113,P0122
U0113,P0123
U0113,P0124
U0113,P0125
U0113,P0126
U0113,P0127
U0113,P0128
U0113,P0129
U0113,P0130
U0113,P0246
U0113,P0247
U0113,P0248
U0113,P0249
U0113,P0250
U0113,P0251
U0113,P0252
U0113,P0253
U0114,P0027
U0114,P0028
U0114,P0029
U0114,P0030
U0114,P0031
U0114,P0032
U0114,P0033
U0114,P0034
U0114,P0035
U0114,P0036
U0114,P0037
U0114,P0038
U0114,P0039
U0114,P0040
U0114,P0041
U0114,P0042
U0114,P0043
U0114,P0044
U0114,P0045
U0114,P0046
U0114,P0047
U0114,P0048
U0114,P0049
U0114,P0050
U0114,P0051
U0114,P0052
U0114,P0053
U0114,P0054
U0114,P0055
U0114,P0056
U0114,P0057
U0114,P0058
U0114,P0059
U0114,P0060
U0114,P0061
U0114,P0062
U0114,P0063
U0114,P0064
U0114,P0065
U0114,P0066
U0114,P0067
U0114,P0068
U0114,P0069
U0114,P0070
U0114,P0071
U0114,P0072
U0114,P0073
U0114,P0074
U0114,P0075
U0114,P0076
U0114,P0077
U0114,P0078
U0114,P0079
U0114,P0080
U0114,P0081
U0114,P0082
U0114,P0083
U0114,P0084
U0114,P0085
U0114,P0086
U0114,P0087
U0114,P0088
U0114,P0089
U0114,P0090
U0114,P0091
U0114,P0092
U0114,P0093
U0114,P0094
U0114,P0095
U0114,P0096
U0114,P0097
U0114,P0098
U0114,P0099
U0114,P0100
U0114,P0101
U0114,P0102
U0114,P0103
U0114,P0104
U0114,P0105
U0114,P0106
U0114,P0107
U0114,P0108
U0114,P0109
U0114,P0110
U0114,P0111
U0114,P0112
U0114,P0113
U0114,P0114
U0114,P0115
U0114,P0116
U0114,P0117
U0114,P0118
U0114,P0119
U0114,P0120
U0114,P0121
U0114,P0122
U0114,P0123
U0114,P0124
U0114,P0125
U0114,P0126
U0114,P0127
U0114,P0128
U0114,P0129
U0114,P0130
U0114,P0246
U0114,P0247
U0114,P0248
U0114,P0249
U0114,P0250
U0115,P0027
U0115,P0028
U0115,P0029
U0115,P0030
U0115,P0031
U0115,P0032
U0115,P0033
U0115,P0034
U0115,P0035
U0115,P0036
U0115,P0037
U0115,P0038
U0115,P0039
U0115,P0040
U0115,P0041
U0115,P0042
U0115,P0043
U0115,P0044
U0115,P0045
U0115,P0046
U0115,P0047
U0115,P0048
U0115,P0049
U0115,P0050
U0115,P0051
U0115,P0052
U0115,P0053
U0115,P0054
U0115,P0055
U0115,P0056
U0115,P0057
U0115,P0058
U0115,P0059
U0115,P0060
U0115,P0061
U0115,P0062
U0115,P0063
U0115,P0064
U0115,P0065
U0115,P0066
U0115,P0067
U0115,P0068
U0115,P0069
U0115,P0070
U0115,P0071
U0115,P0072
U0115,P0073
U0115,P0074
U0115,P0075
U0115,P0076
U0115,P0077
U0115,P0078
U0115,P0079
U0115,P0080
U0115,P0081
U0115,P0082
U0115,P0083
U0115,P0084
U0115,P0085
U0115,P0086
U0115,P0087
U0115,P0088
U0115,P0089
U0115,P0090
U0115,P0091
U0115,P0092
U0115,P0093
U0115,P0094
U0115,P0095
U0115,P0096
U0115,P0097
U0115,P0098
U0115,P0099
U0115,P0100
U0115,P0101
U0115,P0102
U0115,P0103
U0115,P0104
U0115,P0105
U0115,P0106
U0115,P0107
U0115,P0108
U0115,P0109
U0115,P0110
U0115,P0111
U0115,P0112
U0115,P0113
U0115,P0114
U0115,P0115
U0115,P0116
U0115,P0117
U0115,P0118
U0115,P0119
U0115,P0120
U0115,P0121
U0115,P0122
U0115,P0123
U0115,P0124
U0115,P0125
U0115,P0126
U0115,P0127
U0115,P0128
U0115,P0129
U0115,P0130
U0115,P0221
U0115,P0246
U0115,P0247
U0115,P0248
U0115,P0249
U0115,P0250
U0115,P0291
U0116,P0027
U0116,P0028
U0116,P0029
U0116,P0030
U0116,P0031
U0116,P0032
U0116,P0033
U0116,P0034
U0116,P0035
U0116,P0036
U0116,P0037
U0116,P0038
U0116,P0039
U0116,P0040
U0116,P0041
U0116,P0042
U0116,P0043
U0116,P0044
U0116,P0045
U0116,P0046
U0116,P0047
U0116,P0048
U0116,P0049
U0116,P0050
U0116,P0051
U0116,P0052
U0116,P0053
U0116,P0054
U0116,P0055
U0116,P0056
U0116,P0057
U0116,P0058
U0116,P0059
U0116,P0060
U0116,P0061
U0116,P0062
U0116,P0063
U0116,P0064
U0116,P0065
U0116,P0066
U0116,P0067
U0116,P0068
U0116,P0069
U0116,P0070
U0116,P0071
U0116,P0072
U0116,P0073
U0116,P0074
U0116,P0075
U0116,P0076
U0116,P0077
U0116,P0078
U0116,P0079
U0116,P0080
U0116,P0081
U0116,P0082
U0116,P0083
U0116,P0084
U0116,P0085
U0116,P0086
U0116,P0087
U0116,P0088
U0116,P0089
U0116,P0090
U0116,P0091
U0116,P0092
U0116,P0093
U0116,P0094
U0116,P0095
U0116,P0096
U0116,P0097
U0116,P0098
U0116,P0099
U0116,P0100
U0116,P0101
U0116,P0102
U0116,P0103
U0116,P0104
U0116,P0105
U0116,P0106
U0116,P0107
U0116,P0108
U0116,P0109
U0116,P0110
U0116,P0111
U0116,P0112
U0116,P0113
U0116,P0114
U0116,P0115
U0116,P0116
U0116,P0117
U0116,P0118
U0116,P0119
U0116,P0120
U0116,P0121
U0116,P0122
U0116,P0123
U0116,P0124
U0116,P0125
U0116,P0126
U0116,P0127
U0116,P0128
U0116,P0129
U0116,P0130
U0116,P0246
U0116,P0247
U0116,P0248
U0116,P0249
U0116,P0250
U0117,P0027
U0117,P0028
U0117,P0029
U0117,P0030
U0117,P0031
U0117,P0032
U0117,P0033
U0117,P0034
U0117,P0035
U0117,P0036
U0117,P0037
U0117,P0038
U0117,P0039
U0117,P0040
U0117,P0041
U0117,P0042
U0117,P0043
U0117,P0044
U0117,P0045
U0117,P0046
U0117,P0047
U0117,P0048
U0117,P0049
U0117,P0050
U0117,P0051
U0117,P0052
U0117,P0053
U0117,P0054
U0117,P0055
U0117,P0056
U0117,P0057
U0117,P0058
U0117,P0059
U0117,P0060
U0117,P0061
U0117,P0062
U0117,P0063
U0117,P0064
U0117,P0065
U0117,P0066
U0117,P0067
U0117,P0068
U0117,P0069
U0117,P0070
U0117,P0071
U0117,P0072
U0117,P0073
U0117,P0074
U0117,P0075
U0117,P0076
U0117,P0077
U0117,P0078
U0117,P0079
U0117,P0080
U0117,P0081
U0117,P0082
U0117,P0083
U0117,P0084
U0117,P0085
U0117,P0086
U0117,P0087
U0117,P0088
U0117,P0089
U0117,P0090
U0117,P0091
U0117,P0092
U0117,P0093
U0117,P0094
U0117,P0095
U0117,P0096
U0117,P0097
U0117,P0098
U0117,P0099
U0117,P0100
U0117,P0101
U0117,P0102
U0117,P0103
U0117,P0104
U0117,P0105
U0117,P0106
U0117,P0107
U0117,P0108
U0117,P0109
U0117,P0110
U0117,P0111
U0117,P0112
U0117,P0113
U0117,P0114
U0117,P0115
U0117,P0116
U0117,P0117
U0117,P0118
U0117,P0119
U0117,P0120
U0117,P0121
U0117,P0122
U0117,P0123
U0117,P0124
U0117,P0125
U0117,P0126
U0117,P0127
U0117,P0128
U0117,P0129
U0117,P0130
U0117,P0195
U0117,P0246
U0117,P0247
U0117,P0248
U0117,P0249
U0117,P0250
U0118,P0027
U0118,P0028
U0118,P0029
U0118,P0030
U0118,P0031
U0118,P0032
U0118,P0033
U0118,P0034
U0118,P0035
U0118,P0036
U0118,P0037
U0118,P0038
U0118,P0039
U0118,P0040
U0118,P0041
U0118,P0042
U0118,P0043
U0118,P0044
U0118,P0045
U0118,P0046
U0118,P0047
U0118,P0048
U0118,P0049
U0118,P0050
U0118,P0051
U0118,P0052
U0118,P0053
U0118,P0054
U0118,P0055
U0118,P0056
U0118,P0057
U0118,P0058
U0118,P0059
U0118,P0060
U0118,P0061
U0118,P0062
U0118,P0063
U0118,P0064
U0118,P0065
U0118,P0066
U0118,P0067
U0118,P0068
U0118,P0069
U0118,P0070
U0118,P0071
U0118,P0072
U0118,P0073
U0118,P0074
U0118,P0075
U0118,P0076
U0118,P0077
U0118,P0078
U0118,P0079
U0118,P0080
U0118,P0081
U0118,P0082
U0118,P0083
U0118,P0084
U0118,P0085
U0118,P0086
U0118,P0087
U0118,P0088
U0118,P0089
U0118,P0090
U0118,P0091
U0118,P0092
U0118,P0093
U0118,P0094
U0118,P0095
U0118,P0096
U0118,P0097
U0118,P0098
U0118,P0099
U0118,P0100
U0118,P0101
U0118,P0102
U0118,P0103
U0118,P0104
U0118,P0105
U0118,P0106
U0118,P0107
U0118,P0108
U0118,P0109
U0118,P0110
U0118,P0111
U0118,P0112
U0118,P0113
U0118,P0114
U0118,P0115
U0118,P0116
U0118,P0117
U0118,P0118
U0118,P0119
U0118,P0120
U0118,P0121
U0118,P0122
U0118,P0123
U0118,P0124
U0118,P0125
U0118,P0126
U0118,P0127
U0118,P0128
U0118,P0129
U0118,P0130
U0118,P0246
U0118,P0247
U0118,P0248
U0118,P0249
U0118,P0250
U0119,P0027
U0119,P0028
U0119,P0029
U0119,P0030
U0119,P0031
U0119,P0032
U0119,P0033
U0119,P0034
U0119,P0035
U0119,P0036
U0119,P0037
U0119,P0038
U0119,P0039
U0119,P0040
U0119,P0041
U0119,P0042
U0119,P0043
U0119,P0044
U0119,P0045
U0119,P0046
U0119,P0047
U0119,P0048
U0119,P0049
U0119,P0050
U0119,P0051
U0119,P0052
U0119,P0053
U0119,P0054
U0119,P0055
U0119,P0056
U0119,P0057
U0119,P0058
U0119,P0059
U0119,P0060
U0119,P0061
U0119,P0062
U0119,P0063
U0119,P0064
U0119,P0065
U0119,P0066
U0119,P0067
U0119,P0068
U0119,P0069
U0119,P0070
U0119,P0071
U0119,P0072
U0119,P0073
U0119,P0074
U0119,P0075
U0119,P0076
U0119,P0077
U0119,P0078
U0119,P0079
U0119,P0080
U0119,P0081
U0119,P0082
U0119,P0083
U0119,P0084
U0119,P0085
U0119,P0086
U0119,P0087
U0119,P0088
U0119,P0089
U0119,P0090
U0119,P0091
U0119,P0092
U0119,P0093
U0119,P0094
U0119,P0095
U0119,P0096
U0119,P0097
U0119,P0098
U0119,P0099
U0119,P0100
U0119,P0101
U0119,P0102
U0119,P0103
U0119,P0104
U0119,P0105
U0119,P0106
U0119,P0107
U0119,P0108
U0119,P0109
U0119,P0110
U0119,P0111
U0119,P0112
U0119,P0113
U0119,P0114
U0119,P0115
U0119,P0116
U0119,P0117
U0119,P0118
U0119,P0119
U0119,P0120
U0119,P0121
U0119,P0122
U0119,P0123
U0119,P0124
U0119,P0125
U0119,P0126
U0119,P0127
U0119,P0128
U0119,P0129
U0119,P0130
U0119,P0246
U0119,P0247
U0119,P0248
U0119,P0249
U0119,P0250
U0120,P0106
U0120,P0107
U0120,P0108
U0120,P0109
U0120,P0110
U0120,P0111
U0120,P0112
U0120,P0113
U0121,P0285
U0121,P0286
U0121,P0287
U0121,P0288
U0121,P0289
U0121,P0290
U0122,P0027
U0122,P0028
U0122,P0029
U0122,P0030
U0122,P0031
U0122,P0032
U0122,P0033
U0122,P0034
U0122,P0035
U0122,P0036
U0122,P0037
U0122,P0038
U0122,P0039
U0122,P0040
U0122,P0041
U0122,P0042
U0122,P0043
U0122,P0044
U0122,P0045
U0122,P0046
U0122,P0047
U0122,P0048
U0122,P0049
U0122,P0050
U0122,P0051
U0122,P0052
U0122,P0053
U0122,P0054
U0122,P0055
U0122,P0056
U0122,P0057
U0122,P0058
U0122,P0059
U0122,P0060
U0122,P0061
U0122,P0062
U0122,P0063
U0122,P0064
U0122,P0065
U0122,P0066
U0122,P0067
U0122,P0068
U0122,P0069
U0122,P0070
U0122,P0071
U0122,P0072
U0122,P0073
U0122,P0074
U0122,P0075
U0122,P0076
U0122,P0077
U0122,P0078
U0122,P0079
U0122,P0080
U0122,P0081
U0122,P0082
U0122,P0083
U0122,P0084
U0122,P0085
U0122,P0086
U0122,P0087
U0122,P0088
U0122,P0089
U0122,P0090
U0122,P0091
U0122,P0092
U0122,P0093
U0122,P0094
U0122,P0095
U0122,P0096
U0122,P0097
U0122,P0098
U0122,P0099
U0122,P0100
U0122,P0101
U0122,P0102
U0122,P0103
U0122,P0104
U0122,P0105
U0122,P0106
U0122,P0107
U0122,P0108
U0122,P0109
U0122,P0110
U0122,P0111
U0122,P0112
U0122,P0113
U0122,P0114
U0122,P0115
U0122,P0116
U0122,P0117
U0122,P0118
U0122,P0119
U0122,P0120
U0122,P0121
U0122,P0122
U0122,P0123
U0122,P0124
U0122,P0125
U0122,P0126
U0122,P0127
U0122,P0128
U0122,P0129
U0122,P0130
U0122,P0246
U0122,P0247
U0122,P0248
U0122,P0249
U0122,P0250
U0123,P0027
U0123,P0028
U0123,P0029
U0123,P0030
U0123,P0031
U0123,P0032
U0123,P0033
U0123,P0034
U0123,P0035
U0123,P0036
U0123,P0037
U0123,P0038
U0123,P0039
U0123,P0040
U0123,P0041
U0123,P0042
U0123,P0043
U0123,P0044
U0123,P0045
U0123,P0046
U0123,P0047
U0123,P0048
U0123,P0049
U0123,P0050
U0123,P0051
U0123,P0052
U0123,P0053
U0123,P0054
U0123,P0055
U0123,P0056
U0123,P0057
U0123,P0058
U0123,P0059
U0123,P0060
U0123,P0061
U0123,P0062
U0123,P0063
U0123,P0064
U0123,P0065
U0123,P0066
U0123,P0067
U0123,P0068
U0123,P0069
U0123,P0070
U0123,P0071
U0123,P0072
U0123,P0073
U0123,P0074
U0123,P0075
U0123,P0076
U0123,P0077
U0123,P0078
U0123,P0079
U0123,P0080
U0123,P0081
U0123,P0082
U0123,P0083
U0123,P0084
U0123,P0085
U0123,P0086
U0123,P0087
U0123,P0088
U0123,P0089
U0123,P0090
U0123,P0091
U0123,P0092
U0123,P0093
U0123,P0094
U0123,P0095
U0123,P0096
U0123,P0097
U0123,P0098
U0123,P0099
U0123,P0100
U0123,P0101
U0123,P0102
U0123,P0103
U0123,P0104
U0123,P0105
U0123,P0106
U0123,P0107
U0123,P0108
U0123,P0109
U0123,P0110
U0123,P0111
U0123,P0112
U0123,P0113
U0123,P0114
U0123,P0115
U0123,P0116
U0123,P0117
U0123,P0118
U0123,P0119
U0123,P0120
U0123,P0121
U0123,P0122
U0123,P0123
U0123,P0124
U0123,P0125
U0123,P0126
U0123,P0127
U0123,P0128
U0123,P0129
U0123,P0130
U0123,P0246
U0123,P0247
U0123,P0248
U0123,P0249
U0123,P0250
U0124,P0027
U0124,P0028
U0124,P0029
U0124,P0030
U0124,P0031
U0124,P0032
U0124,P0033
U0124,P0034
U0124,P0035
U0124,P0036
U0124,P0037
U0124,P0038
U0124,P0039
U0124,P0040
U0124,P0041
U0124,P0042
U0124,P0043
U0124,P0044
U0124,P0045
U0124,P0046
U0124,P0047
U0124,P0048
U0124,P0049
U0124,P0050
U0124,P0051
U0124,P0052
U0124,P0053
U0124,P0054
U0124,P0055
U0124,P0056
U0124,P0057
U0124,P0058
U0124,P0059
U0124,P0060
U0124,P0061
U0124,P0062
U0124,P0063
U0124,P0064
U0124,P0065
U0124,P0066
U0124,P0067
U0124,P0068
U0124,P0069
U0124,P0070
U0124,P0071
U0124,P0072
U0124,P0073
U0124,P0074
U0124,P0075
U0124,P0076
U0124,P0077
U0124,P0078
U0124,P0079
U0124,P0080
U0124,P0081
U0124,P0082
U0124,P0083
U0124,P0084
U0124,P0085
U0124,P0086
U0124,P0087
U0124,P0088
U0124,P0089
U0124,P0090
U0124,P0091
U0124,P0092
U0124,P0093
U0124,P0094
U0124,P0095
U0124,P0096
U0124,P0097
U0124,P0098
U0124,P0099
U0124,P0100
U0124,P0101
U0124,P0102
U0124,P0103
U0124,P0104
U0124,P0105
U0124,P0106
U0124,P0107
U0124,P0108
U0124,P0109
U0124,P0110
U0124,P0111
U0124,P0112
U0124,P0113
U0124,P0114
U0124,P0115
U0124,P0116
U0124,P0117
U0124,P0118
U0124,P0119
U0124,P0120
U0124,P0121
U0124,P0122
U0124,P0123
U0124,P0124
U0124,P0125
U0124,P0126
U0124,P0127
U0124,P0128
U0124,P0129
U0124,P0130
U0124,P0246
U0124,P0247
U0124,P0248
U0124,P0249
U0124,P0250
U0125,P0002
U0125,P0003
U0125,P0009
U0125,P0023
U0125,P0024
U0125,P0025
U0125,P0027
U0125,P0028
U0125,P0029
U0125,P0030
U0125,P0031
U0125,P0032
U0125,P0033
U0125,P0034
U0125,P0035
U0125,P0036
U0125,P0037
U0125,P0038
U0125,P0039
U0125,P0040
U0125,P0041
U0125,P0042
U0125,P0043
U0125,P0044
U0125,P0045
U0125,P0046
U0125,P0047
U0125,P0048
U0125,P0049
U0125,P0050
U0125,P0051
U0125,P0052
U0125,P0053
U0125,P0054
U0125,P0055
U0125,P0056
U0125,P0057
U0125,P0058
U0125,P0059
U0125,P0060
U0125,P0061
U0125,P0062
U0125,P0063
U0125,P0064
U0125,P0065
U0125,P0066
U0125,P0067
U0125,P0068
U0125,P0069
U0125,P0070
U0125,P0071
U0125,P0072
U0125,P0073
U0125,P0074
U0125,P0075
U0125,P0076
U0125,P0077
U0125,P0078
U0125,P0079
U0125,P0080
U0125,P0081
U0125,P0082
U0125,P0083
U0125,P0084
U0125,P0085
U0125,P0086
U0125,P0087
U0125,P0088
U0125,P0089
U0125,P0090
U0125,P0091
U0125,P0092
U0125,P0093
U0125,P0094
U0125,P0095
U0125,P0096
U0125,P0097
U0125,P0098
U0125,P0099
U0125,P0100
U0125,P0101
U0125,P0102
U0125,P0103
U0125,P0104
U0125,P0105
U0125,P0106
U0125,P0107
U0125,P0108
U0125,P0109
U0125,P0110
U0125,P0111
U0125,P0112
U0125,P0113
U0125,P0114
U0125,P0115
U0125,P0116
U0125,P0117
U0125,P0118
U0125,P0119
U0125,P0120
U0125,P0121
U0125,P0122
U0125,P0123
U0125,P0124
U0125,P0125
U0125,P0126
U0125,P0127
U0125,P0128
U0125,P0129
U0125,P0130
U0125,P0131
U0125,P0132
U0125,P0133
U0125,P0134
U0125,P0135
U0125,P0136
U0125,P0137
U0125,P0138
U0125,P0139
U0125,P0140
U0125,P0144
U0125,P0145
U0125,P0146
U0125,P0147
U0125,P0148
U0125,P0149
U0125,P0150
U0125,P0151
U0125,P0152
U0125,P0153
U0125,P0154
U0125,P0155
U0125,P0156
U0125,P0157
U0125,P0158
U0125,P0159
U0125,P0160
U0125,P0161
U0125,P0162
U0125,P0163
U0125,P0164
U0125,P0165
U0125,P0166
U0125,P0167
U0125,P0168
U0125,P0169
U0125,P0170
U0125,P0171
U0125,P0172
U0125,P0173
U0125,P0174
U0125,P0175
U0125,P0176
U0125,P0177
U0125,P0178
U0125,P0179
U0125,P0180
U0125,P0181
U0125,P0182
U0125,P0183
U0125,P0184
U0125,P0185
U0125,P0186
U0125,P0187
U0125,P0188
U0125,P0189
U0125,P0190
U0125,P0191
U0125,P0192
U0125,P0193
U0125,P0194
U0125,P0195
U0125,P0196
U0125,P0197
U0125,P0198
U0125,P0199
U0125,P0200
U0125,P0201
U0125,P0202
U0125,P0203
U0125,P0204
U0125,P0205
U0125,P0206
U0125,P0207
U0125,P0208
U0125,P0209
U0125,P0210
U0125,P0211
U0125,P0212
U0125,P0213
U0125,P0214
U0125,P0215
U0125,P0216
U0125,P0217
U0125,P0218
U0125,P0219
U0125,P0220
U0125,P0221
U0125,P0222
U0125,P0223
U0125,P0224
U0125,P0225
U0125,P0226
U0125,P0227
U0125,P0228
U0125,P0229
U0125,P0230
U0125,P0231
U0125,P0232
U0125,P0233
U0125,P0234
U0125,P0235
U0125,P0236
U0125,P0237
U0125,P0238
U0125,P0239
U0125,P0240
U0125,P0241
U0125,P0246
U0125,P0247
U0125,P0248
U0125,P0249
U0125,P0250
U0125,P0260
U0125,P0261
U0126,P0002
U0126,P0003
U0126,P0009
U0126,P0023
U0126,P0024
U0126,P0025
U0126,P0027
U0126,P0028
U0126,P0029
U0126,P0030
U0126,P0031
U0126,P0032
U0126,P0033
U0126,P0034
U0126,P0035
U0126,P0036
U0126,P0037
U0126,P0038
U0126,P0039
U0126,P0040
U0126,P0041
U0126,P0042
U0126,P0043
U0126,P0044
U0126,P0045
U0126,P0046
U0126,P0047
U0126,P0048
U0126,P0049
U0126,P0050
U0126,P0051
U0126,P0052
U0126,P0053
U0126,P0054
U0126,P0055
U0126,P0056
U0126,P0057
U0126,P0058
U0126,P0059
U0126,P0060
U0126,P0061
U0126,P0062
U0126,P0063
U0126,P0064
U0126,P0065
U0126,P0066
U0126,P0067
U0126,P0068
U0126,P0069
U0126,P0070
U0126,P0071
U0126,P0072
U0126,P0073
U0126,P0074
U0126,P0075
U0126,P0076
U0126,P0077
U0126,P0078
U0126,P0079
U0126,P0080
U0126,P0081
U0126,P0082
U0126,P0083
U0126,P0084
U0126,P0085
U0126,P0086
U0126,P0087
U0126,P0088
U0126,P0089
U0126,P0090
U0126,P0091
U0126,P0092
U0126,P0093
U0126,P0094
U0126,P0095
U0126,P0096
U0126,P0097
U0126,P0098
U0126,P0099
U0126,P0100
U0126,P0101
U0126,P0102
U0126,P0103
U0126,P0104
U0126,P0105
U0126,P0106
U0126,P0107
U0126,P0108
U0126,P0109
U0126,P0110
U0126,P0111
U0126,P0112
U0126,P0113
U0126,P0114
U0126,P0115
U0126,P0116
U0126,P0117
U0126,P0118
U0126,P0119
U0126,P0120
U0126,P0121
U0126,P0122
U0126,P0123
U0126,P0124
U0126,P0125
U0126,P0126
U0126,P0127
U0126,P0128
U0126,P0129
U0126,P0130
U0126,P0131
U0126,P0132
U0126,P0133
U0126,P0134
U0126,P0135
U0126,P0136
U0126,P0137
U0126,P0138
U0126,P0139
U0126,P0140
U0126,P0144
U0126,P0145
U0126,P0146
U0126,P0147
U0126,P0148
U0126,P0149
U0126,P0150
U0126,P0151
U0126,P0152
U0126,P0153
U0126,P0154
U0126,P0155
U0126,P0156
U0126,P0157
U0126,P0158
U0126,P0159
U0126,P0160
U0126,P0161
U0126,P0162
U0126,P0163
U0126,P0164
U0126,P0165
U0126,P0166
U0126,P0167
U0126,P0168
U0126,P0169
U0126,P0170
U0126,P0171
U0126,P0172
U0126,P0173
U0126,P0174
U0126,P0175
U0126,P0176
U0126,P0177
U0126,P0178
U0126,P0179
U0126,P0180
U0126,P0181
U0126,P0182
U0126,P0183
U0126,P0184
U0126,P0185
U0126,P0186
U0126,P0187
U0126,P0188
U0126,P0189
U0126,P0190
U0126,P0191
U0126,P0192
U0126,P0193
U0126,P0194
U0126,P0195
U0126,P0196
U0126,P0197
U0126,P0198
U0126,P0199
U0126,P0200
U0126,P0201
U0126,P0202
U0126,P0203
U0126,P0204
U0126,P0205
U0126,P0206
U0126,P0207
U0126,P0208
U0126,P0209
U0126,P0210
U0126,P0211
U0126,P0212
U0126,P0213
U0126,P0214
U0126,P0215
U0126,P0216
U0126,P0217
U0126,P0218
U0126,P0219
U0126,P0220
U0126,P0221
U0126,P0222
U0126,P0223
U0126,P0224
U0126,P0225
U0126,P0226
U0126,P0227
U0126,P0228
U0126,P0229
U0126,P0230
U0126,P0231
U0126,P0232
U0126,P0233
U0126,P0234
U0126,P0235
U0126,P0236
U0126,P0237
U0126,P0238
U0126,P0239
U0126,P0240
U0126,P0241
U0126,P0246
U0126,P0247
U0126,P0248
U0126,P0249
U0126,P0250
U0126,P0260
U0126,P0261
U0127,P0027
U0127,P0028
U0127,P0029
U0127,P0030
U0127,P0031
U0127,P0032
U0127,P0033
U0127,P0034
U0127,P0035
U0127,P0036
U0127,P0037
U0127,P0038
U0127,P0039
U0127,P0040
U0127,P0041
U0127,P0042
U0127,P0043
U0127,P0044
U0127,P0045
U0127,P0046
U0127,P0047
U0127,P0048
U0127,P0049
U0127,P0050
U0127,P0051
U0127,P0052
U0127,P0053
U0127,P0054
U0127,P0055
U0127,P0056
U0127,P0057
U0127,P0058
U0127,P0059
U0127,P0060
U0127,P0061
U0127,P0062
U0127,P0063
U0127,P0064
U0127,P0065
U0127,P0066
U0127,P0067
U0127,P0068
U0127,P0069
U0127,P0070
U0127,P0071
U0127,P0072
U0127,P0073
U0127,P0074
U0127,P0075
U0127,P0076
U0127,P0077
U0127,P0078
U0127,P0079
U0127,P0080
U0127,P0081
U0127,P0082
U0127,P0083
U0127,P0084
U0127,P0085
U0127,P0086
U0127,P0087
U0127,P0088
U0127,P0089
U0127,P0090
U0127,P0091
U0127,P0092
U0127,P0093
U0127,P0094
U0127,P0095
U0127,P0096
U0127,P0097
U0127,P0098
U0127,P0099
U0127,P0100
U0127,P0101
U0127,P0102
U0127,P0103
U0127,P0104
U0127,P0105
U0127,P0106
U0127,P0107
U0127,P0108
U0127,P0109
U0127,P0110
U0127,P0111
U0127,P0112
U0127,P0113
U0127,P0114
U0127,P0115
U0127,P0116
U0127,P0117
U0127,P0118
U0127,P0119
U0127,P0120
U0127,P0121
U0127,P0122
U0127,P0123
U0127,P0124
U0127,P0125
U0127,P0126
U0127,P0127
U0127,P0128
U0127,P0129
U0127,P0130
U0127,P0246
U0127,P0247
U0127,P0248
U0127,P0249
U0127,P0250
U0128,P0027
U0128,P0028
U0128,P0029
U0128,P0030
U0128,P0031
U0128,P0032
U0128,P0033
U0128,P0034
U0128,P0035
U0128,P0036
U0128,P0037
U0128,P0038
U0128,P0039
U0128,P0040
U0128,P0041
U0128,P0042
U0128,P0043
U0128,P0044
U0128,P0045
U0128,P0046
U0128,P0047
U0128,P0048
U0128,P0049
U0128,P0050
U0128,P0051
U0128,P0052
U0128,P0053
U0128,P0054
U0128,P0055
U0128,P0056
U0128,P0057
U0128,P0058
U0128,P0059
U0128,P0060
U0128,P0061
U0128,P0062
U0128,P0063
U0128,P0064
U0128,P0065
U0128,P0066
U0128,P0067
U0128,P0068
U0128,P0069
U0128,P0070
U0128,P0071
U0128,P0072
U0128,P0073
U0128,P0074
U0128,P0075
U0128,P0076
U0128,P0077
U0128,P0078
U0128,P0079
U0128,P0080
U0128,P0081
U0128,P0082
U0128,P0083
U0128,P0084
U0128,P0085
U0128,P0086
U0128,P0087
U0128,P0088
U0128,P0089
U0128,P0090
U0128,P0091
U0128,P0092
U0128,P0093
U0128,P0094
U0128,P0095
U0128,P0096
U0128,P0097
U0128,P0098
U0128,P0099
U0128,P0100
U0128,P0101
U0128,P0102
U0128,P0103
U0128,P0104
U0128,P0105
U0128,P0106
U0128,P0107
U0128,P0108
U0128,P0109
U0128,P0110
U0128,P0111
U0128,P0112
U0128,P0113
U0128,P0114
U0128,P0115
U0128,P0116
U0128,P0117
U0128,P0118
U0128,P0119
U0128,P0120
U0128,P0121
U0128,P0122
U0128,P0123
U0128,P0124
U0128,P0125
U0128,P0126
U0128,P0127
U0128,P0128
U0128,P0129
U0128,P0130
U0128,P0246
U0128,P0247
U0128,P0248
U0128,P0249
U0128,P0250
U0128,P0251
U0128,P0252
U0128,P0254
U0128,P0255
U0128,P0256
U0128,P0257
U0128,P0258
U0128,P0259
U0129,P0027
U0129,P0028
U0129,P0029
U0129,P0030
U0129,P0031
U0129,P0032
U0129,P0033
U0129,P0034
U0129,P0035
U0129,P0036
U0129,P0037
U0129,P0038
U0129,P0039
U0129,P0040
U0129,P0041
U0129,P0042
U0129,P0043
U0129,P0044
U0129,P0045
U0129,P0046
U0129,P0047
U0129,P0048
U0129,P0049
U0129,P0050
U0129,P0051
U0129,P0052
U0129,P0053
U0129,P0054
U0129,P0055
U0129,P0056
U0129,P0057
U0129,P0058
U0129,P0059
U0129,P0060
U0129,P0061
U0129,P0062
U0129,P0063
U0129,P0064
U0129,P0065
U0129,P0066
U0129,P0067
U0129,P0068
U0129,P0069
U0129,P0070
U0129,P0071
U0129,P0072
U0129,P0073
U0129,P0074
U0129,P0075
U0129,P0076
U0129,P0077
U0129,P0078
U0129,P0079
U0129,P0080
U0129,P0081
U0129,P0082
U0129,P0083
U0129,P0084
U0129,P0085
U0129,P0086
U0129,P0087
U0129,P0088
U0129,P0089
U0129,P0090
U0129,P0091
U0129,P0092
U0129,P0093
U0129,P0094
U0129,P0095
U0129,P0096
U0129,P0097
U0129,P0098
U0129,P0099
U0129,P0100
U0129,P0101
U0129,P0102
U0129,P0103
U0129,P0104
U0129,P0105
U0129,P0106
U0129,P0107
U0129,P0108
U0129,P0109
U0129,P0110
U0129,P0111
U0129,P0112
U0129,P0113
U0129,P0114
U0129,P0115
U0129,P0116
U0129,P0117
U0129,P0118
U0129,P0119
U0129,P0120
U0129,P0121
U0129,P0122
U0129,P0123
U0129,P0124
U0129,P0125
U0129,P0126
U0129,P0127
U0129,P0128
U0129,P0129
U0129,P0130
U0129,P0247
U0129,P0248
U0129,P0249
U0129,P0250
U0130,P0027
U0130,P0028
U0130,P0029
U0130,P0030
U0130,P0031
U0130,P0032
U0130,P0033
U0130,P0034
U0130,P0035
U0130,P0036
U0130,P0037
U0130,P0038
U0130,P0039
U0130,P0040
U0130,P0041
U0130,P0042
U0130,P0043
U0130,P0044
U0130,P0045
U0130,P0046
U0130,P0047
U0130,P0048
U0130,P0049
U0130,P0050
U0130,P0051
U0130,P0052
U0130,P0053
U0130,P0054
U0130,P0055
U0130,P0056
U0130,P0057
U0130,P0058
U0130,P0059
U0130,P0060
U0130,P0061
U0130,P0062
U0130,P0063
U0130,P0064
U0130,P0065
U0130,P0066
U0130,P0067
U0130,P0068
U0130,P0069
U0130,P0070
U0130,P0071
U0130,P0072
U0130,P0073
U0130,P0074
U0130,P0075
U0130,P0076
U0130,P0077
U0130,P0078
U0130,P0079
U0130,P0080
U0130,P0081
U0130,P0082
U0130,P0083
U0130,P0084
U0130,P0085
U0130,P0086
U0130,P0087
U0130,P0088
U0130,P0089
U0130,P0090
U0130,P0091
U0130,P0092
U0130,P0093
U0130,P0094
U0130,P0095
U0130,P0096
U0130,P0097
U0130,P0098
U0130,P0099
U0130,P0100
U0130,P0101
U0130,P0102
U0130,P0103
U0130,P0104
U0130,P0105
U0130,P0106
U0130,P0107
U0130,P0108
U0130,P0109
U0130,P0110
U0130,P0111
U0130,P0112
U0130,P0113
U0130,P0114
U0130,P0115
U0130,P0116
U0130,P0117
U0130,P0118
U0130,P0119
U0130,P0120
U0130,P0121
U0130,P0122
U0130,P0123
U0130,P0124
U0130,P0125
U0130,P0126
U0130,P0127
U0130,P0128
U0130,P0129
U0130,P0130
U0130,P0246
U0130,P0247
U0130,P0248
U0130,P0249
U0130,P0250
U0130,P0251
U0130,P0252
U0130,P0253
U0131,P0027
U0131,P0028
U0131,P0029
U0131,P0030
U0131,P0031
U0131,P0032
U0131,P0033
U0131,P0034
U0131,P0035
U0131,P0036
U0131,P0037
U0131,P0038
U0131,P0039
U0131,P0040
U0131,P0041
U0131,P0042
U0131,P0043
U0131,P0044
U0131,P0045
U0131,P0046
U0131,P0047
U0131,P0048
U0131,P0049
U0131,P0050
U0131,P0051
U0131,P0052
U0131,P0053
U0131,P0054
U0131,P0055
U0131,P0056
U0131,P0057
U0131,P0058
U0131,P0059
U0131,P0060
U0131,P0061
U0131,P0062
U0131,P0063
U0131,P0064
U0131,P0065
U0131,P0066
U0131,P0067
U0131,P0068
U0131,P0069
U0131,P0070
U0131,P0071
U0131,P0072
U0131,P0073
U0131,P0074
U0131,P0075
U0131,P0076
U0131,P0077
U0131,P0078
U0131,P0079
U0131,P0080
U0131,P0081
U0131,P0082
U0131,P0083
U0131,P0084
U0131,P0085
U0131,P0086
U0131,P0087
U0131,P0088
U0131,P0089
U0131,P0090
U0131,P0091
U0131,P0092
U0131,P0093
U0131,P0094
U0131,P0095
U0131,P0096
U0131,P0097
U0131,P0098
U0131,P0099
U0131,P0100
U0131,P0101
U0131,P0102
U0131,P0103
U0131,P0104
U0131,P0105
U0131,P0106
U0131,P0107
U0131,P0108
U0131,P0109
U0131,P0110
U0131,P0111
U0131,P0112
U0131,P0113
U0131,P0114
U0131,P0115
U0131,P0116
U0131,P0117
U0131,P0118
U0131,P0119
U0131,P0120
U0131,P0121
U0131,P0122
U0131,P0123
U0131,P0124
U0131,P0125
U0131,P0126
U0131,P0127
U0131,P0128
U0131,P0129
U0131,P0130
U0131,P0246
U0131,P0247
U0131,P0248
U0131,P0249
U0131,P0250
U0132,P0285
U0132,P0286
U0132,P0287
U0132,P0288
U0132,P0289
U0132,P0290
U0133,P0027
U0133,P0028
U0133,P0029
U0133,P0030
U0133,P0031
U0133,P0032
U0133,P0033
U0133,P0034
U0133,P0035
U0133,P0036
U0133,P0037
U0133,P0038
U0133,P0039
U0133,P0040
U0133,P0041
U0133,P0042
U0133,P0043
U0133,P0044
U0133,P0045
U0133,P0046
U0133,P0047
U0133,P0048
U0133,P0049
U0133,P0050
U0133,P0051
U0133,P0052
U0133,P0053
U0133,P0054
U0133,P0055
U0133,P0056
U0133,P0057
U0133,P0058
U0133,P0059
U0133,P0060
U0133,P0061
U0133,P0062
U0133,P0063
U0133,P0064
U0133,P0065
U0133,P0066
U0133,P0067
U0133,P0068
U0133,P0069
U0133,P0070
U0133,P0071
U0133,P0072
U0133,P0073
U0133,P0074
U0133,P0075
U0133,P0076
U0133,P0077
U0133,P0078
U0133,P0079
U0133,P0080
U0133,P0081
U0133,P0082
U0133,P0083
U0133,P0084
U0133,P0085
U0133,P0086
U0133,P0087
U0133,P0088
U0133,P0089
U0133,P0090
U0133,P0091
U0133,P0092
U0133,P0093
U0133,P0094
U0133,P0095
U0133,P0096
U0133,P0097
U0133,P0098
U0133,P0099
U0133,P0100
U0133,P0101
U0133,P0102
U0133,P0103
U0133,P0104
U0133,P0105
U0133,P0106
U0133,P0107
U0133,P0108
U0133,P0109
U0133,P0110
U0133,P0111
U0133,P0112
U0133,P0113
U0133,P0114
U0133,P0115
U0133,P0116
U0133,P0117
U0133,P0118
U0133,P0119
U0133,P0120
U0133,P0121
U0133,P0122
U0133,P0123
U0133,P0124
U0133,P0125
U0133,P0126
U0133,P0127
U0133,P0128
U0133,P0129
U0133,P0130
U0133,P0246
U0133,P0247
U0133,P0248
U0133,P0249
U0133,P0250
U0134,P0027
U0134,P0028
U0134,P0029
U0134,P0030
U0134,P0031
U0134,P0032
U0134,P0033
U0134,P0034
U0134,P0035
U0134,P0036
U0134,P0037
U0134,P0038
U0134,P0039
U0134,P0040
U0134,P0041
U0134,P0042
U0134,P0043
U0134,P0044
U0134,P0045
U0134,P0046
U0134,P0047
U0134,P0048
U0134,P0049
U0134,P0050
U0134,P0051
U0134,P0052
U0134,P0053
U0134,P0054
U0134,P0055
U0134,P0056
U0134,P0057
U0134,P0058
U0134,P0059
U0134,P0060
U0134,P0061
U0134,P0062
U0134,P0063
U0134,P0064
U0134,P0065
U0134,P0066
U0134,P0067
U0134,P0068
U0134,P0069
U0134,P0070
U0134,P0071
U0134,P0072
U0134,P0073
U0134,P0074
U0134,P0075
U0134,P0076
U0134,P0077
U0134,P0078
U0134,P0079
U0134,P0080
U0134,P0081
U0134,P0082
U0134,P0083
U0134,P0084
U0134,P0085
U0134,P0086
U0134,P0087
U0134,P0088
U0134,P0089
U0134,P0090
U0134,P0091
U0134,P0092
U0134,P0093
U0134,P0094
U0134,P0095
U0134,P0096
U0134,P0097
U0134,P0098
U0134,P0099
U0134,P0100
U0134,P0101
U0134,P0102
U0134,P0103
U0134,P0104
U0134,P0105
U0134,P0106
U0134,P0107
U0134,P0108
U0134,P0109
U0134,P0110
U0134,P0111
U0134,P0112
U0134,P0113
U0134,P0114
U0134,P0115
U0134,P0116
U0134,P0117
U0134,P0118
U0134,P0119
U0134,P0120
U0134,P0121
U0134,P0122
U0134,P0123
U0134,P0124
U0134,P0125
U0134,P0126
U0134,P0127
U0134,P0128
U0134,P0129
U0134,P0130
U0134,P0246
U0134,P0247
U0134,P0248
U0134,P0249
U0134,P0250
U0135,P0017
U0135,P0027
U0135,P0028
U0135,P0029
U0135,P0030
U0135,P0031
U0135,P0032
U0135,P0033
U0135,P0034
U0135,P0035
U0135,P0036
U0135,P0037
U0135,P0038
U0135,P0039
U0135,P0040
U0135,P0041
U0135,P0042
U0135,P0043
U0135,P0044
U0135,P0045
U0135,P0046
U0135,P0047
U0135,P0048
U0135,P0049
U0135,P0050
U0135,P0051
U0135,P0052
U0135,P0053
U0135,P0054
U0135,P0055
U0135,P0056
U0135,P0057
U0135,P0058
U0135,P0059
U0135,P0060
U0135,P0061
U0135,P0062
U0135,P0063
U0135,P0064
U0135,P0065
U0135,P0066
U0135,P0067
U0135,P0068
U0135,P0069
U0135,P0070
U0135,P0071
U0135,P0072
U0135,P0073
U0135,P0074
U0135,P0075
U0135,P0076
U0135,P0077
U0135,P0078
U0135,P0079
U0135,P0080
U0135,P0081
U0135,P0082
U0135,P0083
U0135,P0084
U0135,P0085
U0135,P0086
U0135,P0087
U0135,P0088
U0135,P0089
U0135,P0090
U0135,P0091
U0135,P0092
U0135,P0093
U0135,P0094
U0135,P0095
U0135,P0096
U0135,P0097
U0135,P0098
U0135,P0099
U0135,P0100
U0135,P0101
U0135,P0102
U0135,P0103
U0135,P0104
U0135,P0105
U0135,P0106
U0135,P0107
U0135,P0108
U0135,P0109
U0135,P0110
U0135,P0111
U0135,P0112
U0135,P0113
U0135,P0114
U0135,P0115
U0135,P0116
U0135,P0117
U0135,P0118
U0135,P0119
U0135,P0120
U0135,P0121
U0135,P0122
U0135,P0123
U0135,P0124
U0135,P0125
U0135,P0126
U0135,P0127
U0135,P0128
U0135,P0129
U0135,P0130
U0135,P0151
U0135,P0152
U0135,P0246
U0135,P0247
U0135,P0248
U0135,P0249
U0135,P0250
U0135,P0251
U0135,P0252
U0135,P0253
U0135,P0268
U0136,P0017
U0136,P0027
U0136,P0028
U0136,P0029
U0136,P0030
U0136,P0031
U0136,P0032
U0136,P0033
U0136,P0034
U0136,P0035
U0136,P0036
U0136,P0037
U0136,P0038
U0136,P0039
U0136,P0040
U0136,P0041
U0136,P0042
U0136,P0043
U0136,P0044
U0136,P0045
U0136,P0046
U0136,P0047
U0136,P0048
U0136,P0049
U0136,P0050
U0136,P0051
U0136,P0052
U0136,P0053
U0136,P0054
U0136,P0055
U0136,P0056
U0136,P0057
U0136,P0058
U0136,P0059
U0136,P0060
U0136,P0061
U0136,P0062
U0136,P0063
U0136,P0064
U0136,P0065
U0136,P0066
U0136,P0067
U0136,P0068
U0136,P0069
U0136,P0070
U0136,P0071
U0136,P0072
U0136,P0073
U0136,P0074
U0136,P0075
U0136,P0076
U0136,P0077
U0136,P0078
U0136,P0079
U0136,P0080
U0136,P0081
U0136,P0082
U0136,P0083
U0136,P0084
U0136,P0085
U0136,P0086
U0136,P0087
U0136,P0088
U0136,P0089
U0136,P0090
U0136,P0091
U0136,P0092
U0136,P0093
U0136,P0094
U0136,P0095
U0136,P0096
U0136,P0097
U0136,P0098
U0136,P0099
U0136,P0100
U0136,P0101
U0136,P0102
U0136,P0103
U0136,P0104
U0136,P0105
U0136,P0106
U0136,P0107
U0136,P0108
U0136,P0109
U0136,P0110
U0136,P0111
U0136,P0112
U0136,P0113
U0136,P0114
U0136,P0115
U0136,P0116
U0136,P0117
U0136,P0118
U0136,P0119
U0136,P0120
U0136,P0121
U0136,P0122
U0136,P0123
U0136,P0124
U0136,P0125
U0136,P0126
U0136,P0127
U0136,P0128
U0136,P0129
U0136,P0130
U0136,P0151
U0136,P0152
U0136,P0246
U0136,P0247
U0136,P0248
U0136,P0249
U0136,P0250
U0136,P0268
U0137,P0027
U0137,P0028
U0137,P0029
U0137,P0030
U0137,P0031
U0137,P0032
U0137,P0033
U0137,P0034
U0137,P0035
U0137,P0036
U0137,P0037
U0137,P0038
U0137,P0039
U0137,P0040
U0137,P0041
U0137,P0042
U0137,P0043
U0137,P0044
U0137,P0045
U0137,P0046
U0137,P0047
U0137,P0048
U0137,P0049
U0137,P0050
U0137,P0051
U0137,P0052
U0137,P0053
U0137,P0054
U0137,P0055
U0137,P0056
U0137,P0057
U0137,P0058
U0137,P0059
U0137,P0060
U0137,P0061
U0137,P0062
U0137,P0063
U0137,P0064
U0137,P0065
U0137,P0066
U0137,P0067
U0137,P0068
U0137,P0069
U0137,P0070
U0137,P0071
U0137,P0072
U0137,P0073
U0137,P0074
U0137,P0075
U0137,P0076
U0137,P0077
U0137,P0078
U0137,P0079
U0137,P0080
U0137,P0081
U0137,P0082
U0137,P0083
U0137,P0084
U0137,P0085
U0137,P0086
U0137,P0087
U0137,P0088
U0137,P0089
U0137,P0090
U0137,P0091
U0137,P0092
U0137,P0093
U0137,P0094
U0137,P0095
U0137,P0096
U0137,P0097
U0137,P0098
U0137,P0099
U0137,P0100
U0137,P0101
U0137,P0102
U0137,P0103
U0137,P0104
U0137,P0105
U0137,P0106
U0137,P0107
U0137,P0108
U0137,P0109
U0137,P0110
U0137,P0111
U0137,P0112
U0137,P0113
U0137,P0114
U0137,P0115
U0137,P0116
U0137,P0117
U0137,P0118
U0137,P0119
U0137,P0120
U0137,P0121
U0137,P0122
U0137,P0123
U0137,P0124
U0137,P0125
U0137,P0126
U0137,P0127
U0137,P0128
U0137,P0129
U0137,P0130
U0137,P0246
U0137,P0247
U0137,P0248
U0137,P0249
U0137,P0250
U0138,P0027
U0138,P0028
U0138,P0029
U0138,P0030
U0138,P0031
U0138,P0032
U0138,P0033
U0138,P0034
U0138,P0035
U0138,P0036
U0138,P0037
U0138,P0038
U0138,P0039
U0138,P0040
U0138,P0041
U0138,P0042
U0138,P0043
U0138,P0044
U0138,P0045
U0138,P0046
U0138,P0047
U0138,P0048
U0138,P0049
U0138,P0050
U0138,P0051
U0138,P0052
U0138,P0053
U0138,P0054
U0138,P0055
U0138,P0056
U0138,P0057
U0138,P0058
U0138,P0059
U0138,P0060
U0138,P0061
U0138,P0062
U0138,P0063
U0138,P0064
U0138,P0065
U0138,P0066
U0138,P0067
U0138,P0068
U0138,P0069
U0138,P0070
U0138,P0071
U0138,P0072
U0138,P0073
U0138,P0074
U0138,P0075
U0138,P0076
U0138,P0077
U0138,P0078
U0138,P0079
U0138,P0080
U0138,P0081
U0138,P0082
U0138,P0083
U0138,P0084
U0138,P0085
U0138,P0086
U0138,P0087
U0138,P0088
U0138,P0089
U0138,P0090
U0138,P0091
U0138,P0092
U0138,P0093
U0138,P0094
U0138,P0095
U0138,P0096
U0138,P0097
U0138,P0098
U0138,P0099
U0138,P0100
U0138,P0101
U0138,P0102
U0138,P0103
U0138,P0104
U0138,P0105
U0138,P0106
U0138,P0107
U0138,P0108
U0138,P0109
U0138,P0110
U0138,P0111
U0138,P0112
U0138,P0113
U0138,P0114
U0138,P0115
U0138,P0116
U0138,P0117
U0138,P0118
U0138,P0119
U0138,P0120
U0138,P0121
U0138,P0122
U0138,P0123
U0138,P0124
U0138,P0125
U0138,P0126
U0138,P0127
U0138,P0128
U0138,P0129
U0138,P0130
U0138,P0246
U0138,P0247
U0138,P0248
U0138,P0249
U0138,P0250
U0139,P0027
U0139,P0028
U0139,P0029
U0139,P0030
U0139,P0031
U0139,P0032
U0139,P0033
U0139,P0034
U0139,P0035
U0139,P0036
U0139,P0037
U0139,P0038
U0139,P0039
U0139,P0040
U0139,P0041
U0139,P0042
U0139,P0043
U0139,P0044
U0139,P0045
U0139,P0046
U0139,P0047
U0139,P0048
U0139,P0049
U0139,P0050
U0139,P0051
U0139,P0052
U0139,P0053
U0139,P0054
U0139,P0055
U0139,P0056
U0139,P0057
U0139,P0058
U0139,P0059
U0139,P0060
U0139,P0061
U0139,P0062
U0139,P0063
U0139,P0064
U0139,P0065
U0139,P0066
U0139,P0067
U0139,P0068
U0139,P0069
U0139,P0070
U0139,P0071
U0139,P0072
U0139,P0073
U0139,P0074
U0139,P0075
U0139,P0076
U0139,P0077
U0139,P0078
U0139,P0079
U0139,P0080
U0139,P0081
U0139,P0082
U0139,P0083
U0139,P0084
U0139,P0085
U0139,P0086
U0139,P0087
U0139,P0088
U0139,P0089
U0139,P0090
U0139,P0091
U0139,P0092
U0139,P0093
U0139,P0094
U0139,P0095
U0139,P0096
U0139,P0097
U0139,P0098
U0139,P0099
U0139,P0100
U0139,P0101
U0139,P0102
U0139,P0103
U0139,P0104
U0139,P0105
U0139,P0106
U0139,P0107
U0139,P0108
U0139,P0109
U0139,P0110
U0139,P0111
U0139,P0112
U0139,P0113
U0139,P0114
U0139,P0115
U0139,P0116
U0139,P0117
U0139,P0118
U0139,P0119
U0139,P0120
U0139,P0121
U0139,P0122
U0139,P0123
U0139,P0124
U0139,P0125
U0139,P0126
U0139,P0127
U0139,P0128
U0139,P0129
U0139,P0130
U0139,P0246
U0139,P0247
U0139,P0248
U0139,P0249
U0139,P0250
U0140,P0027
U0140,P0028
U0140,P0029
U0140,P0030
U0140,P0031
U0140,P0032
U0140,P0033
U0140,P0034
U0140,P0035
U0140,P0036
U0140,P0037
U0140,P0038
U0140,P0039
U0140,P0040
U0140,P0041
U0140,P0042
U0140,P0043
U0140,P0044
U0140,P0045
U0140,P0046
U0140,P0047
U0140,P0048
U0140,P0049
U0140,P0050
U0140,P0051
U0140,P0052
U0140,P0053
U0140,P0054
U0140,P0055
U0140,P0056
U0140,P0057
U0140,P0058
U0140,P0059
U0140,P0060
U0140,P0061
U0140,P0062
U0140,P0063
U0140,P0064
U0140,P0065
U0140,P0066
U0140,P0067
U0140,P0068
U0140,P0069
U0140,P0070
U0140,P0071
U0140,P0072
U0140,P0073
U0140,P0074
U0140,P0075
U0140,P0076
U0140,P0077
U0140,P0078
U0140,P0079
U0140,P0080
U0140,P0081
U0140,P0082
U0140,P0083
U0140,P0084
U0140,P0085
U0140,P0086
U0140,P0087
U0140,P0088
U0140,P0089
U0140,P0090
U0140,P0091
U0140,P0092
U0140,P0093
U0140,P0094
U0140,P0095
U0140,P0096
U0140,P0097
U0140,P0098
U0140,P0099
U0140,P0100
U0140,P0101
U0140,P0102
U0140,P0103
U0140,P0104
U0140,P0105
U0140,P0106
U0140,P0107
U0140,P0108
U0140,P0109
U0140,P0110
U0140,P0111
U0140,P0112
U0140,P0113
U0140,P0114
U0140,P0115
U0140,P0116
U0140,P0117
U0140,P0118
U0140,P0119
U0140,P0120
U0140,P0121
U0140,P0122
U0140,P0123
U0140,P0124
U0140,P0125
U0140,P0126
U0140,P0127
U0140,P0128
U0140,P0129
U0140,P0130
U0140,P0150
U0140,P0151
U0140,P0152
U0140,P0153
U0140,P0154
U0140,P0155
U0140,P0156
U0140,P0157
U0140,P0158
U0140,P0159
U0140,P0160
U0140,P0161
U0140,P0162
U0140,P0163
U0140,P0164
U0140,P0165
U0140,P0166
U0140,P0167
U0140,P0168
U0140,P0169
U0140,P0170
U0140,P0171
U0140,P0172
U0140,P0173
U0140,P0174
U0140,P0175
U0140,P0176
U0140,P0177
U0140,P0178
U0140,P0179
U0140,P0180
U0140,P0181
U0140,P0182
U0140,P0183
U0140,P0184
U0140,P0185
U0140,P0186
U0140,P0187
U0140,P0188
U0140,P0189
U0140,P0190
U0140,P0191
U0140,P0192
U0140,P0193
U0140,P0194
U0140,P0195
U0140,P0196
U0140,P0197
U0140,P0198
U0140,P0199
U0140,P0200
U0140,P0201
U0140,P0202
U0140,P0203
U0140,P0204
U0140,P0205
U0140,P0206
U0140,P0207
U0140,P0208
U0140,P0209
U0140,P0210
U0140,P0211
U0140,P0212
U0140,P0213
U0140,P0246
U0140,P0247
U0140,P0248
U0140,P0249
U0140,P0250
U0141,P0027
U0141,P0028
U0141,P0029
U0141,P0030
U0141,P0031
U0141,P0032
U0141,P0033
U0141,P0034
U0141,P0035
U0141,P0036
U0141,P0037
U0141,P0038
U0141,P0039
U0141,P0040
U0141,P0041
U0141,P0042
U0141,P0043
U0141,P0044
U0141,P0045
U0141,P0046
U0141,P0047
U0141,P0048
U0141,P0049
U0141,P0050
U0141,P0051
U0141,P0052
U0141,P0053
U0141,P0054
U0141,P0055
U0141,P0056
U0141,P0057
U0141,P0058
U0141,P0059
U0141,P0060
U0141,P0061
U0141,P0062
U0141,P0063
U0141,P0064
U0141,P0065
U0141,P0066
U0141,P0067
U0141,P0068
U0141,P0069
U0141,P0070
U0141,P0071
U0141,P0072
U0141,P0073
U0141,P0074
U0141,P0075
U0141,P0076
U0141,P0077
U0141,P0078
U0141,P0079
U0141,P0080
U0141,P0081
U0141,P0082
U0141,P0083
U0141,P0084
U0141,P0085
U0141,P0086
U0141,P0087
U0141,P0088
U0141,P0089
U0141,P0090
U0141,P0091
U0141,P0092
U0141,P0093
U0141,P0094
U0141,P0095
U0141,P0096
U0141,P0097
U0141,P0098
U0141,P0099
U0141,P0100
U0141,P0101
U0141,P0102
U0141,P0103
U0141,P0104
U0141,P0105
U0141,P0106
U0141,P0107
U0141,P0108
U0141,P0109
U0141,P0110
U0141,P0111
U0141,P0112
U0141,P0113
U0141,P0114
U0141,P0115
U0141,P0116
U0141,P0117
U0141,P0118
U0141,P0119
U0141,P0120
U0141,P0121
U0141,P0122
U0141,P0123
U0141,P0124
U0141,P0125
U0141,P0126
U0141,P0127
U0141,P0128
U0141,P0129
U0141,P0130
U0141,P0246
U0141,P0247
U0141,P0248
U0141,P0249
U0141,P0250
U0142,P0027
U0142,P0028
U0142,P0029
U0142,P0030
U0142,P0031
U0142,P0032
U0142,P0033
U0142,P0034
U0142,P0035
U0142,P0036
U0142,P0037
U0142,P0038
U0142,P0039
U0142,P0040
U0142,P0041
U0142,P0042
U0142,P0043
U0142,P0044
U0142,P0045
U0142,P0046
U0142,P0047
U0142,P0048
U0142,P0049
U0142,P0050
U0142,P0051
U0142,P0052
U0142,P0053
U0142,P0054
U0142,P0055
U0142,P0056
U0142,P0057
U0142,P0058
U0142,P0059
U0142,P0060
U0142,P0061
U0142,P0062
U0142,P0063
U0142,P0064
U0142,P0065
U0142,P0066
U0142,P0067
U0142,P0068
U0142,P0069
U0142,P0070
U0142,P0071
U0142,P0072
U0142,P0073
U0142,P0074
U0142,P0075
U0142,P0076
U0142,P0077
U0142,P0078
U0142,P0079
U0142,P0080
U0142,P0081
U0142,P0082
U0142,P0083
U0142,P0084
U0142,P0085
U0142,P0086
U0142,P0087
U0142,P0088
U0142,P0089
U0142,P0090
U0142,P0091
U0142,P0092
U0142,P0093
U0142,P0094
U0142,P0095
U0142,P0096
U0142,P0097
U0142,P0098
U0142,P0099
U0142,P0100
U0142,P0101
U0142,P0102
U0142,P0103
U0142,P0104
U0142,P0105
U0142,P0106
U0142,P0107
U0142,P0108
U0142,P0109
U0142,P0110
U0142,P0111
U0142,P0112
U0142,P0113
U0142,P0114
U0142,P0115
U0142,P0116
U0142,P0117
U0142,P0118
U0142,P0119
U0142,P0120
U0142,P0121
U0142,P0122
U0142,P0123
U0142,P0124
U0142,P0125
U0142,P0126
U0142,P0127
U0142,P0128
U0142,P0129
U0142,P0130
U0142,P0214
U0142,P0246
U0142,P0247
U0142,P0248
U0142,P0249
U0142,P0250
U0143,P0027
U0143,P0028
U0143,P0029
U0143,P0030
U0143,P0031
U0143,P0032
U0143,P0033
U0143,P0034
U0143,P0035
U0143,P0036
U0143,P0037
U0143,P0038
U0143,P0039
U0143,P0040
U0143,P0041
U0143,P0042
U0143,P0043
U0143,P0044
U0143,P0045
U0143,P0046
U0143,P0047
U0143,P0048
U0143,P0049
U0143,P0050
U0143,P0051
U0143,P0052
U0143,P0053
U0143,P0054
U0143,P0055
U0143,P0056
U0143,P0057
U0143,P0058
U0143,P0059
U0143,P0060
U0143,P0061
U0143,P0062
U0143,P0063
U0143,P0064
U0143,P0065
U0143,P0066
U0143,P0067
U0143,P0068
U0143,P0069
U0143,P0070
U0143,P0071
U0143,P0072
U0143,P0073
U0143,P0074
U0143,P0075
U0143,P0076
U0143,P0077
U0143,P0078
U0143,P0079
U0143,P0080
U0143,P0081
U0143,P0082
U0143,P0083
U0143,P0084
U0143,P0085
U0143,P0086
U0143,P0087
U0143,P0088
U0143,P0089
U0143,P0090
U0143,P0091
U0143,P0092
U0143,P0093
U0143,P0094
U0143,P0095
U0143,P0096
U0143,P0097
U0143,P0098
U0143,P0099
U0143,P0100
U0143,P0101
U0143,P0102
U0143,P0103
U0143,P0104
U0143,P0105
U0143,P0106
U0143,P0107
U0143,P0108
U0143,P0109
U0143,P0110
U0143,P0111
U0143,P0112
U0143,P0113
U0143,P0114
U0143,P0115
U0143,P0116
U0143,P0117
U0143,P0118
U0143,P0119
U0143,P0120
U0143,P0121
U0143,P0122
U0143,P0123
U0143,P0124
U0143,P0125
U0143,P0126
U0143,P0127
U0143,P0128
U0143,P0129
U0143,P0130
U0143,P0246
U0143,P0247
U0143,P0248
U0143,P0249
U0143,P0250
U0144,P0002
U0144,P0003
U0144,P0009
U0144,P0023
U0144,P0024
U0144,P0025
U0144,P0027
U0144,P0028
U0144,P0029
U0144,P0030
U0144,P0031
U0144,P0032
U0144,P0033
U0144,P0034
U0144,P0035
U0144,P0036
U0144,P0037
U0144,P0038
U0144,P0039
U0144,P0040
U0144,P0041
U0144,P0042
U0144,P0043
U0144,P0044
U0144,P0045
U0144,P0046
U0144,P0047
U0144,P0048
U0144,P0049
U0144,P0050
U0144,P0051
U0144,P0052
U0144,P0053
U0144,P0054
U0144,P0055
U0144,P0056
U0144,P0057
U0144,P0058
U0144,P0059
U0144,P0060
U0144,P0061
U0144,P0062
U0144,P0063
U0144,P0064
U0144,P0065
U0144,P0066
U0144,P0067
U0144,P0068
U0144,P0069
U0144,P0070
U0144,P0071
U0144,P0072
U0144,P0073
U0144,P0074
U0144,P0075
U0144,P0076
U0144,P0077
U0144,P0078
U0144,P0079
U0144,P0080
U0144,P0081
U0144,P0082
U0144,P0083
U0144,P0084
U0144,P0085
U0144,P0086
U0144,P0087
U0144,P0088
U0144,P0089
U0144,P0090
U0144,P0091
U0144,P0092
U0144,P0093
U0144,P0094
U0144,P0095
U0144,P0096
U0144,P0097
U0144,P0098
U0144,P0099
U0144,P0100
U0144,P0101
U0144,P0102
U0144,P0103
U0144,P0104
U0144,P0105
U0144,P0106
U0144,P0107
U0144,P0108
U0144,P0109
U0144,P0110
U0144,P0111
U0144,P0112
U0144,P0113
U0144,P0114
U0144,P0115
U0144,P0116
U0144,P0117
U0144,P0118
U0144,P0119
U0144,P0120
U0144,P0121
U0144,P0122
U0144,P0123
U0144,P0124
U0144,P0125
U0144,P0126
U0144,P0127
U0144,P0128
U0144,P0129
U0144,P0130
U0144,P0131
U0144,P0132
U0144,P0133
U0144,P0134
U0144,P0135
U0144,P0136
U0144,P0137
U0144,P0144
U0144,P0145
U0144,P0146
U0144,P0147
U0144,P0148
U0144,P0149
U0144,P0150
U0144,P0151
U0144,P0152
U0144,P0153
U0144,P0154
U0144,P0155
U0144,P0156
U0144,P0157
U0144,P0158
U0144,P0159
U0144,P0160
U0144,P0161
U0144,P0162
U0144,P0163
U0144,P0164
U0144,P0165
U0144,P0166
U0144,P0167
U0144,P0168
U0144,P0169
U0144,P0170
U0144,P0171
U0144,P0172
U0144,P0173
U0144,P0174
U0144,P0175
U0144,P0176
U0144,P0177
U0144,P0178
U0144,P0179
U0144,P0180
U0144,P0181
U0144,P0182
U0144,P0183
U0144,P0184
U0144,P0185
U0144,P0186
U0144,P0187
U0144,P0188
U0144,P0189
U0144,P0190
U0144,P0191
U0144,P0192
U0144,P0193
U0144,P0194
U0144,P0195
U0144,P0196
U0144,P0197
U0144,P0198
U0144,P0199
U0144,P0200
U0144,P0201
U0144,P0202
U0144,P0203
U0144,P0204
U0144,P0205
U0144,P0206
U0144,P0207
U0144,P0208
U0144,P0209
U0144,P0210
U0144,P0212
U0144,P0215
U0144,P0216
U0144,P0217
U0144,P0218
U0144,P0219
U0144,P0220
U0144,P0221
U0144,P0222
U0144,P0223
U0144,P0224
U0144,P0225
U0144,P0226
U0144,P0227
U0144,P0228
U0144,P0229
U0144,P0230
U0144,P0231
U0144,P0232
U0144,P0233
U0144,P0234
U0144,P0235
U0144,P0236
U0144,P0237
U0144,P0238
U0144,P0239
U0144,P0240
U0144,P0241
U0144,P0246
U0144,P0247
U0144,P0248
U0144,P0249
U0144,P0250
U0145,P0027
U0145,P0028
U0145,P0029
U0145,P0030
U0145,P0031
U0145,P0032
U0145,P0033
U0145,P0034
U0145,P0035
U0145,P0036
U0145,P0037
U0145,P0038
U0145,P0039
U0145,P0040
U0145,P0041
U0145,P0042
U0145,P0043
U0145,P0044
U0145,P0045
U0145,P0046
U0145,P0047
U0145,P0048
U0145,P0049
U0145,P0050
U0145,P0051
U0145,P0052
U0145,P0053
U0145,P0054
U0145,P0055
U0145,P0056
U0145,P0057
U0145,P0058
U0145,P0059
U0145,P0060
U0145,P0061
U0145,P0062
U0145,P0063
U0145,P0064
U0145,P0065
U0145,P0066
U0145,P0067
U0145,P0068
U0145,P0069
U0145,P0070
U0145,P0071
U0145,P0072
U0145,P0073
U0145,P0074
U0145,P0075
U0145,P0076
U0145,P0077
U0145,P0078
U0145,P0079
U0145,P0080
U0145,P0081
U0145,P0082
U0145,P0083
U0145,P0084
U0145,P0085
U0145,P0086
U0145,P0087
U0145,P0088
U0145,P0089
U0145,P0090
U0145,P0091
U0145,P0092
U0145,P0093
U0145,P0094
U0145,P0095
U0145,P0096
U0145,P0097
U0145,P0098
U0145,P0099
U0145,P0100
U0145,P0101
U0145,P0102
U0145,P0103
U0145,P0104
U0145,P0105
U0145,P0106
U0145,P0107
U0145,P0108
U0145,P0109
U0145,P0110
U0145,P0111
U0145,P0112
U0145,P0113
U0145,P0114
U0145,P0115
U0145,P0116
U0145,P0117
U0145,P0118
U0145,P0119
U0145,P0120
U0145,P0121
U0145,P0122
U0145,P0123
U0145,P0124
U0145,P0125
U0145,P0126
U0145,P0127
U0145,P0128
U0145,P0129
U0145,P0130
U0145,P0235
U0145,P0246
U0145,P0247
U0145,P0248
U0145,P0249
U0145,P0250
U0146,P0027
U0146,P0028
U0146,P0029
U0146,P0030
U0146,P0031
U0146,P0032
U0146,P0033
U0146,P0034
U0146,P0035
U0146,P0036
U0146,P0037
U0146,P0038
U0146,P0039
U0146,P0040
U0146,P0041
U0146,P0042
U0146,P0043
U0146,P0044
U0146,P0045
U0146,P0046
U0146,P0047
U0146,P0048
U0146,P0049
U0146,P0050
U0146,P0051
U0146,P0052
U0146,P0053
U0146,P0054
U0146,P0055
U0146,P0056
U0146,P0057
U0146,P0058
U0146,P0059
U0146,P0060
U0146,P0061
U0146,P0062
U0146,P0063
U0146,P0064
U0146,P0065
U0146,P0066
U0146,P0067
U0146,P0068
U0146,P0069
U0146,P0070
U0146,P0071
U0146,P0072
U0146,P0073
U0146,P0074
U0146,P0075
U0146,P0076
U0146,P0077
U0146,P0078
U0146,P0079
U0146,P0080
U0146,P0081
U0146,P0082
U0146,P0083
U0146,P0084
U0146,P0085
U0146,P0086
U0146,P0087
U0146,P0088
U0146,P0089
U0146,P0090
U0146,P0091
U0146,P0092
U0146,P0093
U0146,P0094
U0146,P0095
U0146,P0096
U0146,P0097
U0146,P0098
U0146,P0099
U0146,P0100
U0146,P0101
U0146,P0102
U0146,P0103
U0146,P0104
U0146,P0105
U0146,P0106
U0146,P0107
U0146,P0108
U0146,P0109
U0146,P0110
U0146,P0111
U0146,P0112
U0146,P0113
U0146,P0114
U0146,P0115
U0146,P0116
U0146,P0117
U0146,P0118
U0146,P0119
U0146,P0120
U0146,P0121
U0146,P0122
U0146,P0123
U0146,P0124
U0146,P0125
U0146,P0126
U0146,P0127
U0146,P0128
U0146,P0129
U0146,P0130
U0146,P0235
U0146,P0246
U0146,P0247
U0146,P0248
U0146,P0249
U0146,P0250
U0147,P0027
U0147,P0028
U0147,P0029
U0147,P0030
U0147,P0031
U0147,P0032
U0147,P0033
U0147,P0034
U0147,P0035
U0147,P0036
U0147,P0037
U0147,P0038
U0147,P0039
U0147,P0040
U0147,P0041
U0147,P0042
U0147,P0043
U0147,P0044
U0147,P0045
U0147,P0046
U0147,P0047
U0147,P0048
U0147,P0049
U0147,P0050
U0147,P0051
U0147,P0052
U0147,P0053
U0147,P0054
U0147,P0055
U0147,P0056
U0147,P0057
U0147,P0058
U0147,P0059
U0147,P0060
U0147,P0061
U0147,P0062
U0147,P0063
U0147,P0064
U0147,P0065
U0147,P0066
U0147,P0067
U0147,P0068
U0147,P0069
U0147,P0070
U0147,P0071
U0147,P0072
U0147,P0073
U0147,P0074
U0147,P0075
U0147,P0076
U0147,P0077
U0147,P0078
U0147,P0079
U0147,P0080
U0147,P0081
U0147,P0082
U0147,P0083
U0147,P0084
U0147,P0085
U0147,P0086
U0147,P0087
U0147,P0088
U0147,P0089
U0147,P0090
U0147,P0091
U0147,P0092
U0147,P0093
U0147,P0094
U0147,P0095
U0147,P0096
U0147,P0097
U0147,P0098
U0147,P0099
U0147,P0100
U0147,P0101
U0147,P0102
U0147,P0103
U0147,P0104
U0147,P0105
U0147,P0106
U0147,P0107
U0147,P0108
U0147,P0109
U0147,P0110
U0147,P0111
U0147,P0112
U0147,P0113
U0147,P0114
U0147,P0115
U0147,P0116
U0147,P0117
U0147,P0118
U0147,P0119
U0147,P0120
U0147,P0121
U0147,P0122
U0147,P0123
U0147,P0124
U0147,P0125
U0147,P0126
U0147,P0127
U0147,P0128
U0147,P0129
U0147,P0130
U0147,P0246
U0147,P0247
U0147,P0248
U0147,P0249
U0147,P0250
U0148,P0027
U0148,P0028
U0148,P0029
U0148,P0030
U0148,P0031
U0148,P0032
U0148,P0033
U0148,P0034
U0148,P0035
U0148,P0036
U0148,P0037
U0148,P0038
U0148,P0039
U0148,P0040
U0148,P0041
U0148,P0042
U0148,P0043
U0148,P0044
U0148,P0045
U0148,P0046
U0148,P0047
U0148,P0048
U0148,P0049
U0148,P0050
U0148,P0051
U0148,P0052
U0148,P0053
U0148,P0054
U0148,P0055
U0148,P0056
U0148,P0057
U0148,P0058
U0148,P0059
U0148,P0060
U0148,P0061
U0148,P0062
U0148,P0063
U0148,P0064
U0148,P0065
U0148,P0066
U0148,P0067
U0148,P0068
U0148,P0069
U0148,P0070
U0148,P0071
U0148,P0072
U0148,P0073
U0148,P0074
U0148,P0075
U0148,P0076
U0148,P0077
U0148,P0078
U0148,P0079
U0148,P0080
U0148,P0081
U0148,P0082
U0148,P0083
U0148,P0084
U0148,P0085
U0148,P0086
U0148,P0087
U0148,P0088
U0148,P0089
U0148,P0090
U0148,P0091
U0148,P0092
U0148,P0093
U0148,P0094
U0148,P0095
U0148,P0096
U0148,P0097
U0148,P0098
U0148,P0099
U0148,P0100
U0148,P0101
U0148,P0102
U0148,P0103
U0148,P0104
U0148,P0105
U0148,P0106
U0148,P0107
U0148,P0108
U0148,P0109
U0148,P0110
U0148,P0111
U0148,P0112
U0148,P0113
U0148,P0114
U0148,P0115
U0148,P0116
U0148,P0117
U0148,P0118
U0148,P0119
U0148,P0120
U0148,P0121
U0148,P0122
U0148,P0123
U0148,P0124
U0148,P0125
U0148,P0126
U0148,P0127
U0148,P0128
U0148,P0129
U0148,P0130
U0148,P0214
U0148,P0246
U0148,P0247
U0148,P0248
U0148,P0249
U0148,P0250
U0149,P0027
U0149,P0028
U0149,P0029
U0149,P0030
U0149,P0031
U0149,P0032
U0149,P0033
U0149,P0034
U0149,P0035
U0149,P0036
U0149,P0037
U0149,P0038
U0149,P0039
U0149,P0040
U0149,P0041
U0149,P0042
U0149,P0043
U0149,P0044
U0149,P0045
U0149,P0046
U0149,P0047
U0149,P0048
U0149,P0049
U0149,P0050
U0149,P0051
U0149,P0052
U0149,P0053
U0149,P0054
U0149,P0055
U0149,P0056
U0149,P0057
U0149,P0058
U0149,P0059
U0149,P0060
U0149,P0061
U0149,P0062
U0149,P0063
U0149,P0064
U0149,P0065
U0149,P0066
U0149,P0067
U0149,P0068
U0149,P0069
U0149,P0070
U0149,P0071
U0149,P0072
U0149,P0073
U0149,P0074
U0149,P0075
U0149,P0076
U0149,P0077
U0149,P0078
U0149,P0079
U0149,P0080
U0149,P0081
U0149,P0082
U0149,P0083
U0149,P0084
U0149,P0085
U0149,P0086
U0149,P0087
U0149,P0088
U0149,P0089
U0149,P0090
U0149,P0091
U0149,P0092
U0149,P0093
U0149,P0094
U0149,P0095
U0149,P0096
U0149,P0097
U0149,P0098
U0149,P0099
U0149,P0100
U0149,P0101
U0149,P0102
U0149,P0103
U0149,P0104
U0149,P0105
U0149,P0106
U0149,P0107
U0149,P0108
U0149,P0109
U0149,P0110
U0149,P0111
U0149,P0112
U0149,P0113
U0149,P0114
U0149,P0115
U0149,P0116
U0149,P0117
U0149,P0118
U0149,P0119
U0149,P0120
U0149,P0121
U0149,P0122
U0149,P0123
U0149,P0124
U0149,P0125
U0149,P0126
U0149,P0127
U0149,P0128
U0149,P0129
U0149,P0130
U0149,P0214
U0149,P0246
U0149,P0247
U0149,P0248
U0149,P0249
U0149,P0250
U0150,P0027
U0150,P0028
U0150,P0029
U0150,P0030
U0150,P0031
U0150,P0032
U0150,P0033
U0150,P0034
U0150,P0035
U0150,P0036
U0150,P0037
U0150,P0038
U0150,P0039
U0150,P0040
U0150,P0041
U0150,P0042
U0150,P0043
U0150,P0044
U0150,P0045
U0150,P0046
U0150,P0047
U0150,P0048
U0150,P0049
U0150,P0050
U0150,P0051
U0150,P0052
U0150,P0053
U0150,P0054
U0150,P0055
U0150,P0056
U0150,P0057
U0150,P0058
U0150,P0059
U0150,P0060
U0150,P0061
U0150,P0062
U0150,P0063
U0150,P0064
U0150,P0065
U0150,P0066
U0150,P0067
U0150,P0068
U0150,P0069
U0150,P0070
U0150,P0071
U0150,P0072
U0150,P0073
U0150,P0074
U0150,P0075
U0150,P0076
U0150,P0077
U0150,P0078
U0150,P0079
U0150,P0080
U0150,P0081
U0150,P0082
U0150,P0083
U0150,P0084
U0150,P0085
U0150,P0086
U0150,P0087
U0150,P0088
U0150,P0089
U0150,P0090
U0150,P0091
U0150,P0092
U0150,P0093
U0150,P0094
U0150,P0095
U0150,P0096
U0150,P0097
U0150,P0098
U0150,P0099
U0150,P0100
U0150,P0101
U0150,P0102
U0150,P0103
U0150,P0104
U0150,P0105
U0150,P0106
U0150,P0107
U0150,P0108
U0150,P0109
U0150,P0110
U0150,P0111
U0150,P0112
U0150,P0113
U0150,P0114
U0150,P0115
U0150,P0116
U0150,P0117
U0150,P0118
U0150,P0119
U0150,P0120
U0150,P0121
U0150,P0122
U0150,P0123
U0150,P0124
U0150,P0125
U0150,P0126
U0150,P0127
U0150,P0128
U0150,P0129
U0150,P0130
U0150,P0246
U0150,P0247
U0150,P0248
U0150,P0249
U0150,P0250
U0151,P0027
U0151,P0028
U0151,P0029
U0151,P0030
U0151,P0031
U0151,P0032
U0151,P0033
U0151,P0034
U0151,P0035
U0151,P0036
U0151,P0037
U0151,P0038
U0151,P0039
U0151,P0040
U0151,P0041
U0151,P0042
U0151,P0043
U0151,P0044
U0151,P0045
U0151,P0046
U0151,P0047
U0151,P0048
U0151,P0049
U0151,P0050
U0151,P0051
U0151,P0052
U0151,P0053
U0151,P0054
U0151,P0055
U0151,P0056
U0151,P0057
U0151,P0058
U0151,P0059
U0151,P0060
U0151,P0061
U0151,P0062
U0151,P0063
U0151,P0064
U0151,P0065
U0151,P0066
U0151,P0067
U0151,P0068
U0151,P0069
U0151,P0070
U0151,P0071
U0151,P0072
U0151,P0073
U0151,P0074
U0151,P0075
U0151,P0076
U0151,P0077
U0151,P0078
U0151,P0079
U0151,P0080
U0151,P0081
U0151,P0082
U0151,P0083
U0151,P0084
U0151,P0085
U0151,P0086
U0151,P0087
U0151,P0088
U0151,P0089
U0151,P0090
U0151,P0091
U0151,P0092
U0151,P0093
U0151,P0094
U0151,P0095
U0151,P0096
U0151,P0097
U0151,P0098
U0151,P0099
U0151,P0100
U0151,P0101
U0151,P0102
U0151,P0103
U0151,P0104
U0151,P0105
U0151,P0106
U0151,P0107
U0151,P0108
U0151,P0109
U0151,P0110
U0151,P0111
U0151,P0112
U0151,P0113
U0151,P0114
U0151,P0115
U0151,P0116
U0151,P0117
U0151,P0118
U0151,P0119
U0151,P0120
U0151,P0121
U0151,P0122
U0151,P0123
U0151,P0124
U0151,P0125
U0151,P0126
U0151,P0127
U0151,P0128
U0151,P0129
U0151,P0130
U0151,P0246
U0151,P0247
U0151,P0248
U0151,P0249
U0151,P0250
U0152,P0027
U0152,P0028
U0152,P0029
U0152,P0030
U0152,P0031
U0152,P0032
U0152,P0033
U0152,P0034
U0152,P0035
U0152,P0036
U0152,P0037
U0152,P0038
U0152,P0039
U0152,P0040
U0152,P0041
U0152,P0042
U0152,P0043
U0152,P0044
U0152,P0045
U0152,P0046
U0152,P0047
U0152,P0048
U0152,P0049
U0152,P0050
U0152,P0051
U0152,P0052
U0152,P0053
U0152,P0054
U0152,P0055
U0152,P0056
U0152,P0057
U0152,P0058
U0152,P0059
U0152,P0060
U0152,P0061
U0152,P0062
U0152,P0063
U0152,P0064
U0152,P0065
U0152,P0066
U0152,P0067
U0152,P0068
U0152,P0069
U0152,P0070
U0152,P0071
U0152,P0072
U0152,P0073
U0152,P0074
U0152,P0075
U0152,P0076
U0152,P0077
U0152,P0078
U0152,P0079
U0152,P0080
U0152,P0081
U0152,P0082
U0152,P0083
U0152,P0084
U0152,P0085
U0152,P0086
U0152,P0087
U0152,P0088
U0152,P0089
U0152,P0090
U0152,P0091
U0152,P0092
U0152,P0093
U0152,P0094
U0152,P0095
U0152,P0096
U0152,P0097
U0152,P0098
U0152,P0099
U0152,P0100
U0152,P0101
U0152,P0102
U0152,P0103
U0152,P0104
U0152,P0105
U0152,P0106
U0152,P0107
U0152,P0108
U0152,P0109
U0152,P0110
U0152,P0111
U0152,P0112
U0152,P0113
U0152,P0114
U0152,P0115
U0152,P0116
U0152,P0117
U0152,P0118
U0152,P0119
U0152,P0120
U0152,P0121
U0152,P0122
U0152,P0123
U0152,P0124
U0152,P0125
U0152,P0126
U0152,P0127
U0152,P0128
U0152,P0129
U0152,P0130
U0152,P0246
U0152,P0247
U0152,P0248
U0152,P0249
U0152,P0250
U0153,P0027
U0153,P0028
U0153,P0029
U0153,P0030
U0153,P0031
U0153,P0032
U0153,P0033
U0153,P0034
U0153,P0035
U0153,P0036
U0153,P0037
U0153,P0038
U0153,P0039
U0153,P0040
U0153,P0041
U0153,P0042
U0153,P0043
U0153,P0044
U0153,P0045
U0153,P0046
U0153,P0047
U0153,P0048
U0153,P0049
U0153,P0050
U0153,P0051
U0153,P0052
U0153,P0053
U0153,P0054
U0153,P0055
U0153,P0056
U0153,P0057
U0153,P0058
U0153,P0059
U0153,P0060
U0153,P0061
U0153,P0062
U0153,P0063
U0153,P0064
U0153,P0065
U0153,P0066
U0153,P0067
U0153,P0068
U0153,P0069
U0153,P0070
U0153,P0071
U0153,P0072
U0153,P0073
U0153,P0074
U0153,P0075
U0153,P0076
U0153,P0077
U0153,P0078
U0153,P0079
U0153,P0080
U0153,P0081
U0153,P0082
U0153,P0083
U0153,P0084
U0153,P0085
U0153,P0086
U0153,P0087
U0153,P0088
U0153,P0089
U0153,P0090
U0153,P0091
U0153,P0092
U0153,P0093
U0153,P0094
U0153,P0095
U0153,P0096
U0153,P0097
U0153,P0098
U0153,P0099
U0153,P0100
U0153,P0101
U0153,P0102
U0153,P0103
U0153,P0104
U0153,P0105
U0153,P0106
U0153,P0107
U0153,P0108
U0153,P0109
U0153,P0110
U0153,P0111
U0153,P0112
U0153,P0113
U0153,P0114
U0153,P0115
U0153,P0116
U0153,P0117
U0153,P0118
U0153,P0119
U0153,P0120
U0153,P0121
U0153,P0122
U0153,P0123
U0153,P0124
U0153,P0125
U0153,P0126
U0153,P0127
U0153,P0128
U0153,P0129
U0153,P0130
U0153,P0246
U0153,P0247
U0153,P0248
U0153,P0249
U0153,P0250
U0154,P0027
U0154,P0028
U0154,P0029
U0154,P0030
U0154,P0031
U0154,P0032
U0154,P0033
U0154,P0034
U0154,P0035
U0154,P0036
U0154,P0037
U0154,P0038
U0154,P0039
U0154,P0040
U0154,P0041
U0154,P0042
U0154,P0043
U0154,P0044
U0154,P0045
U0154,P0046
U0154,P0047
U0154,P0048
U0154,P0049
U0154,P0050
U0154,P0051
U0154,P0052
U0154,P0053
U0154,P0054
U0154,P0055
U0154,P0056
U0154,P0057
U0154,P0058
U0154,P0059
U0154,P0060
U0154,P0061
U0154,P0062
U0154,P0063
U0154,P0064
U0154,P0065
U0154,P0066
U0154,P0067
U0154,P0068
U0154,P0069
U0154,P0070
U0154,P0071
U0154,P0072
U0154,P0073
U0154,P0074
U0154,P0075
U0154,P0076
U0154,P0077
U0154,P0078
U0154,P0079
U0154,P0080
U0154,P0081
U0154,P0082
U0154,P0083
U0154,P0084
U0154,P0085
U0154,P0086
U0154,P0087
U0154,P0088
U0154,P0089
U0154,P0090
U0154,P0091
U0154,P0092
U0154,P0093
U0154,P0094
U0154,P0095
U0154,P0096
U0154,P0097
U0154,P0098
U0154,P0099
U0154,P0100
U0154,P0101
U0154,P0102
U0154,P0103
U0154,P0104
U0154,P0105
U0154,P0106
U0154,P0107
U0154,P0108
U0154,P0109
U0154,P0110
U0154,P0111
U0154,P0112
U0154,P0113
U0154,P0114
U0154,P0115
U0154,P0116
U0154,P0117
U0154,P0118
U0154,P0119
U0154,P0120
U0154,P0121
U0154,P0122
U0154,P0123
U0154,P0124
U0154,P0125
U0154,P0126
U0154,P0127
U0154,P0128
U0154,P0129
U0154,P0130
U0154,P0246
U0154,P0247
U0154,P0248
U0154,P0249
U0154,P0250
U0155,P0027
U0155,P0028
U0155,P0029
U0155,P0030
U0155,P0031
U0155,P0032
U0155,P0033
U0155,P0034
U0155,P0035
U0155,P0036
U0155,P0037
U0155,P0038
U0155,P0039
U0155,P0040
U0155,P0041
U0155,P0042
U0155,P0043
U0155,P0044
U0155,P0045
U0155,P0046
U0155,P0047
U0155,P0048
U0155,P0049
U0155,P0050
U0155,P0051
U0155,P0052
U0155,P0053
U0155,P0054
U0155,P0055
U0155,P0056
U0155,P0057
U0155,P0058
U0155,P0059
U0155,P0060
U0155,P0061
U0155,P0062
U0155,P0063
U0155,P0064
U0155,P0065
U0155,P0066
U0155,P0067
U0155,P0068
U0155,P0069
U0155,P0070
U0155,P0071
U0155,P0072
U0155,P0073
U0155,P0074
U0155,P0075
U0155,P0076
U0155,P0077
U0155,P0078
U0155,P0079
U0155,P0080
U0155,P0081
U0155,P0082
U0155,P0083
U0155,P0084
U0155,P0085
U0155,P0086
U0155,P0087
U0155,P0088
U0155,P0089
U0155,P0090
U0155,P0091
U0155,P0092
U0155,P0093
U0155,P0094
U0155,P0095
U0155,P0096
U0155,P0097
U0155,P0098
U0155,P0099
U0155,P0100
U0155,P0101
U0155,P0102
U0155,P0103
U0155,P0104
U0155,P0105
U0155,P0106
U0155,P0107
U0155,P0108
U0155,P0109
U0155,P0110
U0155,P0111
U0155,P0112
U0155,P0113
U0155,P0114
U0155,P0115
U0155,P0116
U0155,P0117
U0155,P0118
U0155,P0119
U0155,P0120
U0155,P0121
U0155,P0122
U0155,P0123
U0155,P0124
U0155,P0125
U0155,P0126
U0155,P0127
U0155,P0128
U0155,P0129
U0155,P0130
U0155,P0214
U0155,P0246
U0155,P0247
U0155,P0248
U0155,P0249
U0155,P0250
U0156,P0027
U0156,P0028
U0156,P0029
U0156,P0030
U0156,P0031
U0156,P0032
U0156,P0033
U0156,P0034
U0156,P0035
U0156,P0036
U0156,P0037
U0156,P0038
U0156,P0039
U0156,P0040
U0156,P0041
U0156,P0042
U0156,P0043
U0156,P0044
U0156,P0045
U0156,P0046
U0156,P0047
U0156,P0048
U0156,P0049
U0156,P0050
U0156,P0051
U0156,P0052
U0156,P0053
U0156,P0054
U0156,P0055
U0156,P0056
U0156,P0057
U0156,P0058
U0156,P0059
U0156,P0060
U0156,P0061
U0156,P0062
U0156,P0063
U0156,P0064
U0156,P0065
U0156,P0066
U0156,P0067
U0156,P0068
U0156,P0069
U0156,P0070
U0156,P0071
U0156,P0072
U0156,P0073
U0156,P0074
U0156,P0075
U0156,P0076
U0156,P0077
U0156,P0078
U0156,P0079
U0156,P0080
U0156,P0081
U0156,P0082
U0156,P0083
U0156,P0084
U0156,P0085
U0156,P0086
U0156,P0087
U0156,P0088
U0156,P0089
U0156,P0090
U0156,P0091
U0156,P0092
U0156,P0093
U0156,P0094
U0156,P0095
U0156,P0096
U0156,P0097
U0156,P0098
U0156,P0099
U0156,P0100
U0156,P0101
U0156,P0102
U0156,P0103
U0156,P0104
U0156,P0105
U0156,P0106
U0156,P0107
U0156,P0108
U0156,P0109
U0156,P0110
U0156,P0111
U0156,P0112
U0156,P0113
U0156,P0114
U0156,P0115
U0156,P0116
U0156,P0117
U0156,P0118
U0156,P0119
U0156,P0120
U0156,P0121
U0156,P0122
U0156,P0123
U0156,P0124
U0156,P0125
U0156,P0126
U0156,P0127
U0156,P0128
U0156,P0129
U0156,P0130
U0156,P0246
U0156,P0247
U0156,P0248
U0156,P0249
U0156,P0250
U0157,P0027
U0157,P0028
U0157,P0029
U0157,P0030
U0157,P0031
U0157,P0032
U0157,P0033
U0157,P0034
U0157,P0035
U0157,P0036
U0157,P0037
U0157,P0038
U0157,P0039
U0157,P0040
U0157,P0041
U0157,P0042
U0157,P0043
U0157,P0044
U0157,P0045
U0157,P0046
U0157,P0047
U0157,P0048
U0157,P0049
U0157,P0050
U0157,P0051
U0157,P0052
U0157,P0053
U0157,P0054
U0157,P0055
U0157,P0056
U0157,P0057
U0157,P0058
U0157,P0059
U0157,P0060
U0157,P0061
U0157,P0062
U0157,P0063
U0157,P0064
U0157,P0065
U0157,P0066
U0157,P0067
U0157,P0068
U0157,P0069
U0157,P0070
U0157,P0071
U0157,P0072
U0157,P0073
U0157,P0074
U0157,P0075
U0157,P0076
U0157,P0077
U0157,P0079
U0157,P0080
U0157,P0081
U0157,P0082
U0157,P0083
U0157,P0084
U0157,P0085
U0157,P0086
U0157,P0087
U0157,P0088
U0157,P0089
U0157,P0090
U0157,P0091
U0157,P0092
U0157,P0093
U0157,P0094
U0157,P0095
U0157,P0096
U0157,P0097
U0157,P0098
U0157,P0099
U0157,P0100
U0157,P0101
U0157,P0102
U0157,P0103
U0157,P0104
U0157,P0105
U0157,P0106
U0157,P0107
U0157,P0108
U0157,P0109
U0157,P0110
U0157,P0111
U0157,P0112
U0157,P0113
U0157,P0114
U0157,P0115
U0157,P0116
U0157,P0117
U0157,P0118
U0157,P0119
U0157,P0120
U0157,P0121
U0157,P0122
U0157,P0123
U0157,P0124
U0157,P0125
U0157,P0126
U0157,P0127
U0157,P0128
U0157,P0129
U0157,P0130
U0157,P0246
U0157,P0247
U0157,P0248
U0157,P0249
U0157,P0250
U0158,P0027
U0158,P0028
U0158,P0029
U0158,P0030
U0158,P0031
U0158,P0032
U0158,P0033
U0158,P0034
U0158,P0035
U0158,P0036
U0158,P0037
U0158,P0038
U0158,P0039
U0158,P0040
U0158,P0041
U0158,P0042
U0158,P0043
U0158,P0044
U0158,P0045
U0158,P0046
U0158,P0047
U0158,P0048
U0158,P0049
U0158,P0050
U0158,P0051
U0158,P0052
U0158,P0053
U0158,P0054
U0158,P0055
U0158,P0056
U0158,P0057
U0158,P0058
U0158,P0059
U0158,P0060
U0158,P0061
U0158,P0062
U0158,P0063
U0158,P0064
U0158,P0065
U0158,P0066
U0158,P0067
U0158,P0068
U0158,P0069
U0158,P0070
U0158,P0071
U0158,P0072
U0158,P0073
U0158,P0074
U0158,P0075
U0158,P0076
U0158,P0077
U0158,P0078
U0158,P0079
U0158,P0080
U0158,P0081
U0158,P0082
U0158,P0083
U0158,P0084
U0158,P0085
U0158,P0086
U0158,P0087
U0158,P0088
U0158,P0089
U0158,P0090
U0158,P0091
U0158,P0092
U0158,P0093
U0158,P0094
U0158,P0095
U0158,P0096
U0158,P0097
U0158,P0098
U0158,P0099
U0158,P0100
U0158,P0101
U0158,P0102
U0158,P0103
U0158,P0104
U0158,P0105
U0158,P0106
U0158,P0107
U0158,P0108
U0158,P0109
U0158,P0110
U0158,P0111
U0158,P0112
U0158,P0113
U0158,P0114
U0158,P0115
U0158,P0116
U0158,P0117
U0158,P0118
U0158,P0119
U0158,P0120
U0158,P0121
U0158,P0122
U0158,P0123
U0158,P0124
U0158,P0125
U0158,P0126
U0158,P0127
U0158,P0128
U0158,P0129
U0158,P0130
U0158,P0246
U0158,P0247
U0158,P0248
U0158,P0249
U0158,P0250
U0159,P0027
U0159,P0028
U0159,P0029
U0159,P0030
U0159,P0031
U0159,P0032
U0159,P0033
U0159,P0034
U0159,P0035
U0159,P0036
U0159,P0037
U0159,P0038
U0159,P0039
U0159,P0040
U0159,P0041
U0159,P0042
U0159,P0043
U0159,P0044
U0159,P0045
U0159,P0046
U0159,P0047
U0159,P0048
U0159,P0049
U0159,P0050
U0159,P0051
U0159,P0052
U0159,P0053
U0159,P0054
U0159,P0055
U0159,P0056
U0159,P0057
U0159,P0058
U0159,P0059
U0159,P0060
U0159,P0061
U0159,P0062
U0159,P0063
U0159,P0064
U0159,P0065
U0159,P0066
U0159,P0067
U0159,P0068
U0159,P0069
U0159,P0070
U0159,P0071
U0159,P0072
U0159,P0073
U0159,P0074
U0159,P0075
U0159,P0076
U0159,P0077
U0159,P0078
U0159,P0079
U0159,P0080
U0159,P0081
U0159,P0082
U0159,P0083
U0159,P0084
U0159,P0085
U0159,P0086
U0159,P0087
U0159,P0088
U0159,P0089
U0159,P0090
U0159,P0091
U0159,P0092
U0159,P0093
U0159,P0094
U0159,P0095
U0159,P0096
U0159,P0097
U0159,P0098
U0159,P0099
U0159,P0100
U0159,P0101
U0159,P0102
U0159,P0103
U0159,P0104
U0159,P0105
U0159,P0106
U0159,P0107
U0159,P0108
U0159,P0109
U0159,P0110
U0159,P0111
U0159,P0112
U0159,P0113
U0159,P0114
U0159,P0115
U0159,P0116
U0159,P0117
U0159,P0118
U0159,P0119
U0159,P0120
U0159,P0121
U0159,P0122
U0159,P0123
U0159,P0124
U0159,P0125
U0159,P0126
U0159,P0127
U0159,P0128
U0159,P0129
U0159,P0130
U0159,P0246
U0159,P0247
U0159,P0248
U0159,P0249
U0159,P0250
U0160,P0027
U0160,P0028
U0160,P0029
U0160,P0030
U0160,P0031
U0160,P0032
U0160,P0033
U0160,P0034
U0160,P0035
U0160,P0036
U0160,P0037
U0160,P0038
U0160,P0039
U0160,P0040
U0160,P0041
U0160,P0042
U0160,P0043
U0160,P0044
U0160,P0045
U0160,P0046
U0160,P0047
U0160,P0048
U0160,P0049
U0160,P0050
U0160,P0051
U0160,P0052
U0160,P0053
U0160,P0054
U0160,P0055
U0160,P0056
U0160,P0057
U0160,P0058
U0160,P0059
U0160,P0060
U0160,P0061
U0160,P0062
U0160,P0063
U0160,P0064
U0160,P0065
U0160,P0066
U0160,P0067
U0160,P0068
U0160,P0069
U0160,P0070
U0160,P0071
U0160,P0072
U0160,P0073
U0160,P0074
U0160,P0075
U0160,P0076
U0160,P0077
U0160,P0078
U0160,P0079
U0160,P0080
U0160,P0081
U0160,P0082
U0160,P0083
U0160,P0084
U0160,P0085
U0160,P0086
U0160,P0087
U0160,P0088
U0160,P0089
U0160,P0090
U0160,P0091
U0160,P0092
U0160,P0093
U0160,P0094
U0160,P0095
U0160,P0096
U0160,P0097
U0160,P0098
U0160,P0099
U0160,P0100
U0160,P0101
U0160,P0102
U0160,P0103
U0160,P0104
U0160,P0105
U0160,P0106
U0160,P0107
U0160,P0108
U0160,P0109
U0160,P0110
U0160,P0111
U0160,P0112
U0160,P0113
U0160,P0114
U0160,P0115
U0160,P0116
U0160,P0117
U0160,P0118
U0160,P0119
U0160,P0120
U0160,P0121
U0160,P0122
U0160,P0123
U0160,P0124
U0160,P0125
U0160,P0126
U0160,P0127
U0160,P0128
U0160,P0129
U0160,P0130
U0160,P0246
U0160,P0247
U0160,P0248
U0160,P0249
U0160,P0250
U0161,P0027
U0161,P0028
U0161,P0029
U0161,P0030
U0161,P0031
U0161,P0032
U0161,P0033
U0161,P0034
U0161,P0035
U0161,P0036
U0161,P0037
U0161,P0038
U0161,P0039
U0161,P0040
U0161,P0041
U0161,P0042
U0161,P0043
U0161,P0044
U0161,P0045
U0161,P0046
U0161,P0047
U0161,P0048
U0161,P0049
U0161,P0050
U0161,P0051
U0161,P0052
U0161,P0053
U0161,P0054
U0161,P0055
U0161,P0056
U0161,P0057
U0161,P0058
U0161,P0059
U0161,P0060
U0161,P0061
U0161,P0062
U0161,P0063
U0161,P0064
U0161,P0065
U0161,P0066
U0161,P0067
U0161,P0068
U0161,P0069
U0161,P0070
U0161,P0071
U0161,P0072
U0161,P0073
U0161,P0074
U0161,P0075
U0161,P0076
U0161,P0077
U0161,P0078
U0161,P0079
U0161,P0080
U0161,P0081
U0161,P0082
U0161,P0083
U0161,P0084
U0161,P0085
U0161,P0086
U0161,P0087
U0161,P0088
U0161,P0089
U0161,P0090
U0161,P0091
U0161,P0092
U0161,P0093
U0161,P0094
U0161,P0095
U0161,P0096
U0161,P0097
U0161,P0098
U0161,P0099
U0161,P0100
U0161,P0101
U0161,P0102
U0161,P0103
U0161,P0104
U0161,P0105
U0161,P0106
U0161,P0107
U0161,P0108
U0161,P0109
U0161,P0110
U0161,P0111
U0161,P0112
U0161,P0113
U0161,P0114
U0161,P0115
U0161,P0116
U0161,P0117
U0161,P0118
U0161,P0119
U0161,P0120
U0161,P0121
U0161,P0122
U0161,P0123
U0161,P0124
U0161,P0125
U0161,P0126
U0161,P0127
U0161,P0128
U0161,P0129
U0161,P0130
U0161,P0246
U0161,P0247
U0161,P0248
U0161,P0249
U0161,P0250
U0162,P0027
U0162,P0028
U0162,P0029
U0162,P0030
U0162,P0031
U0162,P0032
U0162,P0033
U0162,P0034
U0162,P0035
U0162,P0036
U0162,P0037
U0162,P0038
U0162,P0039
U0162,P0040
U0162,P0041
U0162,P0042
U0162,P0043
U0162,P0044
U0162,P0045
U0162,P0046
U0162,P0047
U0162,P0048
U0162,P0049
U0162,P0050
U0162,P0051
U0162,P0052
U0162,P0053
U0162,P0054
U0162,P0055
U0162,P0056
U0162,P0057
U0162,P0058
U0162,P0059
U0162,P0060
U0162,P0061
U0162,P0062
U0162,P0063
U0162,P0064
U0162,P0065
U0162,P0066
U0162,P0067
U0162,P0068
U0162,P0069
U0162,P0070
U0162,P0071
U0162,P0072
U0162,P0073
U0162,P0074
U0162,P0075
U0162,P0076
U0162,P0077
U0162,P0078
U0162,P0079
U0162,P0080
U0162,P0081
U0162,P0082
U0162,P0083
U0162,P0084
U0162,P0085
U0162,P0086
U0162,P0087
U0162,P0088
U0162,P0089
U0162,P0090
U0162,P0091
U0162,P0092
U0162,P0093
U0162,P0094
U0162,P0095
U0162,P0096
U0162,P0097
U0162,P0098
U0162,P0099
U0162,P0100
U0162,P0101
U0162,P0102
U0162,P0103
U0162,P0104
U0162,P0105
U0162,P0106
U0162,P0107
U0162,P0108
U0162,P0109
U0162,P0110
U0162,P0111
U0162,P0112
U0162,P0113
U0162,P0114
U0162,P0115
U0162,P0116
U0162,P0117
U0162,P0118
U0162,P0119
U0162,P0120
U0162,P0121
U0162,P0122
U0162,P0123
U0162,P0124
U0162,P0125
U0162,P0126
U0162,P0127
U0162,P0128
U0162,P0129
U0162,P0130
U0162,P0246
U0162,P0247
U0162,P0248
U0162,P0249
U0162,P0250
U0163,P0027
U0163,P0028
U0163,P0029
U0163,P0030
U0163,P0031
U0163,P0032
U0163,P0033
U0163,P0034
U0163,P0035
U0163,P0036
U0163,P0037
U0163,P0038
U0163,P0039
U0163,P0040
U0163,P0041
U0163,P0042
U0163,P0043
U0163,P0044
U0163,P0045
U0163,P0046
U0163,P0047
U0163,P0048
U0163,P0049
U0163,P0050
U0163,P0051
U0163,P0052
U0163,P0053
U0163,P0054
U0163,P0055
U0163,P0056
U0163,P0057
U0163,P0058
U0163,P0059
U0163,P0060
U0163,P0061
U0163,P0062
U0163,P0063
U0163,P0064
U0163,P0065
U0163,P0066
U0163,P0067
U0163,P0068
U0163,P0069
U0163,P0070
U0163,P0071
U0163,P0072
U0163,P0073
U0163,P0074
U0163,P0075
U0163,P0076
U0163,P0077
U0163,P0078
U0163,P0079
U0163,P0080
U0163,P0081
U0163,P0082
U0163,P0083
U0163,P0084
U0163,P0085
U0163,P0086
U0163,P0087
U0163,P0088
U0163,P0089
U0163,P0090
U0163,P0091
U0163,P0092
U0163,P0093
U0163,P0094
U0163,P0095
U0163,P0096
U0163,P0097
U0163,P0098
U0163,P0099
U0163,P0100
U0163,P0101
U0163,P0102
U0163,P0103
U0163,P0104
U0163,P0105
U0163,P0106
U0163,P0107
U0163,P0108
U0163,P0109
U0163,P0110
U0163,P0111
U0163,P0112
U0163,P0113
U0163,P0114
U0163,P0115
U0163,P0116
U0163,P0117
U0163,P0118
U0163,P0119
U0163,P0120
U0163,P0121
U0163,P0122
U0163,P0123
U0163,P0124
U0163,P0125
U0163,P0126
U0163,P0127
U0163,P0128
U0163,P0129
U0163,P0130
U0163,P0246
U0163,P0247
U0163,P0248
U0163,P0249
U0163,P0250
U0164,P0027
U0164,P0028
U0164,P0029
U0164,P0030
U0164,P0031
U0164,P0032
U0164,P0033
U0164,P0034
U0164,P0035
U0164,P0036
U0164,P0037
U0164,P0038
U0164,P0039
U0164,P0040
U0164,P0041
U0164,P0042
U0164,P0043
U0164,P0044
U0164,P0045
U0164,P0046
U0164,P0047
U0164,P0048
U0164,P0049
U0164,P0050
U0164,P0051
U0164,P0052
U0164,P0053
U0164,P0054
U0164,P0055
U0164,P0056
U0164,P0057
U0164,P0058
U0164,P0059
U0164,P0060
U0164,P0061
U0164,P0062
U0164,P0063
U0164,P0064
U0164,P0065
U0164,P0066
U0164,P0067
U0164,P0068
U0164,P0069
U0164,P0070
U0164,P0071
U0164,P0072
U0164,P0073
U0164,P0074
U0164,P0075
U0164,P0076
U0164,P0077
U0164,P0078
U0164,P0079
U0164,P0080
U0164,P0081
U0164,P0082
U0164,P0083
U0164,P0084
U0164,P0085
U0164,P0086
U0164,P0087
U0164,P0088
U0164,P0089
U0164,P0090
U0164,P0091
U0164,P0092
U0164,P0093
U0164,P0094
U0164,P0095
U0164,P0096
U0164,P0097
U0164,P0098
U0164,P0099
U0164,P0100
U0164,P0101
U0164,P0102
U0164,P0103
U0164,P0104
U0164,P0105
U0164,P0106
U0164,P0107
U0164,P0108
U0164,P0109
U0164,P0110
U0164,P0111
U0164,P0112
U0164,P0113
U0164,P0114
U0164,P0115
U0164,P0116
U0164,P0117
U0164,P0118
U0164,P0119
U0164,P0120
U0164,P0121
U0164,P0122
U0164,P0123
U0164,P0124
U0164,P0125
U0164,P0126
U0164,P0127
U0164,P0128
U0164,P0129
U0164,P0130
U0164,P0246
U0164,P0247
U0164,P0248
U0164,P0249
U0164,P0250
U0165,P0027
U0165,P0028
U0165,P0029
U0165,P0030
U0165,P0031
U0165,P0032
U0165,P0033
U0165,P0034
U0165,P0035
U0165,P0036
U0165,P0037
U0165,P0038
U0165,P0039
U0165,P0040
U0165,P0041
U0165,P0042
U0165,P0043
U0165,P0044
U0165,P0045
U0165,P0046
U0165,P0047
U0165,P0048
U0165,P0049
U0165,P0050
U0165,P0051
U0165,P0052
U0165,P0053
U0165,P0054
U0165,P0055
U0165,P0056
U0165,P0057
U0165,P0058
U0165,P0059
U0165,P0060
U0165,P0061
U0165,P0062
U0165,P0063
U0165,P0064
U0165,P0065
U0165,P0066
U0165,P0067
U0165,P0068
U0165,P0069
U0165,P0070
U0165,P0071
U0165,P0072
U0165,P0073
U0165,P0074
U0165,P0075
U0165,P0076
U0165,P0077
U0165,P0078
U0165,P0079
U0165,P0080
U0165,P0081
U0165,P0082
U0165,P0083
U0165,P0084
U0165,P0085
U0165,P0086
U0165,P0087
U0165,P0088
U0165,P0089
U0165,P0090
U0165,P0091
U0165,P0092
U0165,P0093
U0165,P0094
U0165,P0095
U0165,P0096
U0165,P0097
U0165,P0098
U0165,P0099
U0165,P0100
U0165,P0101
U0165,P0102
U0165,P0103
U0165,P0104
U0165,P0105
U0165,P0106
U0165,P0107
U0165,P0108
U0165,P0109
U0165,P0110
U0165,P0111
U0165,P0112
U0165,P0113
U0165,P0114
U0165,P0115
U0165,P0116
U0165,P0117
U0165,P0118
U0165,P0119
U0165,P0120
U0165,P0121
U0165,P0122
U0165,P0123
U0165,P0124
U0165,P0125
U0165,P0126
U0165,P0127
U0165,P0128
U0165,P0129
U0165,P0130
U0165,P0227
U0165,P0246
U0165,P0247
U0165,P0248
U0165,P0249
U0165,P0250
U0166,P0027
U0166,P0028
U0166,P0029
U0166,P0030
U0166,P0031
U0166,P0032
U0166,P0033
U0166,P0034
U0166,P0035
U0166,P0036
U0166,P0037
U0166,P0038
U0166,P0039
U0166,P0040
U0166,P0041
U0166,P0042
U0166,P0043
U0166,P0044
U0166,P0045
U0166,P0046
U0166,P0047
U0166,P0048
U0166,P0049
U0166,P0050
U0166,P0051
U0166,P0052
U0166,P0053
U0166,P0054
U0166,P0055
U0166,P0056
U0166,P0057
U0166,P0058
U0166,P0059
U0166,P0060
U0166,P0061
U0166,P0062
U0166,P0063
U0166,P0064
U0166,P0065
U0166,P0066
U0166,P0067
U0166,P0068
U0166,P0069
U0166,P0070
U0166,P0071
U0166,P0072
U0166,P0073
U0166,P0074
U0166,P0075
U0166,P0076
U0166,P0077
U0166,P0078
U0166,P0079
U0166,P0080
U0166,P0081
U0166,P0082
U0166,P0083
U0166,P0084
U0166,P0085
U0166,P0086
U0166,P0087
U0166,P0088
U0166,P0089
U0166,P0090
U0166,P0091
U0166,P0092
U0166,P0093
U0166,P0094
U0166,P0095
U0166,P0096
U0166,P0097
U0166,P0098
U0166,P0099
U0166,P0100
U0166,P0101
U0166,P0102
U0166,P0103
U0166,P0104
U0166,P0105
U0166,P0106
U0166,P0107
U0166,P0108
U0166,P0109
U0166,P0110
U0166,P0111
U0166,P0112
U0166,P0113
U0166,P0114
U0166,P0115
U0166,P0116
U0166,P0117
U0166,P0118
U0166,P0119
U0166,P0120
U0166,P0121
U0166,P0122
U0166,P0123
U0166,P0124
U0166,P0125
U0166,P0126
U0166,P0127
U0166,P0128
U0166,P0129
U0166,P0130
U0166,P0246
U0166,P0247
U0166,P0248
U0166,P0250
U0167,P0027
U0167,P0028
U0167,P0029
U0167,P0030
U0167,P0031
U0167,P0032
U0167,P0033
U0167,P0034
U0167,P0035
U0167,P0036
U0167,P0037
U0167,P0038
U0167,P0039
U0167,P0040
U0167,P0041
U0167,P0042
U0167,P0043
U0167,P0044
U0167,P0045
U0167,P0046
U0167,P0047
U0167,P0048
U0167,P0049
U0167,P0050
U0167,P0051
U0167,P0052
U0167,P0053
U0167,P0054
U0167,P0055
U0167,P0056
U0167,P0057
U0167,P0058
U0167,P0059
U0167,P0060
U0167,P0061
U0167,P0062
U0167,P0063
U0167,P0064
U0167,P0065
U0167,P0066
U0167,P0067
U0167,P0068
U0167,P0069
U0167,P0070
U0167,P0071
U0167,P0072
U0167,P0073
U0167,P0074
U0167,P0075
U0167,P0076
U0167,P0077
U0167,P0078
U0167,P0079
U0167,P0080
U0167,P0081
U0167,P0082
U0167,P0083
U0167,P0084
U0167,P0085
U0167,P0086
U0167,P0087
U0167,P0088
U0167,P0089
U0167,P0090
U0167,P0091
U0167,P0092
U0167,P0093
U0167,P0094
U0167,P0095
U0167,P0096
U0167,P0097
U0167,P0098
U0167,P0099
U0167,P0100
U0167,P0101
U0167,P0102
U0167,P0103
U0167,P0104
U0167,P0105
U0167,P0106
U0167,P0107
U0167,P0108
U0167,P0109
U0167,P0110
U0167,P0111
U0167,P0112
U0167,P0113
U0167,P0114
U0167,P0115
U0167,P0116
U0167,P0117
U0167,P0118
U0167,P0119
U0167,P0120
U0167,P0121
U0167,P0122
U0167,P0123
U0167,P0124
U0167,P0125
U0167,P0126
U0167,P0127
U0167,P0128
U0167,P0129
U0167,P0130
U0167,P0245
U0167,P0246
U0167,P0247
U0167,P0248
U0167,P0249
U0167,P0250
U0168,P0027
U0168,P0028
U0168,P0029
U0168,P0030
U0168,P0031
U0168,P0032
U0168,P0033
U0168,P0034
U0168,P0035
U0168,P0036
U0168,P0037
U0168,P0038
U0168,P0039
U0168,P0040
U0168,P0041
U0168,P0042
U0168,P0043
U0168,P0044
U0168,P0045
U0168,P0046
U0168,P0047
U0168,P0048
U0168,P0049
U0168,P0050
U0168,P0051
U0168,P0052
U0168,P0053
U0168,P0054
U0168,P0055
U0168,P0056
U0168,P0057
U0168,P0058
U0168,P0059
U0168,P0060
U0168,P0061
U0168,P0062
U0168,P0063
U0168,P0064
U0168,P0065
U0168,P0066
U0168,P0067
U0168,P0068
U0168,P0069
U0168,P0070
U0168,P0071
U0168,P0072
U0168,P0073
U0168,P0074
U0168,P0075
U0168,P0076
U0168,P0077
U0168,P0078
U0168,P0079
U0168,P0080
U0168,P0081
U0168,P0082
U0168,P0083
U0168,P0084
U0168,P0085
U0168,P0086
U0168,P0087
U0168,P0088
U0168,P0089
U0168,P0090
U0168,P0091
U0168,P0092
U0168,P0093
U0168,P0094
U0168,P0095
U0168,P0096
U0168,P0097
U0168,P0098
U0168,P0099
U0168,P0100
U0168,P0101
U0168,P0102
U0168,P0103
U0168,P0104
U0168,P0105
U0168,P0106
U0168,P0107
U0168,P0108
U0168,P0109
U0168,P0110
U0168,P0111
U0168,P0112
U0168,P0113
U0168,P0114
U0168,P0115
U0168,P0116
U0168,P0117
U0168,P0118
U0168,P0119
U0168,P0120
U0168,P0121
U0168,P0122
U0168,P0123
U0168,P0124
U0168,P0125
U0168,P0126
U0168,P0127
U0168,P0128
U0168,P0129
U0168,P0130
U0168,P0246
U0168,P0247
U0168,P0248
U0168,P0249
U0168,P0250
U0169,P0027
U0169,P0028
U0169,P0029
U0169,P0030
U0169,P0031
U0169,P0032
U0169,P0033
U0169,P0034
U0169,P0035
U0169,P0036
U0169,P0037
U0169,P0038
U0169,P0039
U0169,P0040
U0169,P0041
U0169,P0042
U0169,P0043
U0169,P0044
U0169,P0045
U0169,P0046
U0169,P0047
U0169,P0048
U0169,P0049
U0169,P0050
U0169,P0051
U0169,P0052
U0169,P0053
U0169,P0054
U0169,P0055
U0169,P0056
U0169,P0057
U0169,P0058
U0169,P0059
U0169,P0060
U0169,P0061
U0169,P0062
U0169,P0063
U0169,P0064
U0169,P0065
U0169,P0066
U0169,P0067
U0169,P0068
U0169,P0069
U0169,P0070
U0169,P0071
U0169,P0072
U0169,P0073
U0169,P0074
U0169,P0075
U0169,P0076
U0169,P0077
U0169,P0078
U0169,P0079
U0169,P0080
U0169,P0081
U0169,P0082
U0169,P0083
U0169,P0084
U0169,P0085
U0169,P0086
U0169,P0087
U0169,P0088
U0169,P0089
U0169,P0090
U0169,P0091
U0169,P0092
U0169,P0093
U0169,P0094
U0169,P0095
U0169,P0096
U0169,P0097
U0169,P0098
U0169,P0099
U0169,P0100
U0169,P0101
U0169,P0102
U0169,P0103
U0169,P0104
U0169,P0105
U0169,P0106
U0169,P0107
U0169,P0108
U0169,P0109
U0169,P0110
U0169,P0111
U0169,P0112
U0169,P0113
U0169,P0114
U0169,P0115
U0169,P0116
U0169,P0117
U0169,P0118
U0169,P0119
U0169,P0120
U0169,P0121
U0169,P0122
U0169,P0123
U0169,P0124
U0169,P0125
U0169,P0126
U0169,P0127
U0169,P0128
U0169,P0129
U0169,P0130
U0169,P0246
U0169,P0247
U0169,P0248
U0169,P0249
U0169,P0250
U0170,P0027
U0170,P0028
U0170,P0029
U0170,P0030
U0170,P0031
U0170,P0032
U0170,P0033
U0170,P0034
U0170,P0035
U0170,P0036
U0170,P0037
U0170,P0038
U0170,P0039
U0170,P0040
U0170,P0041
U0170,P0042
U0170,P0043
U0170,P0044
U0170,P0045
U0170,P0046
U0170,P0047
U0170,P0048
U0170,P0049
U0170,P0050
U0170,P0051
U0170,P0052
U0170,P0053
U0170,P0054
U0170,P0055
U0170,P0056
U0170,P0057
U0170,P0058
U0170,P0059
U0170,P0060
U0170,P0061
U0170,P0062
U0170,P0063
U0170,P0064
U0170,P0065
U0170,P0066
U0170,P0067
U0170,P0068
U0170,P0069
U0170,P0070
U0170,P0071
U0170,P0072
U0170,P0073
U0170,P0074
U0170,P0075
U0170,P0076
U0170,P0077
U0170,P0078
U0170,P0079
U0170,P0080
U0170,P0081
U0170,P0082
U0170,P0083
U0170,P0084
U0170,P0085
U0170,P0086
U0170,P0087
U0170,P0088
U0170,P0089
U0170,P0090
U0170,P0091
U0170,P0092
U0170,P0093
U0170,P0094
U0170,P0095
U0170,P0096
U0170,P0097
U0170,P0098
U0170,P0099
U0170,P0100
U0170,P0101
U0170,P0102
U0170,P0103
U0170,P0104
U0170,P0105
U0170,P0106
U0170,P0107
U0170,P0108
U0170,P0109
U0170,P0110
U0170,P0111
U0170,P0112
U0170,P0113
U0170,P0114
U0170,P0115
U0170,P0116
U0170,P0117
U0170,P0118
U0170,P0119
U0170,P0120
U0170,P0121
U0170,P0122
U0170,P0123
U0170,P0124
U0170,P0125
U0170,P0126
U0170,P0127
U0170,P0128
U0170,P0129
U0170,P0130
U0170,P0246
U0170,P0247
U0170,P0248
U0170,P0249
U0170,P0250
U0171,P0027
U0171,P0028
U0171,P0029
U0171,P0030
U0171,P0031
U0171,P0032
U0171,P0033
U0171,P0034
U0171,P0035
U0171,P0036
U0171,P0037
U0171,P0038
U0171,P0039
U0171,P0040
U0171,P0041
U0171,P0042
U0171,P0043
U0171,P0044
U0171,P0045
U0171,P0046
U0171,P0047
U0171,P0048
U0171,P0049
U0171,P0050
U0171,P0051
U0171,P0052
U0171,P0053
U0171,P0054
U0171,P0055
U0171,P0056
U0171,P0057
U0171,P0058
U0171,P0059
U0171,P0060
U0171,P0061
U0171,P0062
U0171,P0063
U0171,P0064
U0171,P0065
U0171,P0066
U0171,P0067
U0171,P0068
U0171,P0069
U0171,P0070
U0171,P0071
U0171,P0072
U0171,P0073
U0171,P0074
U0171,P0075
U0171,P0076
U0171,P0077
U0171,P0078
U0171,P0079
U0171,P0080
U0171,P0081
U0171,P0082
U0171,P0083
U0171,P0084
U0171,P0085
U0171,P0086
U0171,P0087
U0171,P0088
U0171,P0089
U0171,P0090
U0171,P0091
U0171,P0092
U0171,P0093
U0171,P0094
U0171,P0095
U0171,P0096
U0171,P0097
U0171,P0098
U0171,P0099
U0171,P0100
U0171,P0101
U0171,P0102
U0171,P0103
U0171,P0104
U0171,P0105
U0171,P0106
U0171,P0107
U0171,P0108
U0171,P0109
U0171,P0110
U0171,P0111
U0171,P0112
U0171,P0113
U0171,P0114
U0171,P0115
U0171,P0116
U0171,P0117
U0171,P0118
U0171,P0119
U0171,P0120
U0171,P0121
U0171,P0122
U0171,P0123
U0171,P0124
U0171,P0125
U0171,P0126
U0171,P0127
U0171,P0128
U0171,P0129
U0171,P0130
U0171,P0245
U0171,P0246
U0171,P0247
U0171,P0248
U0171,P0249
U0171,P0250
U0172,P0027
U0172,P0028
U0172,P0029
U0172,P0030
U0172,P0031
U0172,P0032
U0172,P0033
U0172,P0034
U0172,P0035
U0172,P0036
U0172,P0037
U0172,P0038
U0172,P0039
U0172,P0040
U0172,P0041
U0172,P0042
U0172,P0043
U0172,P0044
U0172,P0045
U0172,P0046
U0172,P0047
U0172,P0048
U0172,P0049
U0172,P0050
U0172,P0051
U0172,P0052
U0172,P0053
U0172,P0054
U0172,P0055
U0172,P0056
U0172,P0057
U0172,P0058
U0172,P0059
U0172,P0060
U0172,P0061
U0172,P0062
U0172,P0063
U0172,P0064
U0172,P0065
U0172,P0066
U0172,P0067
U0172,P0068
U0172,P0069
U0172,P0070
U0172,P0071
U0172,P0072
U0172,P0073
U0172,P0074
U0172,P0075
U0172,P0076
U0172,P0077
U0172,P0078
U0172,P0079
U0172,P0080
U0172,P0081
U0172,P0082
U0172,P0083
U0172,P0084
U0172,P0085
U0172,P0086
U0172,P0087
U0172,P0088
U0172,P0089
U0172,P0090
U0172,P0091
U0172,P0092
U0172,P0093
U0172,P0094
U0172,P0095
U0172,P0096
U0172,P0097
U0172,P0098
U0172,P0099
U0172,P0100
U0172,P0101
U0172,P0102
U0172,P0103
U0172,P0104
U0172,P0105
U0172,P0106
U0172,P0107
U0172,P0108
U0172,P0109
U0172,P0110
U0172,P0111
U0172,P0112
U0172,P0113
U0172,P0114
U0172,P0115
U0172,P0116
U0172,P0117
U0172,P0118
U0172,P0119
U0172,P0120
U0172,P0121
U0172,P0122
U0172,P0123
U0172,P0124
U0172,P0125
U0172,P0126
U0172,P0127
U0172,P0128
U0172,P0129
U0172,P0130
U0172,P0246
U0172,P0247
U0172,P0248
U0172,P0249
U0172,P0250
U0173,P0027
U0173,P0028
U0173,P0029
U0173,P0030
U0173,P0031
U0173,P0032
U0173,P0033
U0173,P0034
U0173,P0035
U0173,P0036
U0173,P0037
U0173,P0038
U0173,P0039
U0173,P0040
U0173,P0041
U0173,P0042
U0173,P0043
U0173,P0044
U0173,P0045
U0173,P0046
U0173,P0047
U0173,P0048
U0173,P0049
U0173,P0050
U0173,P0051
U0173,P0052
U0173,P0053
U0173,P0054
U0173,P0055
U0173,P0056
U0173,P0057
U0173,P0058
U0173,P0059
U0173,P0060
U0173,P0061
U0173,P0062
U0173,P0063
U0173,P0064
U0173,P0065
U0173,P0066
U0173,P0067
U0173,P0068
U0173,P0069
U0173,P0070
U0173,P0071
U0173,P0072
U0173,P0073
U0173,P0074
U0173,P0075
U0173,P0076
U0173,P0077
U0173,P0078
U0173,P0079
U0173,P0080
U0173,P0081
U0173,P0082
U0173,P0083
U0173,P0084
U0173,P0085
U0173,P0086
U0173,P0087
U0173,P0088
U0173,P0089
U0173,P0090
U0173,P0091
U0173,P0092
U0173,P0093
U0173,P0094
U0173,P0095
U0173,P0096
U0173,P0097
U0173,P0098
U0173,P0099
U0173,P0100
U0173,P0101
U0173,P0102
U0173,P0103
U0173,P0104
U0173,P0105
U0173,P0106
U0173,P0107
U0173,P0108
U0173,P0109
U0173,P0110
U0173,P0111
U0173,P0112
U0173,P0113
U0173,P0114
U0173,P0115
U0173,P0116
U0173,P0117
U0173,P0118
U0173,P0119
U0173,P0120
U0173,P0121
U0173,P0122
U0173,P0123
U0173,P0124
U0173,P0125
U0173,P0126
U0173,P0127
U0173,P0128
U0173,P0129
U0173,P0130
U0173,P0246
U0173,P0247
U0173,P0248
U0173,P0249
U0173,P0250
U0174,P0027
U0174,P0028
U0174,P0029
U0174,P0030
U0174,P0031
U0174,P0032
U0174,P0033
U0174,P0034
U0174,P0035
U0174,P0036
U0174,P0037
U0174,P0038
U0174,P0039
U0174,P0040
U0174,P0041
U0174,P0042
U0174,P0043
U0174,P0044
U0174,P0045
U0174,P0046
U0174,P0047
U0174,P0048
U0174,P0049
U0174,P0050
U0174,P0051
U0174,P0052
U0174,P0053
U0174,P0054
U0174,P0055
U0174,P0056
U0174,P0057
U0174,P0058
U0174,P0059
U0174,P0060
U0174,P0061
U0174,P0062
U0174,P0063
U0174,P0064
U0174,P0065
U0174,P0066
U0174,P0067
U0174,P0068
U0174,P0069
U0174,P0070
U0174,P0071
U0174,P0072
U0174,P0073
U0174,P0074
U0174,P0075
U0174,P0076
U0174,P0077
U0174,P0078
U0174,P0079
U0174,P0080
U0174,P0081
U0174,P0082
U0174,P0083
U0174,P0084
U0174,P0085
U0174,P0086
U0174,P0087
U0174,P0088
U0174,P0089
U0174,P0090
U0174,P0091
U0174,P0092
U0174,P0093
U0174,P0094
U0174,P0095
U0174,P0096
U0174,P0097
U0174,P0098
U0174,P0099
U0174,P0100
U0174,P0101
U0174,P0102
U0174,P0103
U0174,P0104
U0174,P0105
U0174,P0106
U0174,P0107
U0174,P0108
U0174,P0109
U0174,P0110
U0174,P0111
U0174,P0112
U0174,P0113
U0174,P0114
U0174,P0115
U0174,P0116
U0174,P0117
U0174,P0118
U0174,P0119
U0174,P0120
U0174,P0121
U0174,P0122
U0174,P0123
U0174,P0124
U0174,P0125
U0174,P0126
U0174,P0127
U0174,P0128
U0174,P0129
U0174,P0130
U0174,P0246
U0174,P0247
U0174,P0248
U0174,P0249
U0174,P0250
U0175,P0027
U0175,P0028
U0175,P0029
U0175,P0030
U0175,P0031
U0175,P0032
U0175,P0033
U0175,P0034
U0175,P0035
U0175,P0036
U0175,P0037
U0175,P0038
U0175,P0039
U0175,P0040
U0175,P0041
U0175,P0042
U0175,P0043
U0175,P0044
U0175,P0045
U0175,P0046
U0175,P0047
U0175,P0048
U0175,P0049
U0175,P0050
U0175,P0051
U0175,P0052
U0175,P0053
U0175,P0054
U0175,P0055
U0175,P0056
U0175,P0057
U0175,P0058
U0175,P0059
U0175,P0060
U0175,P0061
U0175,P0062
U0175,P0063
U0175,P0064
U0175,P0065
U0175,P0066
U0175,P0067
U0175,P0068
U0175,P0069
U0175,P0070
U0175,P0071
U0175,P0072
U0175,P0073
U0175,P0074
U0175,P0075
U0175,P0076
U0175,P0077
U0175,P0078
U0175,P0079
U0175,P0080
U0175,P0081
U0175,P0082
U0175,P0083
U0175,P0084
U0175,P0085
U0175,P0086
U0175,P0087
U0175,P0088
U0175,P0089
U0175,P0090
U0175,P0091
U0175,P0092
U0175,P0093
U0175,P0094
U0175,P0095
U0175,P0096
U0175,P0097
U0175,P0098
U0175,P0099
U0175,P0100
U0175,P0101
U0175,P0102
U0175,P0103
U0175,P0104
U0175,P0105
U0175,P0106
U0175,P0107
U0175,P0108
U0175,P0109
U0175,P0110
U0175,P0111
U0175,P0112
U0175,P0113
U0175,P0114
U0175,P0115
U0175,P0116
U0175,P0117
U0175,P0118
U0175,P0119
U0175,P0120
U0175,P0121
U0175,P0122
U0175,P0123
U0175,P0124
U0175,P0125
U0175,P0126
U0175,P0127
U0175,P0128
U0175,P0129
U0175,P0130
U0175,P0246
U0175,P0247
U0175,P0248
U0175,P0249
U0175,P0250
U0176,P0027
U0176,P0028
U0176,P0029
U0176,P0030
U0176,P0031
U0176,P0032
U0176,P0033
U0176,P0034
U0176,P0035
U0176,P0036
U0176,P0037
U0176,P0038
U0176,P0039
U0176,P0040
U0176,P0041
U0176,P0042
U0176,P0043
U0176,P0044
U0176,P0045
U0176,P0046
U0176,P0047
U0176,P0048
U0176,P0049
U0176,P0050
U0176,P0051
U0176,P0052
U0176,P0053
U0176,P0054
U0176,P0055
U0176,P0056
U0176,P0057
U0176,P0058
U0176,P0059
U0176,P0060
U0176,P0061
U0176,P0062
U0176,P0063
U0176,P0064
U0176,P0065
U0176,P0066
U0176,P0067
U0176,P0068
U0176,P0069
U0176,P0070
U0176,P0071
U0176,P0072
U0176,P0073
U0176,P0074
U0176,P0075
U0176,P0076
U0176,P0077
U0176,P0078
U0176,P0079
U0176,P0080
U0176,P0081
U0176,P0082
U0176,P0083
U0176,P0084
U0176,P0085
U0176,P0086
U0176,P0087
U0176,P0088
U0176,P0089
U0176,P0090
U0176,P0091
U0176,P0092
U0176,P0093
U0176,P0094
U0176,P0095
U0176,P0096
U0176,P0097
U0176,P0098
U0176,P0099
U0176,P0100
U0176,P0101
U0176,P0102
U0176,P0103
U0176,P0104
U0176,P0105
U0176,P0106
U0176,P0107
U0176,P0108
U0176,P0109
U0176,P0110
U0176,P0111
U0176,P0112
U0176,P0113
U0176,P0114
U0176,P0115
U0176,P0116
U0176,P0117
U0176,P0118
U0176,P0119
U0176,P0120
U0176,P0121
U0176,P0122
U0176,P0123
U0176,P0124
U0176,P0125
U0176,P0126
U0176,P0127
U0176,P0128
U0176,P0129
U0176,P0130
U0176,P0246
U0176,P0247
U0176,P0248
U0176,P0249
U0176,P0250
U0177,P0027
U0177,P0028
U0177,P0029
U0177,P0030
U0177,P0031
U0177,P0032
U0177,P0033
U0177,P0034
U0177,P0035
U0177,P0036
U0177,P0037
U0177,P0038
U0177,P0039
U0177,P0040
U0177,P0041
U0177,P0042
U0177,P0043
U0177,P0044
U0177,P0045
U0177,P0046
U0177,P0047
U0177,P0048
U0177,P0049
U0177,P0050
U0177,P0051
U0177,P0052
U0177,P0053
U0177,P0054
U0177,P0055
U0177,P0056
U0177,P0057
U0177,P0058
U0177,P0059
U0177,P0060
U0177,P0061
U0177,P0062
U0177,P0063
U0177,P0064
U0177,P0065
U0177,P0066
U0177,P0067
U0177,P0068
U0177,P0069
U0177,P0070
U0177,P0071
U0177,P0072
U0177,P0073
U0177,P0074
U0177,P0075
U0177,P0076
U0177,P0077
U0177,P0078
U0177,P0079
U0177,P0080
U0177,P0081
U0177,P0082
U0177,P0083
U0177,P0084
U0177,P0085
U0177,P0086
U0177,P0087
U0177,P0088
U0177,P0089
U0177,P0090
U0177,P0091
U0177,P0092
U0177,P0093
U0177,P0094
U0177,P0095
U0177,P0096
U0177,P0097
U0177,P0098
U0177,P0099
U0177,P0100
U0177,P0101
U0177,P0102
U0177,P0103
U0177,P0104
U0177,P0105
U0177,P0106
U0177,P0107
U0177,P0108
U0177,P0109
U0177,P0110
U0177,P0111
U0177,P0112
U0177,P0113
U0177,P0114
U0177,P0115
U0177,P0116
U0177,P0117
U0177,P0118
U0177,P0119
U0177,P0120
U0177,P0121
U0177,P0122
U0177,P0123
U0177,P0124
U0177,P0125
U0177,P0126
U0177,P0127
U0177,P0128
U0177,P0129
U0177,P0130
U0177,P0246
U0177,P0247
U0177,P0248
U0177,P0249
U0177,P0250
U0178,P0027
U0178,P0028
U0178,P0029
U0178,P0030
U0178,P0031
U0178,P0032
U0178,P0033
U0178,P0034
U0178,P0035
U0178,P0036
U0178,P0037
U0178,P0038
U0178,P0039
U0178,P0040
U0178,P0041
U0178,P0042
U0178,P0043
U0178,P0044
U0178,P0045
U0178,P0046
U0178,P0047
U0178,P0048
U0178,P0049
U0178,P0050
U0178,P0051
U0178,P0052
U0178,P0053
U0178,P0054
U0178,P0055
U0178,P0056
U0178,P0057
U0178,P0058
U0178,P0059
U0178,P0060
U0178,P0061
U0178,P0062
U0178,P0063
U0178,P0064
U0178,P0065
U0178,P0066
U0178,P0067
U0178,P0068
U0178,P0069
U0178,P0070
U0178,P0071
U0178,P0072
U0178,P0073
U0178,P0074
U0178,P0076
U0178,P0077
U0178,P0078
U0178,P0079
U0178,P0080
U0178,P0081
U0178,P0082
U0178,P0083
U0178,P0084
U0178,P0085
U0178,P0086
U0178,P0087
U0178,P0088
U0178,P0089
U0178,P0090
U0178,P0091
U0178,P0092
U0178,P0093
U0178,P0094
U0178,P0095
U0178,P0096
U0178,P0097
U0178,P0098
U0178,P0099
U0178,P0100
U0178,P0101
U0178,P0102
U0178,P0103
U0178,P0104
U0178,P0105
U0178,P0106
U0178,P0107
U0178,P0108
U0178,P0109
U0178,P0110
U0178,P0111
U0178,P0112
U0178,P0113
U0178,P0114
U0178,P0115
U0178,P0116
U0178,P0117
U0178,P0118
U0178,P0119
U0178,P0120
U0178,P0121
U0178,P0122
U0178,P0123
U0178,P0124
U0178,P0125
U0178,P0126
U0178,P0127
U0178,P0128
U0178,P0129
U0178,P0130
U0178,P0246
U0178,P0247
U0178,P0248
U0178,P0249
U0178,P0250
U0179,P0027
U0179,P0028
U0179,P0029
U0179,P0030
U0179,P0031
U0179,P0032
U0179,P0033
U0179,P0034
U0179,P0035
U0179,P0036
U0179,P0037
U0179,P0038
U0179,P0039
U0179,P0040
U0179,P0041
U0179,P0042
U0179,P0043
U0179,P0044
U0179,P0045
U0179,P0046
U0179,P0047
U0179,P0048
U0179,P0049
U0179,P0050
U0179,P0051
U0179,P0052
U0179,P0053
U0179,P0054
U0179,P0055
U0179,P0056
U0179,P0057
U0179,P0058
U0179,P0059
U0179,P0060
U0179,P0061
U0179,P0062
U0179,P0063
U0179,P0064
U0179,P0065
U0179,P0066
U0179,P0067
U0179,P0068
U0179,P0069
U0179,P0070
U0179,P0071
U0179,P0072
U0179,P0073
U0179,P0074
U0179,P0075
U0179,P0076
U0179,P0077
U0179,P0078
U0179,P0079
U0179,P0080
U0179,P0081
U0179,P0082
U0179,P0083
U0179,P0084
U0179,P0085
U0179,P0086
U0179,P0087
U0179,P0088
U0179,P0089
U0179,P0090
U0179,P0091
U0179,P0092
U0179,P0093
U0179,P0094
U0179,P0095
U0179,P0096
U0179,P0097
U0179,P0098
U0179,P0099
U0179,P0100
U0179,P0101
U0179,P0102
U0179,P0103
U0179,P0104
U0179,P0105
U0179,P0106
U0179,P0107
U0179,P0108
U0179,P0109
U0179,P0110
U0179,P0111
U0179,P0112
U0179,P0113
U0179,P0114
U0179,P0115
U0179,P0116
U0179,P0117
U0179,P0118
U0179,P0119
U0179,P0120
U0179,P0121
U0179,P0122
U0179,P0123
U0179,P0124
U0179,P0125
U0179,P0126
U0179,P0127
U0179,P0128
U0179,P0129
U0179,P0130
U0179,P0246
U0179,P0247
U0179,P0248
U0179,P0249
U0179,P0250
U0180,P0027
U0180,P0028
U0180,P0029
U0180,P0030
U0180,P0031
U0180,P0032
U0180,P0033
U0180,P0034
U0180,P0035
U0180,P0036
U0180,P0037
U0180,P0038
U0180,P0039
U0180,P0040
U0180,P0041
U0180,P0042
U0180,P0043
U0180,P0044
U0180,P0045
U0180,P0046
U0180,P0047
U0180,P0048
U0180,P0049
U0180,P0050
U0180,P0051
U0180,P0052
U0180,P0053
U0180,P0054
U0180,P0055
U0180,P0056
U0180,P0057
U0180,P0058
U0180,P0059
U0180,P0060
U0180,P0061
U0180,P0062
U0180,P0063
U0180,P0064
U0180,P0065
U0180,P0066
U0180,P0067
U0180,P0068
U0180,P0069
U0180,P0070
U0180,P0071
U0180,P0072
U0180,P0073
U0180,P0074
U0180,P0075
U0180,P0076
U0180,P0077
U0180,P0078
U0180,P0079
U0180,P0080
U0180,P0081
U0180,P0082
U0180,P0083
U0180,P0084
U0180,P0085
U0180,P0086
U0180,P0087
U0180,P0088
U0180,P0089
U0180,P0091
U0180,P0092
U0180,P0093
U0180,P0094
U0180,P0095
U0180,P0096
U0180,P0097
U0180,P0098
U0180,P0099
U0180,P0100
U0180,P0101
U0180,P0102
U0180,P0103
U0180,P0104
U0180,P0105
U0180,P0106
U0180,P0107
U0180,P0108
U0180,P0109
U0180,P0110
U0180,P0111
U0180,P0112
U0180,P0113
U0180,P0114
U0180,P0115
U0180,P0116
U0180,P0117
U0180,P0118
U0180,P0119
U0180,P0120
U0180,P0121
U0180,P0122
U0180,P0123
U0180,P0124
U0180,P0125
U0180,P0126
U0180,P0127
U0180,P0128
U0180,P0129
U0180,P0130
U0180,P0246
U0180,P0247
U0180,P0248
U0180,P0249
U0180,P0250
U0181,P0002
U0181,P0003
U0181,P0009
U0181,P0023
U0181,P0024
U0181,P0025
U0181,P0027
U0181,P0028
U0181,P0029
U0181,P0030
U0181,P0031
U0181,P0032
U0181,P0033
U0181,P0034
U0181,P0035
U0181,P0036
U0181,P0037
U0181,P0038
U0181,P0039
U0181,P0040
U0181,P0041
U0181,P0042
U0181,P0043
U0181,P0044
U0181,P0045
U0181,P0046
U0181,P0047
U0181,P0048
U0181,P0049
U0181,P0050
U0181,P0051
U0181,P0052
U0181,P0053
U0181,P0054
U0181,P0055
U0181,P0056
U0181,P0057
U0181,P0058
U0181,P0059
U0181,P0060
U0181,P0061
U0181,P0062
U0181,P0063
U0181,P0064
U0181,P0065
U0181,P0066
U0181,P0067
U0181,P0068
U0181,P0069
U0181,P0070
U0181,P0071
U0181,P0072
U0181,P0073
U0181,P0074
U0181,P0075
U0181,P0076
U0181,P0077
U0181,P0078
U0181,P0079
U0181,P0080
U0181,P0081
U0181,P0082
U0181,P0083
U0181,P0084
U0181,P0085
U0181,P0086
U0181,P0087
U0181,P0088
U0181,P0089
U0181,P0090
U0181,P0091
U0181,P0092
U0181,P0093
U0181,P0094
U0181,P0095
U0181,P0096
U0181,P0097
U0181,P0098
U0181,P0099
U0181,P0100
U0181,P0101
U0181,P0102
U0181,P0103
U0181,P0104
U0181,P0105
U0181,P0106
U0181,P0107
U0181,P0108
U0181,P0109
U0181,P0110
U0181,P0111
U0181,P0112
U0181,P0113
U0181,P0114
U0181,P0115
U0181,P0116
U0181,P0117
U0181,P0118
U0181,P0119
U0181,P0120
U0181,P0121
U0181,P0122
U0181,P0123
U0181,P0124
U0181,P0125
U0181,P0126
U0181,P0127
U0181,P0128
U0181,P0129
U0181,P0130
U0181,P0131
U0181,P0132
U0181,P0133
U0181,P0134
U0181,P0135
U0181,P0136
U0181,P0137
U0181,P0138
U0181,P0139
U0181,P0140
U0181,P0144
U0181,P0145
U0181,P0146
U0181,P0147
U0181,P0148
U0181,P0149
U0181,P0150
U0181,P0151
U0181,P0152
U0181,P0153
U0181,P0154
U0181,P0155
U0181,P0156
U0181,P0157
U0181,P0158
U0181,P0159
U0181,P0160
U0181,P0161
U0181,P0162
U0181,P0163
U0181,P0164
U0181,P0165
U0181,P0166
U0181,P0167
U0181,P0168
U0181,P0169
U0181,P0170
U0181,P0171
U0181,P0172
U0181,P0173
U0181,P0174
U0181,P0175
U0181,P0176
U0181,P0177
U0181,P0178
U0181,P0179
U0181,P0180
U0181,P0181
U0181,P0182
U0181,P0183
U0181,P0184
U0181,P0185
U0181,P0186
U0181,P0187
U0181,P0188
U0181,P0189
U0181,P0190
U0181,P0191
U0181,P0192
U0181,P0193
U0181,P0194
U0181,P0195
U0181,P0196
U0181,P0197
U0181,P0198
U0181,P0199
U0181,P0200
U0181,P0201
U0181,P0202
U0181,P0203
U0181,P0204
U0181,P0205
U0181,P0206
U0181,P0207
U0181,P0208
U0181,P0209
U0181,P0210
U0181,P0211
U0181,P0212
U0181,P0213
U0181,P0214
U0181,P0215
U0181,P0216
U0181,P0217
U0181,P0218
U0181,P0219
U0181,P0220
U0181,P0221
U0181,P0222
U0181,P0223
U0181,P0224
U0181,P0225
U0181,P0226
U0181,P0227
U0181,P0228
U0181,P0229
U0181,P0230
U0181,P0231
U0181,P0232
U0181,P0233
U0181,P0234
U0181,P0235
U0181,P0236
U0181,P0237
U0181,P0238
U0181,P0239
U0181,P0240
U0181,P0241
U0181,P0245
U0181,P0246
U0181,P0247
U0181,P0248
U0181,P0249
U0181,P0250
U0181,P0260
U0181,P0261
U0182,P0027
U0182,P0028
U0182,P0029
U0182,P0030
U0182,P0031
U0182,P0032
U0182,P0033
U0182,P0034
U0182,P0035
U0182,P0036
U0182,P0037
U0182,P0038
U0182,P0039
U0182,P0040
U0182,P0041
U0182,P0042
U0182,P0043
U0182,P0044
U0182,P0045
U0182,P0046
U0182,P0047
U0182,P0048
U0182,P0049
U0182,P0050
U0182,P0051
U0182,P0052
U0182,P0053
U0182,P0054
U0182,P0055
U0182,P0056
U0182,P0057
U0182,P0058
U0182,P0059
U0182,P0060
U0182,P0061
U0182,P0062
U0182,P0063
U0182,P0064
U0182,P0065
U0182,P0066
U0182,P0067
U0182,P0068
U0182,P0069
U0182,P0070
U0182,P0071
U0182,P0072
U0182,P0073
U0182,P0074
U0182,P0075
U0182,P0076
U0182,P0077
U0182,P0078
U0182,P0079
U0182,P0080
U0182,P0081
U0182,P0082
U0182,P0083
U0182,P0084
U0182,P0085
U0182,P0086
U0182,P0087
U0182,P0088
U0182,P0089
U0182,P0090
U0182,P0091
U0182,P0092
U0182,P0093
U0182,P0094
U0182,P0095
U0182,P0096
U0182,P0097
U0182,P0098
U0182,P0099
U0182,P0100
U0182,P0101
U0182,P0102
U0182,P0103
U0182,P0104
U0182,P0105
U0182,P0106
U0182,P0107
U0182,P0108
U0182,P0109
U0182,P0110
U0182,P0111
U0182,P0112
U0182,P0113
U0182,P0114
U0182,P0115
U0182,P0116
U0182,P0117
U0182,P0118
U0182,P0119
U0182,P0120
U0182,P0121
U0182,P0122
U0182,P0123
U0182,P0124
U0182,P0125
U0182,P0126
U0182,P0127
U0182,P0128
U0182,P0129
U0182,P0130
U0182,P0246
U0182,P0247
U0182,P0248
U0182,P0249
U0182,P0250
U0183,P0027
U0183,P0028
U0183,P0029
U0183,P0030
U0183,P0031
U0183,P0032
U0183,P0033
U0183,P0034
U0183,P0035
U0183,P0036
U0183,P0037
U0183,P0038
U0183,P0039
U0183,P0040
U0183,P0041
U0183,P0042
U0183,P0043
U0183,P0044
U0183,P0045
U0183,P0046
U0183,P0047
U0183,P0048
U0183,P0049
U0183,P0050
U0183,P0051
U0183,P0052
U0183,P0053
U0183,P0054
U0183,P0055
U0183,P0056
U0183,P0057
U0183,P0058
U0183,P0059
U0183,P0060
U0183,P0061
U0183,P0062
U0183,P0063
U0183,P0064
U0183,P0065
U0183,P0066
U0183,P0067
U0183,P0068
U0183,P0069
U0183,P0070
U0183,P0071
U0183,P0072
U0183,P0073
U0183,P0074
U0183,P0075
U0183,P0076
U0183,P0077
U0183,P0078
U0183,P0079
U0183,P0080
U0183,P0081
U0183,P0082
U0183,P0083
U0183,P0084
U0183,P0085
U0183,P0086
U0183,P0087
U0183,P0088
U0183,P0089
U0183,P0090
U0183,P0091
U0183,P0092
U0183,P0093
U0183,P0094
U0183,P0095
U0183,P0096
U0183,P0097
U0183,P0098
U0183,P0099
U0183,P0100
U0183,P0101
U0183,P0102
U0183,P0103
U0183,P0104
U0183,P0105
U0183,P0106
U0183,P0107
U0183,P0108
U0183,P0109
U0183,P0110
U0183,P0111
U0183,P0112
U0183,P0113
U0183,P0114
U0183,P0115
U0183,P0116
U0183,P0117
U0183,P0118
U0183,P0119
U0183,P0120
U0183,P0121
U0183,P0122
U0183,P0123
U0183,P0124
U0183,P0125
U0183,P0126
U0183,P0127
U0183,P0128
U0183,P0129
U0183,P0130
U0183,P0150
U0183,P0151
U0183,P0152
U0183,P0153
U0183,P0154
U0183,P0155
U0183,P0156
U0183,P0157
U0183,P0158
U0183,P0159
U0183,P0160
U0183,P0161
U0183,P0162
U0183,P0163
U0183,P0164
U0183,P0165
U0183,P0166
U0183,P0167
U0183,P0168
U0183,P0169
U0183,P0170
U0183,P0171
U0183,P0172
U0183,P0173
U0183,P0174
U0183,P0175
U0183,P0176
U0183,P0177
U0183,P0178
U0183,P0179
U0183,P0180
U0183,P0181
U0183,P0182
U0183,P0183
U0183,P0184
U0183,P0185
U0183,P0186
U0183,P0187
U0183,P0188
U0183,P0189
U0183,P0190
U0183,P0191
U0183,P0192
U0183,P0193
U0183,P0194
U0183,P0195
U0183,P0196
U0183,P0197
U0183,P0198
U0183,P0199
U0183,P0200
U0183,P0201
U0183,P0202
U0183,P0203
U0183,P0204
U0183,P0205
U0183,P0206
U0183,P0207
U0183,P0208
U0183,P0209
U0183,P0210
U0183,P0211
U0183,P0212
U0183,P0213
U0183,P0246
U0183,P0247
U0183,P0248
U0183,P0249
U0183,P0250
U0184,P0027
U0184,P0028
U0184,P0029
U0184,P0030
U0184,P0031
U0184,P0032
U0184,P0033
U0184,P0034
U0184,P0035
U0184,P0036
U0184,P0037
U0184,P0038
U0184,P0039
U0184,P0040
U0184,P0041
U0184,P0042
U0184,P0043
U0184,P0044
U0184,P0045
U0184,P0046
U0184,P0047
U0184,P0048
U0184,P0049
U0184,P0050
U0184,P0051
U0184,P0052
U0184,P0053
U0184,P0054
U0184,P0055
U0184,P0056
U0184,P0057
U0184,P0058
U0184,P0059
U0184,P0060
U0184,P0061
U0184,P0062
U0184,P0063
U0184,P0064
U0184,P0065
U0184,P0066
U0184,P0067
U0184,P0068
U0184,P0069
U0184,P0070
U0184,P0071
U0184,P0072
U0184,P0073
U0184,P0074
U0184,P0075
U0184,P0076
U0184,P0077
U0184,P0078
U0184,P0079
U0184,P0080
U0184,P0081
U0184,P0082
U0184,P0083
U0184,P0084
U0184,P0085
U0184,P0086
U0184,P0087
U0184,P0088
U0184,P0089
U0184,P0090
U0184,P0091
U0184,P0092
U0184,P0093
U0184,P0094
U0184,P0095
U0184,P0096
U0184,P0097
U0184,P0098
U0184,P0099
U0184,P0100
U0184,P0101
U0184,P0102
U0184,P0103
U0184,P0104
U0184,P0105
U0184,P0106
U0184,P0107
U0184,P0108
U0184,P0109
U0184,P0110
U0184,P0111
U0184,P0112
U0184,P0113
U0184,P0114
U0184,P0115
U0184,P0116
U0184,P0117
U0184,P0118
U0184,P0119
U0184,P0120
U0184,P0121
U0184,P0122
U0184,P0123
U0184,P0124
U0184,P0125
U0184,P0126
U0184,P0127
U0184,P0128
U0184,P0129
U0184,P0130
U0184,P0246
U0184,P0247
U0184,P0248
U0184,P0249
U0184,P0250
U0185,P0027
U0185,P0028
U0185,P0029
U0185,P0030
U0185,P0031
U0185,P0032
U0185,P0033
U0185,P0034
U0185,P0035
U0185,P0036
U0185,P0037
U0185,P0038
U0185,P0039
U0185,P0040
U0185,P0041
U0185,P0042
U0185,P0043
U0185,P0044
U0185,P0045
U0185,P0046
U0185,P0047
U0185,P0048
U0185,P0049
U0185,P0050
U0185,P0051
U0185,P0052
U0185,P0053
U0185,P0054
U0185,P0055
U0185,P0056
U0185,P0057
U0185,P0058
U0185,P0059
U0185,P0060
U0185,P0061
U0185,P0062
U0185,P0063
U0185,P0064
U0185,P0065
U0185,P0066
U0185,P0067
U0185,P0068
U0185,P0069
U0185,P0070
U0185,P0071
U0185,P0072
U0185,P0073
U0185,P0074
U0185,P0075
U0185,P0076
U0185,P0077
U0185,P0078
U0185,P0079
U0185,P0080
U0185,P0081
U0185,P0082
U0185,P0083
U0185,P0084
U0185,P0085
U0185,P0086
U0185,P0087
U0185,P0088
U0185,P0089
U0185,P0090
U0185,P0091
U0185,P0092
U0185,P0093
U0185,P0094
U0185,P0095
U0185,P0096
U0185,P0097
U0185,P0098
U0185,P0099
U0185,P0100
U0185,P0101
U0185,P0102
U0185,P0103
U0185,P0104
U0185,P0105
U0185,P0106
U0185,P0107
U0185,P0108
U0185,P0109
U0185,P0110
U0185,P0111
U0185,P0112
U0185,P0113
U0185,P0114
U0185,P0115
U0185,P0116
U0185,P0117
U0185,P0118
U0185,P0119
U0185,P0120
U0185,P0121
U0185,P0122
U0185,P0123
U0185,P0124
U0185,P0125
U0185,P0126
U0185,P0127
U0185,P0128
U0185,P0129
U0185,P0130
U0185,P0246
U0185,P0247
U0185,P0248
U0185,P0250
U0186,P0027
U0186,P0028
U0186,P0029
U0186,P0030
U0186,P0031
U0186,P0032
U0186,P0033
U0186,P0034
U0186,P0035
U0186,P0036
U0186,P0037
U0186,P0038
U0186,P0039
U0186,P0040
U0186,P0041
U0186,P0042
U0186,P0043
U0186,P0044
U0186,P0045
U0186,P0046
U0186,P0047
U0186,P0048
U0186,P0049
U0186,P0050
U0186,P0051
U0186,P0052
U0186,P0053
U0186,P0054
U0186,P0055
U0186,P0056
U0186,P0057
U0186,P0058
U0186,P0059
U0186,P0060
U0186,P0061
U0186,P0062
U0186,P0063
U0186,P0064
U0186,P0065
U0186,P0066
U0186,P0067
U0186,P0068
U0186,P0069
U0186,P0070
U0186,P0071
U0186,P0072
U0186,P0073
U0186,P0074
U0186,P0075
U0186,P0076
U0186,P0077
U0186,P0078
U0186,P0079
U0186,P0080
U0186,P0081
U0186,P0082
U0186,P0083
U0186,P0084
U0186,P0085
U0186,P0086
U0186,P0087
U0186,P0088
U0186,P0089
U0186,P0090
U0186,P0091
U0186,P0092
U0186,P0093
U0186,P0094
U0186,P0095
U0186,P0096
U0186,P0097
U0186,P0098
U0186,P0099
U0186,P0100
U0186,P0101
U0186,P0102
U0186,P0103
U0186,P0104
U0186,P0105
U0186,P0106
U0186,P0107
U0186,P0108
U0186,P0109
U0186,P0110
U0186,P0111
U0186,P0112
U0186,P0113
U0186,P0114
U0186,P0115
U0186,P0116
U0186,P0117
U0186,P0118
U0186,P0119
U0186,P0120
U0186,P0121
U0186,P0122
U0186,P0123
U0186,P0124
U0186,P0125
U0186,P0126
U0186,P0127
U0186,P0128
U0186,P0129
U0186,P0130
U0186,P0246
U0186,P0247
U0186,P0248
U0186,P0249
U0186,P0250
U0187,P0027
U0187,P0028
U0187,P0029
U0187,P0030
U0187,P0031
U0187,P0032
U0187,P0033
U0187,P0034
U0187,P0035
U0187,P0036
U0187,P0037
U0187,P0038
U0187,P0039
U0187,P0040
U0187,P0041
U0187,P0042
U0187,P0043
U0187,P0044
U0187,P0045
U0187,P0046
U0187,P0047
U0187,P0048
U0187,P0049
U0187,P0050
U0187,P0051
U0187,P0052
U0187,P0053
U0187,P0054
U0187,P0055
U0187,P0056
U0187,P0057
U0187,P0058
U0187,P0059
U0187,P0060
U0187,P0061
U0187,P0062
U0187,P0063
U0187,P0064
U0187,P0065
U0187,P0066
U0187,P0067
U0187,P0068
U0187,P0069
U0187,P0070
U0187,P0071
U0187,P0072
U0187,P0073
U0187,P0074
U0187,P0075
U0187,P0076
U0187,P0077
U0187,P0078
U0187,P0079
U0187,P0080
U0187,P0081
U0187,P0082
U0187,P0083
U0187,P0084
U0187,P0085
U0187,P0086
U0187,P0087
U0187,P0088
U0187,P0089
U0187,P0090
U0187,P0091
U0187,P0092
U0187,P0093
U0187,P0094
U0187,P0095
U0187,P0096
U0187,P0097
U0187,P0098
U0187,P0099
U0187,P0100
U0187,P0101
U0187,P0102
U0187,P0103
U0187,P0104
U0187,P0105
U0187,P0106
U0187,P0107
U0187,P0108
U0187,P0109
U0187,P0110
U0187,P0111
U0187,P0112
U0187,P0113
U0187,P0114
U0187,P0115
U0187,P0116
U0187,P0117
U0187,P0118
U0187,P0119
U0187,P0120
U0187,P0121
U0187,P0122
U0187,P0123
U0187,P0124
U0187,P0125
U0187,P0126
U0187,P0127
U0187,P0128
U0187,P0129
U0187,P0130
U0187,P0246
U0187,P0247
U0187,P0248
U0187,P0249
U0187,P0250
U0188,P0027
U0188,P0028
U0188,P0029
U0188,P0030
U0188,P0031
U0188,P0032
U0188,P0033
U0188,P0034
U0188,P0035
U0188,P0036
U0188,P0037
U0188,P0038
U0188,P0039
U0188,P0040
U0188,P0041
U0188,P0042
U0188,P0043
U0188,P0044
U0188,P0045
U0188,P0046
U0188,P0047
U0188,P0048
U0188,P0049
U0188,P0050
U0188,P0051
U0188,P0052
U0188,P0053
U0188,P0054
U0188,P0055
U0188,P0056
U0188,P0057
U0188,P0058
U0188,P0059
U0188,P0060
U0188,P0061
U0188,P0062
U0188,P0063
U0188,P0064
U0188,P0065
U0188,P0066
U0188,P0067
U0188,P0068
U0188,P0069
U0188,P0070
U0188,P0071
U0188,P0072
U0188,P0073
U0188,P0074
U0188,P0075
U0188,P0076
U0188,P0077
U0188,P0078
U0188,P0079
U0188,P0080
U0188,P0081
U0188,P0082
U0188,P0083
U0188,P0084
U0188,P0085
U0188,P0086
U0188,P0087
U0188,P0088
U0188,P0089
U0188,P0090
U0188,P0091
U0188,P0092
U0188,P0093
U0188,P0094
U0188,P0095
U0188,P0096
U0188,P0097
U0188,P0098
U0188,P0099
U0188,P0100
U0188,P0101
U0188,P0102
U0188,P0103
U0188,P0104
U0188,P0105
U0188,P0106
U0188,P0107
U0188,P0108
U0188,P0109
U0188,P0110
U0188,P0111
U0188,P0112
U0188,P0113
U0188,P0114
U0188,P0115
U0188,P0116
U0188,P0117
U0188,P0118
U0188,P0119
U0188,P0120
U0188,P0121
U0188,P0122
U0188,P0123
U0188,P0124
U0188,P0125
U0188,P0126
U0188,P0127
U0188,P0128
U0188,P0129
U0188,P0130
U0188,P0246
U0188,P0247
U0188,P0248
U0188,P0249
U0188,P0250
U0189,P0027
U0189,P0028
U0189,P0029
U0189,P0030
U0189,P0031
U0189,P0032
U0189,P0033
U0189,P0034
U0189,P0035
U0189,P0036
U0189,P0037
U0189,P0038
U0189,P0039
U0189,P0040
U0189,P0041
U0189,P0042
U0189,P0043
U0189,P0044
U0189,P0045
U0189,P0046
U0189,P0047
U0189,P0048
U0189,P0049
U0189,P0050
U0189,P0051
U0189,P0052
U0189,P0053
U0189,P0054
U0189,P0055
U0189,P0056
U0189,P0057
U0189,P0058
U0189,P0059
U0189,P0060
U0189,P0061
U0189,P0062
U0189,P0063
U0189,P0064
U0189,P0065
U0189,P0066
U0189,P0067
U0189,P0068
U0189,P0069
U0189,P0070
U0189,P0071
U0189,P0072
U0189,P0073
U0189,P0074
U0189,P0075
U0189,P0076
U0189,P0077
U0189,P0078
U0189,P0079
U0189,P0080
U0189,P0081
U0189,P0082
U0189,P0083
U0189,P0084
U0189,P0085
U0189,P0086
U0189,P0087
U0189,P0088
U0189,P0089
U0189,P0090
U0189,P0091
U0189,P0092
U0189,P0093
U0189,P0094
U0189,P0095
U0189,P0096
U0189,P0097
U0189,P0098
U0189,P0099
U0189,P0100
U0189,P0101
U0189,P0102
U0189,P0103
U0189,P0104
U0189,P0105
U0189,P0106
U0189,P0107
U0189,P0108
U0189,P0109
U0189,P0110
U0189,P0111
U0189,P0112
U0189,P0113
U0189,P0114
U0189,P0115
U0189,P0116
U0189,P0117
U0189,P0118
U0189,P0119
U0189,P0120
U0189,P0121
U0189,P0122
U0189,P0123
U0189,P0124
U0189,P0125
U0189,P0126
U0189,P0127
U0189,P0128
U0189,P0129
U0189,P0130
U0189,P0246
U0189,P0247
U0189,P0248
U0189,P0249
U0189,P0250
U0190,P0027
U0190,P0028
U0190,P0029
U0190,P0030
U0190,P0031
U0190,P0032
U0190,P0033
U0190,P0034
U0190,P0035
U0190,P0036
U0190,P0037
U0190,P0038
U0190,P0039
U0190,P0040
U0190,P0041
U0190,P0042
U0190,P0043
U0190,P0044
U0190,P0045
U0190,P0046
U0190,P0047
U0190,P0048
U0190,P0049
U0190,P0050
U0190,P0051
U0190,P0052
U0190,P0053
U0190,P0054
U0190,P0055
U0190,P0056
U0190,P0057
U0190,P0058
U0190,P0059
U0190,P0060
U0190,P0061
U0190,P0062
U0190,P0063
U0190,P0064
U0190,P0065
U0190,P0066
U0190,P0067
U0190,P0068
U0190,P0069
U0190,P0070
U0190,P0071
U0190,P0072
U0190,P0073
U0190,P0074
U0190,P0075
U0190,P0076
U0190,P0077
U0190,P0078
U0190,P0079
U0190,P0080
U0190,P0081
U0190,P0082
U0190,P0083
U0190,P0084
U0190,P0085
U0190,P0086
U0190,P0087
U0190,P0088
U0190,P0089
U0190,P0090
U0190,P0091
U0190,P0092
U0190,P0093
U0190,P0094
U0190,P0095
U0190,P0096
U0190,P0097
U0190,P0098
U0190,P0099
U0190,P0100
U0190,P0101
U0190,P0102
U0190,P0103
U0190,P0104
U0190,P0105
U0190,P0106
U0190,P0107
U0190,P0108
U0190,P0109
U0190,P0110
U0190,P0111
U0190,P0112
U0190,P0113
U0190,P0114
U0190,P0115
U0190,P0116
U0190,P0117
U0190,P0118
U0190,P0119
U0190,P0120
U0190,P0121
U0190,P0122
U0190,P0123
U0190,P0124
U0190,P0125
U0190,P0126
U0190,P0127
U0190,P0128
U0190,P0129
U0190,P0130
U0190,P0246
U0190,P0247
U0190,P0248
U0190,P0249
U0190,P0250
U0191,P0002
U0191,P0003
U0191,P0009
U0191,P0023
U0191,P0024
U0191,P0025
U0191,P0027
U0191,P0028
U0191,P0029
U0191,P0030
U0191,P0031
U0191,P0032
U0191,P0033
U0191,P0034
U0191,P0035
U0191,P0036
U0191,P0037
U0191,P0038
U0191,P0039
U0191,P0040
U0191,P0041
U0191,P0042
U0191,P0043
U0191,P0044
U0191,P0045
U0191,P0046
U0191,P0047
U0191,P0048
U0191,P0049
U0191,P0050
U0191,P0051
U0191,P0052
U0191,P0053
U0191,P0054
U0191,P0055
U0191,P0056
U0191,P0057
U0191,P0058
U0191,P0059
U0191,P0060
U0191,P0061
U0191,P0062
U0191,P0063
U0191,P0064
U0191,P0065
U0191,P0066
U0191,P0067
U0191,P0068
U0191,P0069
U0191,P0070
U0191,P0071
U0191,P0072
U0191,P0073
U0191,P0074
U0191,P0075
U0191,P0076
U0191,P0077
U0191,P0078
U0191,P0079
U0191,P0080
U0191,P0081
U0191,P0082
U0191,P0083
U0191,P0084
U0191,P0085
U0191,P0086
U0191,P0087
U0191,P0088
U0191,P0089
U0191,P0090
U0191,P0091
U0191,P0092
U0191,P0093
U0191,P0094
U0191,P0095
U0191,P0096
U0191,P0097
U0191,P0098
U0191,P0099
U0191,P0100
U0191,P0101
U0191,P0102
U0191,P0103
U0191,P0104
U0191,P0105
U0191,P0106
U0191,P0107
U0191,P0108
U0191,P0109
U0191,P0110
U0191,P0111
U0191,P0112
U0191,P0113
U0191,P0114
U0191,P0115
U0191,P0116
U0191,P0117
U0191,P0118
U0191,P0119
U0191,P0120
U0191,P0121
U0191,P0122
U0191,P0123
U0191,P0124
U0191,P0125
U0191,P0126
U0191,P0127
U0191,P0128
U0191,P0129
U0191,P0130
U0191,P0131
U0191,P0132
U0191,P0133
U0191,P0134
U0191,P0135
U0191,P0136
U0191,P0137
U0191,P0144
U0191,P0145
U0191,P0146
U0191,P0147
U0191,P0148
U0191,P0149
U0191,P0150
U0191,P0151
U0191,P0152
U0191,P0153
U0191,P0154
U0191,P0155
U0191,P0156
U0191,P0157
U0191,P0158
U0191,P0159
U0191,P0160
U0191,P0161
U0191,P0162
U0191,P0163
U0191,P0164
U0191,P0165
U0191,P0166
U0191,P0167
U0191,P0168
U0191,P0169
U0191,P0170
U0191,P0171
U0191,P0172
U0191,P0173
U0191,P0174
U0191,P0175
U0191,P0176
U0191,P0177
U0191,P0178
U0191,P0179
U0191,P0180
U0191,P0181
U0191,P0182
U0191,P0183
U0191,P0184
U0191,P0185
U0191,P0186
U0191,P0187
U0191,P0188
U0191,P0189
U0191,P0190
U0191,P0191
U0191,P0192
U0191,P0193
U0191,P0194
U0191,P0195
U0191,P0196
U0191,P0197
U0191,P0198
U0191,P0199
U0191,P0200
U0191,P0201
U0191,P0202
U0191,P0203
U0191,P0204
U0191,P0205
U0191,P0206
U0191,P0207
U0191,P0208
U0191,P0209
U0191,P0210
U0191,P0211
U0191,P0212
U0191,P0213
U0191,P0215
U0191,P0216
U0191,P0217
U0191,P0218
U0191,P0219
U0191,P0220
U0191,P0221
U0191,P0222
U0191,P0223
U0191,P0224
U0191,P0225
U0191,P0226
U0191,P0227
U0191,P0228
U0191,P0229
U0191,P0230
U0191,P0231
U0191,P0232
U0191,P0233
U0191,P0234
U0191,P0235
U0191,P0236
U0191,P0237
U0191,P0238
U0191,P0239
U0191,P0240
U0191,P0241
U0191,P0245
U0191,P0246
U0191,P0247
U0191,P0248
U0191,P0249
U0191,P0250
U0191,P0261
U0191,P0292
U0191,P0293
U0192,P0027
U0192,P0028
U0192,P0029
U0192,P0030
U0192,P0031
U0192,P0032
U0192,P0033
U0192,P0034
U0192,P0035
U0192,P0036
U0192,P0037
U0192,P0038
U0192,P0039
U0192,P0040
U0192,P0041
U0192,P0042
U0192,P0043
U0192,P0044
U0192,P0045
U0192,P0046
U0192,P0047
U0192,P0048
U0192,P0049
U0192,P0050
U0192,P0051
U0192,P0052
U0192,P0053
U0192,P0054
U0192,P0055
U0192,P0056
U0192,P0057
U0192,P0058
U0192,P0059
U0192,P0060
U0192,P0061
U0192,P0062
U0192,P0063
U0192,P0064
U0192,P0065
U0192,P0066
U0192,P0067
U0192,P0068
U0192,P0069
U0192,P0070
U0192,P0071
U0192,P0072
U0192,P0073
U0192,P0074
U0192,P0075
U0192,P0076
U0192,P0077
U0192,P0078
U0192,P0079
U0192,P0080
U0192,P0081
U0192,P0082
U0192,P0083
U0192,P0084
U0192,P0085
U0192,P0086
U0192,P0087
U0192,P0088
U0192,P0089
U0192,P0090
U0192,P0091
U0192,P0092
U0192,P0093
U0192,P0094
U0192,P0095
U0192,P0096
U0192,P0097
U0192,P0098
U0192,P0099
U0192,P0100
U0192,P0101
U0192,P0102
U0192,P0103
U0192,P0104
U0192,P0105
U0192,P0106
U0192,P0107
U0192,P0108
U0192,P0109
U0192,P0110
U0192,P0111
U0192,P0112
U0192,P0113
U0192,P0114
U0192,P0115
U0192,P0116
U0192,P0117
U0192,P0118
U0192,P0119
U0192,P0120
U0192,P0121
U0192,P0122
U0192,P0123
U0192,P0124
U0192,P0125
U0192,P0126
U0192,P0127
U0192,P0128
U0192,P0129
U0192,P0130
U0192,P0246
U0192,P0247
U0192,P0248
U0192,P0249
U0192,P0250
U0193,P0263
U0193,P0265
U0193,P0267
U0193,P0269
U0193,P0270
U0193,P0271
U0193,P0272
U0194,P0027
U0194,P0028
U0194,P0029
U0194,P0030
U0194,P0031
U0194,P0032
U0194,P0033
U0194,P0034
U0194,P0035
U0194,P0036
U0194,P0037
U0194,P0038
U0194,P0039
U0194,P0040
U0194,P0041
U0194,P0042
U0194,P0043
U0194,P0044
U0194,P0045
U0194,P0046
U0194,P0047
U0194,P0048
U0194,P0049
U0194,P0050
U0194,P0051
U0194,P0052
U0194,P0053
U0194,P0054
U0194,P0055
U0194,P0056
U0194,P0057
U0194,P0058
U0194,P0059
U0194,P0060
U0194,P0061
U0194,P0062
U0194,P0063
U0194,P0064
U0194,P0065
U0194,P0066
U0194,P0067
U0194,P0068
U0194,P0069
U0194,P0070
U0194,P0071
U0194,P0072
U0194,P0073
U0194,P0074
U0194,P0075
U0194,P0076
U0194,P0077
U0194,P0078
U0194,P0079
U0194,P0080
U0194,P0081
U0194,P0082
U0194,P0083
U0194,P0084
U0194,P0085
U0194,P0086
U0194,P0087
U0194,P0088
U0194,P0089
U0194,P0090
U0194,P0091
U0194,P0092
U0194,P0093
U0194,P0094
U0194,P0095
U0194,P0096
U0194,P0097
U0194,P0098
U0194,P0099
U0194,P0100
U0194,P0101
U0194,P0102
U0194,P0103
U0194,P0104
U0194,P0105
U0194,P0106
U0194,P0107
U0194,P0108
U0194,P0109
U0194,P0110
U0194,P0111
U0194,P0112
U0194,P0113
U0194,P0114
U0194,P0115
U0194,P0116
U0194,P0117
U0194,P0118
U0194,P0119
U0194,P0120
U0194,P0121
U0194,P0122
U0194,P0123
U0194,P0124
U0194,P0125
U0194,P0126
U0194,P0127
U0194,P0128
U0194,P0129
U0194,P0130
U0194,P0246
U0194,P0247
U0194,P0248
U0194,P0249
U0194,P0250
U0195,P0027
U0195,P0028
U0195,P0029
U0195,P0030
U0195,P0031
U0195,P0032
U0195,P0033
U0195,P0034
U0195,P0035
U0195,P0036
U0195,P0037
U0195,P0038
U0195,P0039
U0195,P0040
U0195,P0041
U0195,P0042
U0195,P0043
U0195,P0044
U0195,P0045
U0195,P0046
U0195,P0047
U0195,P0048
U0195,P0049
U0195,P0050
U0195,P0051
U0195,P0052
U0195,P0053
U0195,P0054
U0195,P0055
U0195,P0056
U0195,P0057
U0195,P0058
U0195,P0059
U0195,P0060
U0195,P0061
U0195,P0062
U0195,P0063
U0195,P0064
U0195,P0065
U0195,P0066
U0195,P0067
U0195,P0068
U0195,P0069
U0195,P0070
U0195,P0071
U0195,P0072
U0195,P0073
U0195,P0074
U0195,P0075
U0195,P0076
U0195,P0077
U0195,P0078
U0195,P0079
U0195,P0080
U0195,P0081
U0195,P0082
U0195,P0083
U0195,P0084
U0195,P0085
U0195,P0086
U0195,P0087
U0195,P0088
U0195,P0089
U0195,P0090
U0195,P0091
U0195,P0092
U0195,P0093
U0195,P0094
U0195,P0095
U0195,P0096
U0195,P0097
U0195,P0098
U0195,P0099
U0195,P0100
U0195,P0101
U0195,P0102
U0195,P0103
U0195,P0104
U0195,P0105
U0195,P0106
U0195,P0107
U0195,P0108
U0195,P0109
U0195,P0110
U0195,P0111
U0195,P0112
U0195,P0113
U0195,P0114
U0195,P0115
U0195,P0116
U0195,P0117
U0195,P0118
U0195,P0119
U0195,P0120
U0195,P0121
U0195,P0122
U0195,P0123
U0195,P0124
U0195,P0125
U0195,P0126
U0195,P0127
U0195,P0128
U0195,P0129
U0195,P0130
U0195,P0246
U0195,P0247
U0195,P0248
U0195,P0249
U0195,P0250
U0196,P0027
U0196,P0028
U0196,P0029
U0196,P0030
U0196,P0031
U0196,P0032
U0196,P0033
U0196,P0034
U0196,P0035
U0196,P0036
U0196,P0037
U0196,P0038
U0196,P0039
U0196,P0040
U0196,P0041
U0196,P0042
U0196,P0043
U0196,P0044
U0196,P0045
U0196,P0046
U0196,P0047
U0196,P0048
U0196,P0049
U0196,P0050
U0196,P0051
U0196,P0052
U0196,P0053
U0196,P0054
U0196,P0055
U0196,P0056
U0196,P0057
U0196,P0058
U0196,P0059
U0196,P0060
U0196,P0061
U0196,P0062
U0196,P0063
U0196,P0064
U0196,P0065
U0196,P0066
U0196,P0067
U0196,P0068
U0196,P0069
U0196,P0070
U0196,P0071
U0196,P0072
U0196,P0073
U0196,P0074
U0196,P0075
U0196,P0076
U0196,P0077
U0196,P0078
U0196,P0079
U0196,P0080
U0196,P0081
U0196,P0082
U0196,P0083
U0196,P0084
U0196,P0085
U0196,P0086
U0196,P0087
U0196,P0088
U0196,P0089
U0196,P0090
U0196,P0091
U0196,P0092
U0196,P0093
U0196,P0094
U0196,P0095
U0196,P0096
U0196,P0097
U0196,P0098
U0196,P0099
U0196,P0100
U0196,P0101
U0196,P0102
U0196,P0103
U0196,P0104
U0196,P0105
U0196,P0106
U0196,P0107
U0196,P0108
U0196,P0109
U0196,P0110
U0196,P0111
U0196,P0112
U0196,P0113
U0196,P0114
U0196,P0115
U0196,P0116
U0196,P0117
U0196,P0118
U0196,P0119
U0196,P0120
U0196,P0121
U0196,P0122
U0196,P0123
U0196,P0124
U0196,P0125
U0196,P0126
U0196,P0127
U0196,P0128
U0196,P0129
U0196,P0130
U0196,P0246
U0196,P0247
U0196,P0248
U0196,P0249
U0196,P0250
U0197,P0027
U0197,P0028
U0197,P0029
U0197,P0030
U0197,P0031
U0197,P0032
U0197,P0033
U0197,P0034
U0197,P0035
U0197,P0036
U0197,P0037
U0197,P0038
U0197,P0039
U0197,P0040
U0197,P0041
U0197,P0042
U0197,P0043
U0197,P0044
U0197,P0045
U0197,P0046
U0197,P0047
U0197,P0048
U0197,P0049
U0197,P0050
U0197,P0051
U0197,P0052
U0197,P0053
U0197,P0054
U0197,P0055
U0197,P0056
U0197,P0057
U0197,P0058
U0197,P0059
U0197,P0060
U0197,P0061
U0197,P0062
U0197,P0063
U0197,P0064
U0197,P0065
U0197,P0066
U0197,P0067
U0197,P0068
U0197,P0069
U0197,P0070
U0197,P0071
U0197,P0072
U0197,P0073
U0197,P0074
U0197,P0075
U0197,P0076
U0197,P0077
U0197,P0078
U0197,P0079
U0197,P0080
U0197,P0081
U0197,P0082
U0197,P0083
U0197,P0084
U0197,P0085
U0197,P0086
U0197,P0087
U0197,P0088
U0197,P0089
U0197,P0090
U0197,P0091
U0197,P0092
U0197,P0093
U0197,P0094
U0197,P0095
U0197,P0096
U0197,P0097
U0197,P0098
U0197,P0099
U0197,P0100
U0197,P0101
U0197,P0102
U0197,P0103
U0197,P0104
U0197,P0105
U0197,P0106
U0197,P0107
U0197,P0108
U0197,P0109
U0197,P0110
U0197,P0111
U0197,P0112
U0197,P0113
U0197,P0114
U0197,P0115
U0197,P0116
U0197,P0117
U0197,P0118
U0197,P0119
U0197,P0120
U0197,P0121
U0197,P0122
U0197,P0123
U0197,P0124
U0197,P0125
U0197,P0126
U0197,P0127
U0197,P0128
U0197,P0129
U0197,P0130
U0197,P0246
U0197,P0247
U0197,P0248
U0197,P0249
U0197,P0250
U0198,P0027
U0198,P0028
U0198,P0029
U0198,P0030
U0198,P0031
U0198,P0032
U0198,P0033
U0198,P0034
U0198,P0035
U0198,P0036
U0198,P0037
U0198,P0038
U0198,P0039
U0198,P0040
U0198,P0041
U0198,P0042
U0198,P0043
U0198,P0044
U0198,P0045
U0198,P0046
U0198,P0047
U0198,P0048
U0198,P0049
U0198,P0050
U0198,P0051
U0198,P0052
U0198,P0053
U0198,P0054
U0198,P0055
U0198,P0056
U0198,P0057
U0198,P0058
U0198,P0059
U0198,P0060
U0198,P0061
U0198,P0062
U0198,P0063
U0198,P0064
U0198,P0065
U0198,P0066
U0198,P0067
U0198,P0068
U0198,P0069
U0198,P0070
U0198,P0071
U0198,P0072
U0198,P0073
U0198,P0074
U0198,P0075
U0198,P0076
U0198,P0077
U0198,P0078
U0198,P0079
U0198,P0080
U0198,P0081
U0198,P0082
U0198,P0083
U0198,P0084
U0198,P0085
U0198,P0086
U0198,P0087
U0198,P0088
U0198,P0089
U0198,P0090
U0198,P0091
U0198,P0092
U0198,P0093
U0198,P0094
U0198,P0095
U0198,P0096
U0198,P0097
U0198,P0098
U0198,P0099
U0198,P0100
U0198,P0101
U0198,P0102
U0198,P0103
U0198,P0104
U0198,P0105
U0198,P0106
U0198,P0107
U0198,P0108
U0198,P0109
U0198,P0110
U0198,P0111
U0198,P0112
U0198,P0113
U0198,P0114
U0198,P0115
U0198,P0116
U0198,P0117
U0198,P0118
U0198,P0119
U0198,P0120
U0198,P0121
U0198,P0122
U0198,P0123
U0198,P0124
U0198,P0125
U0198,P0126
U0198,P0127
U0198,P0128
U0198,P0129
U0198,P0130
U0198,P0245
U0198,P0246
U0198,P0247
U0198,P0248
U0198,P0249
U0198,P0250
U0199,P0027
U0199,P0028
U0199,P0029
U0199,P0030
U0199,P0031
U0199,P0032
U0199,P0033
U0199,P0034
U0199,P0035
U0199,P0036
U0199,P0037
U0199,P0038
U0199,P0039
U0199,P0040
U0199,P0041
U0199,P0042
U0199,P0043
U0199,P0044
U0199,P0045
U0199,P0046
U0199,P0047
U0199,P0048
U0199,P0049
U0199,P0050
U0199,P0051
U0199,P0052
U0199,P0053
U0199,P0054
U0199,P0055
U0199,P0056
U0199,P0057
U0199,P0058
U0199,P0059
U0199,P0060
U0199,P0061
U0199,P0062
U0199,P0063
U0199,P0064
U0199,P0065
U0199,P0066
U0199,P0067
U0199,P0068
U0199,P0069
U0199,P0070
U0199,P0071
U0199,P0072
U0199,P0073
U0199,P0074
U0199,P0075
U0199,P0076
U0199,P0077
U0199,P0078
U0199,P0079
U0199,P0080
U0199,P0081
U0199,P0082
U0199,P0083
U0199,P0084
U0199,P0085
U0199,P0086
U0199,P0087
U0199,P0088
U0199,P0089
U0199,P0090
U0199,P0091
U0199,P0092
U0199,P0093
U0199,P0094
U0199,P0095
U0199,P0096
U0199,P0097
U0199,P0098
U0199,P0099
U0199,P0100
U0199,P0101
U0199,P0102
U0199,P0103
U0199,P0104
U0199,P0105
U0199,P0106
U0199,P0107
U0199,P0108
U0199,P0109
U0199,P0110
U0199,P0111
U0199,P0112
U0199,P0113
U0199,P0114
U0199,P0115
U0199,P0116
U0199,P0117
U0199,P0118
U0199,P0119
U0199,P0120
U0199,P0121
U0199,P0122
U0199,P0123
U0199,P0124
U0199,P0125
U0199,P0126
U0199,P0127
U0199,P0128
U0199,P0129
U0199,P0130
U0199,P0246
U0199,P0247
U0199,P0248
U0199,P0249
U0199,P0250
U0200,P0027
U0200,P0028
U0200,P0029
U0200,P0030
U0200,P0031
U0200,P0032
U0200,P0033
U0200,P0034
U0200,P0035
U0200,P0036
U0200,P0037
U0200,P0038
U0200,P0039
U0200,P0040
U0200,P0041
U0200,P0042
U0200,P0043
U0200,P0044
U0200,P0045
U0200,P0046
U0200,P0047
U0200,P0048
U0200,P0049
U0200,P0050
U0200,P0051
U0200,P0052
U0200,P0053
U0200,P0054
U0200,P0055
U0200,P0056
U0200,P0057
U0200,P0058
U0200,P0059
U0200,P0060
U0200,P0061
U0200,P0062
U0200,P0063
U0200,P0064
U0200,P0065
U0200,P0066
U0200,P0067
U0200,P0068
U0200,P0069
U0200,P0070
U0200,P0071
U0200,P0072
U0200,P0073
U0200,P0074
U0200,P0075
U0200,P0076
U0200,P0077
U0200,P0078
U0200,P0079
U0200,P0080
U0200,P0081
U0200,P0082
U0200,P0083
U0200,P0084
U0200,P0085
U0200,P0086
U0200,P0087
U0200,P0088
U0200,P0089
U0200,P0090
U0200,P0091
U0200,P0092
U0200,P0093
U0200,P0094
U0200,P0095
U0200,P0096
U0200,P0097
U0200,P0098
U0200,P0099
U0200,P0100
U0200,P0101
U0200,P0102
U0200,P0103
U0200,P0104
U0200,P0105
U0200,P0106
U0200,P0107
U0200,P0108
U0200,P0109
U0200,P0110
U0200,P0111
U0200,P0112
U0200,P0113
U0200,P0114
U0200,P0115
U0200,P0116
U0200,P0117
U0200,P0118
U0200,P0119
U0200,P0120
U0200,P0121
U0200,P0122
U0200,P0123
U0200,P0124
U0200,P0125
U0200,P0126
U0200,P0127
U0200,P0128
U0200,P0129
U0200,P0130
U0200,P0246
U0200,P0247
U0200,P0248
U0200,P0249
U0200,P0250
U0201,P0027
U0201,P0028
U0201,P0029
U0201,P0030
U0201,P0031
U0201,P0032
U0201,P0033
U0201,P0034
U0201,P0035
U0201,P0036
U0201,P0037
U0201,P0038
U0201,P0039
U0201,P0040
U0201,P0041
U0201,P0042
U0201,P0043
U0201,P0044
U0201,P0045
U0201,P0046
U0201,P0047
U0201,P0048
U0201,P0049
U0201,P0050
U0201,P0051
U0201,P0052
U0201,P0053
U0201,P0054
U0201,P0055
U0201,P0056
U0201,P0057
U0201,P0058
U0201,P0059
U0201,P0060
U0201,P0061
U0201,P0062
U0201,P0063
U0201,P0064
U0201,P0065
U0201,P0066
U0201,P0067
U0201,P0068
U0201,P0069
U0201,P0070
U0201,P0071
U0201,P0072
U0201,P0073
U0201,P0074
U0201,P0075
U0201,P0076
U0201,P0077
U0201,P0078
U0201,P0079
U0201,P0080
U0201,P0081
U0201,P0082
U0201,P0083
U0201,P0084
U0201,P0085
U0201,P0086
U0201,P0087
U0201,P0088
U0201,P0089
U0201,P0090
U0201,P0091
U0201,P0092
U0201,P0093
U0201,P0094
U0201,P0095
U0201,P0096
U0201,P0097
U0201,P0098
U0201,P0099
U0201,P0100
U0201,P0101
U0201,P0102
U0201,P0103
U0201,P0104
U0201,P0105
U0201,P0106
U0201,P0107
U0201,P0108
U0201,P0109
U0201,P0110
U0201,P0111
U0201,P0112
U0201,P0113
U0201,P0114
U0201,P0115
U0201,P0116
U0201,P0117
U0201,P0118
U0201,P0119
U0201,P0120
U0201,P0121
U0201,P0122
U0201,P0123
U0201,P0124
U0201,P0125
U0201,P0126
U0201,P0127
U0201,P0128
U0201,P0129
U0201,P0130
U0201,P0246
U0201,P0247
U0201,P0248
U0201,P0249
U0201,P0250
U0202,P0027
U0202,P0028
U0202,P0029
U0202,P0030
U0202,P0031
U0202,P0032
U0202,P0033
U0202,P0034
U0202,P0035
U0202,P0036
U0202,P0037
U0202,P0038
U0202,P0039
U0202,P0040
U0202,P0041
U0202,P0042
U0202,P0043
U0202,P0044
U0202,P0045
U0202,P0046
U0202,P0047
U0202,P0048
U0202,P0049
U0202,P0050
U0202,P0051
U0202,P0052
U0202,P0053
U0202,P0054
U0202,P0055
U0202,P0056
U0202,P0057
U0202,P0058
U0202,P0059
U0202,P0060
U0202,P0061
U0202,P0062
U0202,P0063
U0202,P0064
U0202,P0065
U0202,P0066
U0202,P0067
U0202,P0068
U0202,P0069
U0202,P0070
U0202,P0071
U0202,P0072
U0202,P0073
U0202,P0074
U0202,P0075
U0202,P0076
U0202,P0077
U0202,P0078
U0202,P0079
U0202,P0080
U0202,P0081
U0202,P0082
U0202,P0083
U0202,P0084
U0202,P0085
U0202,P0086
U0202,P0087
U0202,P0088
U0202,P0089
U0202,P0090
U0202,P0091
U0202,P0092
U0202,P0093
U0202,P0094
U0202,P0095
U0202,P0096
U0202,P0097
U0202,P0098
U0202,P0099
U0202,P0100
U0202,P0101
U0202,P0102
U0202,P0103
U0202,P0104
U0202,P0105
U0202,P0106
U0202,P0107
U0202,P0108
U0202,P0109
U0202,P0110
U0202,P0111
U0202,P0112
U0202,P0113
U0202,P0114
U0202,P0115
U0202,P0116
U0202,P0117
U0202,P0118
U0202,P0119
U0202,P0120
U0202,P0121
U0202,P0122
U0202,P0123
U0202,P0124
U0202,P0125
U0202,P0126
U0202,P0127
U0202,P0128
U0202,P0129
U0202,P0130
U0202,P0246
U0202,P0247
U0202,P0248
U0202,P0249
U0202,P0250
U0203,P0027
U0203,P0028
U0203,P0029
U0203,P0030
U0203,P0031
U0203,P0032
U0203,P0033
U0203,P0034
U0203,P0035
U0203,P0036
U0203,P0037
U0203,P0038
U0203,P0039
U0203,P0040
U0203,P0041
U0203,P0042
U0203,P0043
U0203,P0044
U0203,P0045
U0203,P0046
U0203,P0047
U0203,P0048
U0203,P0049
U0203,P0050
U0203,P0051
U0203,P0052
U0203,P0053
U0203,P0054
U0203,P0055
U0203,P0056
U0203,P0057
U0203,P0058
U0203,P0059
U0203,P0060
U0203,P0061
U0203,P0062
U0203,P0063
U0203,P0064
U0203,P0065
U0203,P0066
U0203,P0067
U0203,P0068
U0203,P0069
U0203,P0070
U0203,P0071
U0203,P0072
U0203,P0073
U0203,P0074
U0203,P0075
U0203,P0076
U0203,P0077
U0203,P0078
U0203,P0079
U0203,P0080
U0203,P0081
U0203,P0082
U0203,P0083
U0203,P0084
U0203,P0085
U0203,P0086
U0203,P0087
U0203,P0088
U0203,P0089
U0203,P0090
U0203,P0091
U0203,P0092
U0203,P0093
U0203,P0094
U0203,P0095
U0203,P0096
U0203,P0097
U0203,P0098
U0203,P0099
U0203,P0100
U0203,P0101
U0203,P0102
U0203,P0103
U0203,P0104
U0203,P0105
U0203,P0106
U0203,P0107
U0203,P0108
U0203,P0109
U0203,P0110
U0203,P0111
U0203,P0112
U0203,P0113
U0203,P0114
U0203,P0115
U0203,P0116
U0203,P0117
U0203,P0118
U0203,P0119
U0203,P0120
U0203,P0121
U0203,P0122
U0203,P0123
U0203,P0124
U0203,P0125
U0203,P0126
U0203,P0127
U0203,P0128
U0203,P0129
U0203,P0130
U0203,P0246
U0203,P0247
U0203,P0248
U0203,P0249
U0203,P0250
U0204,P0027
U0204,P0028
U0204,P0029
U0204,P0030
U0204,P0031
U0204,P0032
U0204,P0033
U0204,P0034
U0204,P0035
U0204,P0036
U0204,P0037
U0204,P0038
U0204,P0039
U0204,P0040
U0204,P0041
U0204,P0042
U0204,P0043
U0204,P0044
U0204,P0045
U0204,P0046
U0204,P0047
U0204,P0048
U0204,P0049
U0204,P0050
U0204,P0051
U0204,P0052
U0204,P0053
U0204,P0054
U0204,P0055
U0204,P0056
U0204,P0057
U0204,P0058
U0204,P0059
U0204,P0060
U0204,P0061
U0204,P0062
U0204,P0063
U0204,P0064
U0204,P0065
U0204,P0066
U0204,P0067
U0204,P0068
U0204,P0069
U0204,P0070
U0204,P0071
U0204,P0072
U0204,P0073
U0204,P0074
U0204,P0075
U0204,P0076
U0204,P0077
U0204,P0078
U0204,P0079
U0204,P0080
U0204,P0081
U0204,P0082
U0204,P0083
U0204,P0084
U0204,P0085
U0204,P0086
U0204,P0087
U0204,P0088
U0204,P0089
U0204,P0090
U0204,P0091
U0204,P0092
U0204,P0093
U0204,P0094
U0204,P0095
U0204,P0096
U0204,P0097
U0204,P0098
U0204,P0099
U0204,P0100
U0204,P0101
U0204,P0102
U0204,P0103
U0204,P0104
U0204,P0105
U0204,P0106
U0204,P0107
U0204,P0108
U0204,P0109
U0204,P0110
U0204,P0111
U0204,P0112
U0204,P0113
U0204,P0114
U0204,P0115
U0204,P0116
U0204,P0117
U0204,P0118
U0204,P0119
U0204,P0120
U0204,P0121
U0204,P0122
U0204,P0123
U0204,P0124
U0204,P0125
U0204,P0126
U0204,P0127
U0204,P0128
U0204,P0129
U0204,P0130
U0204,P0246
U0204,P0247
U0204,P0248
U0204,P0249
U0204,P0250
U0205,P0027
U0205,P0028
U0205,P0029
U0205,P0030
U0205,P0031
U0205,P0032
U0205,P0033
U0205,P0034
U0205,P0035
U0205,P0036
U0205,P0037
U0205,P0038
U0205,P0039
U0205,P0040
U0205,P0041
U0205,P0042
U0205,P0043
U0205,P0044
U0205,P0045
U0205,P0046
U0205,P0047
U0205,P0048
U0205,P0049
U0205,P0050
U0205,P0051
U0205,P0052
U0205,P0053
U0205,P0054
U0205,P0055
U0205,P0056
U0205,P0057
U0205,P0058
U0205,P0059
U0205,P0060
U0205,P0061
U0205,P0062
U0205,P0063
U0205,P0064
U0205,P0065
U0205,P0066
U0205,P0067
U0205,P0068
U0205,P0069
U0205,P0070
U0205,P0071
U0205,P0072
U0205,P0073
U0205,P0074
U0205,P0075
U0205,P0076
U0205,P0077
U0205,P0078
U0205,P0079
U0205,P0080
U0205,P0081
U0205,P0082
U0205,P0083
U0205,P0084
U0205,P0085
U0205,P0086
U0205,P0087
U0205,P0088
U0205,P0089
U0205,P0090
U0205,P0091
U0205,P0092
U0205,P0093
U0205,P0094
U0205,P0095
U0205,P0096
U0205,P0097
U0205,P0098
U0205,P0099
U0205,P0100
U0205,P0101
U0205,P0102
U0205,P0103
U0205,P0104
U0205,P0105
U0205,P0106
U0205,P0107
U0205,P0108
U0205,P0109
U0205,P0110
U0205,P0111
U0205,P0112
U0205,P0113
U0205,P0114
U0205,P0115
U0205,P0116
U0205,P0117
U0205,P0118
U0205,P0119
U0205,P0120
U0205,P0121
U0205,P0122
U0205,P0123
U0205,P0124
U0205,P0125
U0205,P0126
U0205,P0127
U0205,P0128
U0205,P0129
U0205,P0130
U0205,P0246
U0205,P0247
U0205,P0248
U0205,P0249
U0205,P0250
U0206,P0027
U0206,P0028
U0206,P0029
U0206,P0030
U0206,P0031
U0206,P0032
U0206,P0033
U0206,P0034
U0206,P0035
U0206,P0036
U0206,P0037
U0206,P0038
U0206,P0039
U0206,P0040
U0206,P0041
U0206,P0042
U0206,P0043
U0206,P0044
U0206,P0045
U0206,P0046
U0206,P0047
U0206,P0048
U0206,P0049
U0206,P0050
U0206,P0051
U0206,P0052
U0206,P0053
U0206,P0054
U0206,P0055
U0206,P0056
U0206,P0057
U0206,P0058
U0206,P0059
U0206,P0060
U0206,P0061
U0206,P0062
U0206,P0063
U0206,P0064
U0206,P0065
U0206,P0066
U0206,P0067
U0206,P0068
U0206,P0069
U0206,P0070
U0206,P0071
U0206,P0072
U0206,P0073
U0206,P0074
U0206,P0075
U0206,P0076
U0206,P0077
U0206,P0078
U0206,P0079
U0206,P0080
U0206,P0081
U0206,P0082
U0206,P0083
U0206,P0084
U0206,P0085
U0206,P0086
U0206,P0087
U0206,P0088
U0206,P0089
U0206,P0090
U0206,P0091
U0206,P0092
U0206,P0093
U0206,P0094
U0206,P0095
U0206,P0096
U0206,P0097
U0206,P0098
U0206,P0099
U0206,P0100
U0206,P0101
U0206,P0102
U0206,P0103
U0206,P0104
U0206,P0105
U0206,P0106
U0206,P0107
U0206,P0108
U0206,P0109
U0206,P0110
U0206,P0111
U0206,P0112
U0206,P0113
U0206,P0114
U0206,P0115
U0206,P0116
U0206,P0117
U0206,P0118
U0206,P0119
U0206,P0120
U0206,P0121
U0206,P0122
U0206,P0123
U0206,P0124
U0206,P0125
U0206,P0126
U0206,P0127
U0206,P0128
U0206,P0129
U0206,P0130
U0206,P0246
U0206,P0247
U0206,P0248
U0206,P0249
U0206,P0250
U0207,P0027
U0207,P0028
U0207,P0029
U0207,P0030
U0207,P0031
U0207,P0032
U0207,P0033
U0207,P0034
U0207,P0035
U0207,P0036
U0207,P0037
U0207,P0038
U0207,P0039
U0207,P0040
U0207,P0041
U0207,P0042
U0207,P0043
U0207,P0044
U0207,P0045
U0207,P0046
U0207,P0047
U0207,P0048
U0207,P0049
U0207,P0050
U0207,P0051
U0207,P0052
U0207,P0053
U0207,P0054
U0207,P0055
U0207,P0056
U0207,P0057
U0207,P0058
U0207,P0059
U0207,P0060
U0207,P0061
U0207,P0062
U0207,P0063
U0207,P0064
U0207,P0065
U0207,P0066
U0207,P0067
U0207,P0068
U0207,P0069
U0207,P0070
U0207,P0071
U0207,P0072
U0207,P0073
U0207,P0074
U0207,P0075
U0207,P0076
U0207,P0077
U0207,P0078
U0207,P0079
U0207,P0080
U0207,P0081
U0207,P0082
U0207,P0083
U0207,P0084
U0207,P0085
U0207,P0086
U0207,P0087
U0207,P0088
U0207,P0089
U0207,P0090
U0207,P0091
U0207,P0092
U0207,P0093
U0207,P0094
U0207,P0095
U0207,P0096
U0207,P0097
U0207,P0098
U0207,P0099
U0207,P0100
U0207,P0101
U0207,P0102
U0207,P0103
U0207,P0104
U0207,P0105
U0207,P0106
U0207,P0107
U0207,P0108
U0207,P0109
U0207,P0110
U0207,P0111
U0207,P0112
U0207,P0113
U0207,P0114
U0207,P0115
U0207,P0116
U0207,P0117
U0207,P0118
U0207,P0119
U0207,P0120
U0207,P0121
U0207,P0122
U0207,P0123
U0207,P0124
U0207,P0125
U0207,P0126
U0207,P0127
U0207,P0128
U0207,P0129
U0207,P0130
U0207,P0246
U0207,P0247
U0207,P0248
U0207,P0249
U0207,P0250
U0208,P0027
U0208,P0028
U0208,P0029
U0208,P0030
U0208,P0031
U0208,P0032
U0208,P0033
U0208,P0034
U0208,P0035
U0208,P0036
U0208,P0037
U0208,P0038
U0208,P0039
U0208,P0040
U0208,P0041
U0208,P0042
U0208,P0043
U0208,P0044
U0208,P0045
U0208,P0046
U0208,P0047
U0208,P0048
U0208,P0049
U0208,P0050
U0208,P0051
U0208,P0052
U0208,P0053
U0208,P0054
U0208,P0055
U0208,P0056
U0208,P0057
U0208,P0058
U0208,P0059
U0208,P0060
U0208,P0061
U0208,P0062
U0208,P0063
U0208,P0064
U0208,P0065
U0208,P0066
U0208,P0067
U0208,P0068
U0208,P0069
U0208,P0070
U0208,P0071
U0208,P0072
U0208,P0073
U0208,P0074
U0208,P0075
U0208,P0076
U0208,P0077
U0208,P0078
U0208,P0079
U0208,P0080
U0208,P0081
U0208,P0082
U0208,P0083
U0208,P0084
U0208,P0085
U0208,P0086
U0208,P0087
U0208,P0088
U0208,P0089
U0208,P0090
U0208,P0091
U0208,P0092
U0208,P0093
U0208,P0094
U0208,P0095
U0208,P0096
U0208,P0097
U0208,P0098
U0208,P0099
U0208,P0100
U0208,P0101
U0208,P0102
U0208,P0103
U0208,P0104
U0208,P0105
U0208,P0106
U0208,P0107
U0208,P0108
U0208,P0109
U0208,P0110
U0208,P0111
U0208,P0112
U0208,P0113
U0208,P0114
U0208,P0115
U0208,P0116
U0208,P0117
U0208,P0118
U0208,P0119
U0208,P0120
U0208,P0121
U0208,P0122
U0208,P0123
U0208,P0124
U0208,P0125
U0208,P0126
U0208,P0127
U0208,P0128
U0208,P0129
U0208,P0130
U0208,P0246
U0208,P0247
U0208,P0248
U0208,P0249
U0208,P0250
U0209,P0027
U0209,P0028
U0209,P0029
U0209,P0030
U0209,P0031
U0209,P0032
U0209,P0033
U0209,P0034
U0209,P0035
U0209,P0036
U0209,P0037
U0209,P0038
U0209,P0039
U0209,P0040
U0209,P0041
U0209,P0042
U0209,P0043
U0209,P0044
U0209,P0045
U0209,P0046
U0209,P0047
U0209,P0048
U0209,P0049
U0209,P0050
U0209,P0051
U0209,P0052
U0209,P0053
U0209,P0054
U0209,P0055
U0209,P0056
U0209,P0057
U0209,P0058
U0209,P0059
U0209,P0060
U0209,P0061
U0209,P0062
U0209,P0063
U0209,P0064
U0209,P0065
U0209,P0066
U0209,P0067
U0209,P0068
U0209,P0069
U0209,P0070
U0209,P0071
U0209,P0072
U0209,P0073
U0209,P0074
U0209,P0075
U0209,P0076
U0209,P0077
U0209,P0078
U0209,P0079
U0209,P0080
U0209,P0081
U0209,P0082
U0209,P0083
U0209,P0084
U0209,P0085
U0209,P0086
U0209,P0087
U0209,P0088
U0209,P0089
U0209,P0090
U0209,P0091
U0209,P0092
U0209,P0093
U0209,P0094
U0209,P0095
U0209,P0096
U0209,P0097
U0209,P0098
U0209,P0099
U0209,P0100
U0209,P0101
U0209,P0102
U0209,P0103
U0209,P0104
U0209,P0105
U0209,P0106
U0209,P0107
U0209,P0108
U0209,P0109
U0209,P0110
U0209,P0111
U0209,P0112
U0209,P0113
U0209,P0114
U0209,P0115
U0209,P0116
U0209,P0117
U0209,P0118
U0209,P0119
U0209,P0120
U0209,P0121
U0209,P0122
U0209,P0123
U0209,P0124
U0209,P0125
U0209,P0126
U0209,P0127
U0209,P0128
U0209,P0129
U0209,P0130
U0209,P0246
U0209,P0247
U0209,P0248
U0209,P0249
U0209,P0250
U0210,P0027
U0210,P0028
U0210,P0029
U0210,P0030
U0210,P0031
U0210,P0032
U0210,P0033
U0210,P0034
U0210,P0035
U0210,P0036
U0210,P0037
U0210,P0038
U0210,P0039
U0210,P0040
U0210,P0041
U0210,P0042
U0210,P0043
U0210,P0044
U0210,P0045
U0210,P0046
U0210,P0047
U0210,P0048
U0210,P0049
U0210,P0050
U0210,P0051
U0210,P0052
U0210,P0053
U0210,P0054
U0210,P0055
U0210,P0056
U0210,P0057
U0210,P0058
U0210,P0059
U0210,P0060
U0210,P0061
U0210,P0062
U0210,P0063
U0210,P0064
U0210,P0065
U0210,P0066
U0210,P0067
U0210,P0068
U0210,P0069
U0210,P0070
U0210,P0071
U0210,P0072
U0210,P0073
U0210,P0074
U0210,P0075
U0210,P0076
U0210,P0077
U0210,P0078
U0210,P0079
U0210,P0080
U0210,P0081
U0210,P0082
U0210,P0083
U0210,P0084
U0210,P0085
U0210,P0086
U0210,P0087
U0210,P0088
U0210,P0089
U0210,P0090
U0210,P0091
U0210,P0092
U0210,P0093
U0210,P0094
U0210,P0095
U0210,P0096
U0210,P0097
U0210,P0098
U0210,P0099
U0210,P0100
U0210,P0101
U0210,P0102
U0210,P0103
U0210,P0104
U0210,P0105
U0210,P0106
U0210,P0107
U0210,P0108
U0210,P0109
U0210,P0110
U0210,P0111
U0210,P0112
U0210,P0113
U0210,P0114
U0210,P0115
U0210,P0116
U0210,P0117
U0210,P0118
U0210,P0119
U0210,P0120
U0210,P0121
U0210,P0122
U0210,P0123
U0210,P0124
U0210,P0125
U0210,P0126
U0210,P0127
U0210,P0128
U0210,P0129
U0210,P0130
U0210,P0246
U0210,P0247
U0210,P0248
U0210,P0249
U0210,P0250
U0211,P0027
U0211,P0028
U0211,P0029
U0211,P0030
U0211,P0031
U0211,P0032
U0211,P0033
U0211,P0034
U0211,P0035
U0211,P0036
U0211,P0037
U0211,P0038
U0211,P0039
U0211,P0040
U0211,P0041
U0211,P0042
U0211,P0043
U0211,P0044
U0211,P0045
U0211,P0046
U0211,P0047
U0211,P0048
U0211,P0049
U0211,P0050
U0211,P0051
U0211,P0052
U0211,P0053
U0211,P0054
U0211,P0055
U0211,P0056
U0211,P0057
U0211,P0058
U0211,P0059
U0211,P0060
U0211,P0061
U0211,P0062
U0211,P0063
U0211,P0064
U0211,P0065
U0211,P0066
U0211,P0067
U0211,P0068
U0211,P0069
U0211,P0070
U0211,P0071
U0211,P0072
U0211,P0073
U0211,P0074
U0211,P0075
U0211,P0076
U0211,P0077
U0211,P0078
U0211,P0079
U0211,P0080
U0211,P0081
U0211,P0082
U0211,P0083
U0211,P0084
U0211,P0085
U0211,P0086
U0211,P0087
U0211,P0088
U0211,P0089
U0211,P0090
U0211,P0091
U0211,P0092
U0211,P0093
U0211,P0094
U0211,P0095
U0211,P0096
U0211,P0097
U0211,P0098
U0211,P0099
U0211,P0100
U0211,P0101
U0211,P0102
U0211,P0103
U0211,P0104
U0211,P0105
U0211,P0106
U0211,P0107
U0211,P0108
U0211,P0109
U0211,P0110
U0211,P0111
U0211,P0112
U0211,P0113
U0211,P0114
U0211,P0115
U0211,P0116
U0211,P0117
U0211,P0118
U0211,P0119
U0211,P0120
U0211,P0121
U0211,P0122
U0211,P0123
U0211,P0124
U0211,P0125
U0211,P0126
U0211,P0127
U0211,P0128
U0211,P0129
U0211,P0130
U0211,P0246
U0211,P0247
U0211,P0248
U0211,P0249
U0211,P0250
U0212,P0027
U0212,P0028
U0212,P0029
U0212,P0030
U0212,P0031
U0212,P0032
U0212,P0033
U0212,P0034
U0212,P0035
U0212,P0036
U0212,P0037
U0212,P0038
U0212,P0039
U0212,P0040
U0212,P0041
U0212,P0042
U0212,P0043
U0212,P0044
U0212,P0045
U0212,P0046
U0212,P0047
U0212,P0048
U0212,P0049
U0212,P0050
U0212,P0051
U0212,P0052
U0212,P0053
U0212,P0054
U0212,P0055
U0212,P0056
U0212,P0057
U0212,P0058
U0212,P0059
U0212,P0060
U0212,P0061
U0212,P0062
U0212,P0063
U0212,P0064
U0212,P0065
U0212,P0066
U0212,P0067
U0212,P0068
U0212,P0069
U0212,P0070
U0212,P0071
U0212,P0072
U0212,P0073
U0212,P0074
U0212,P0075
U0212,P0076
U0212,P0077
U0212,P0078
U0212,P0079
U0212,P0080
U0212,P0081
U0212,P0082
U0212,P0083
U0212,P0084
U0212,P0085
U0212,P0086
U0212,P0087
U0212,P0088
U0212,P0089
U0212,P0090
U0212,P0091
U0212,P0092
U0212,P0093
U0212,P0094
U0212,P0095
U0212,P0096
U0212,P0097
U0212,P0098
U0212,P0099
U0212,P0100
U0212,P0101
U0212,P0102
U0212,P0103
U0212,P0104
U0212,P0105
U0212,P0106
U0212,P0107
U0212,P0108
U0212,P0109
U0212,P0110
U0212,P0111
U0212,P0112
U0212,P0113
U0212,P0114
U0212,P0115
U0212,P0116
U0212,P0117
U0212,P0118
U0212,P0119
U0212,P0120
U0212,P0121
U0212,P0122
U0212,P0123
U0212,P0124
U0212,P0125
U0212,P0126
U0212,P0127
U0212,P0128
U0212,P0129
U0212,P0130
U0212,P0246
U0212,P0247
U0212,P0248
U0212,P0249
U0212,P0250
U0213,P0027
U0213,P0028
U0213,P0029
U0213,P0030
U0213,P0031
U0213,P0032
U0213,P0033
U0213,P0034
U0213,P0035
U0213,P0036
U0213,P0037
U0213,P0038
U0213,P0039
U0213,P0040
U0213,P0041
U0213,P0042
U0213,P0043
U0213,P0044
U0213,P0045
U0213,P0046
U0213,P0047
U0213,P0048
U0213,P0049
U0213,P0050
U0213,P0051
U0213,P0052
U0213,P0053
U0213,P0054
U0213,P0055
U0213,P0056
U0213,P0057
U0213,P0058
U0213,P0059
U0213,P0060
U0213,P0061
U0213,P0062
U0213,P0063
U0213,P0064
U0213,P0065
U0213,P0066
U0213,P0067
U0213,P0068
U0213,P0069
U0213,P0070
U0213,P0071
U0213,P0072
U0213,P0073
U0213,P0074
U0213,P0075
U0213,P0076
U0213,P0077
U0213,P0078
U0213,P0079
U0213,P0080
U0213,P0081
U0213,P0082
U0213,P0083
U0213,P0084
U0213,P0085
U0213,P0086
U0213,P0087
U0213,P0088
U0213,P0089
U0213,P0090
U0213,P0091
U0213,P0092
U0213,P0093
U0213,P0094
U0213,P0095
U0213,P0096
U0213,P0097
U0213,P0098
U0213,P0099
U0213,P0100
U0213,P0101
U0213,P0102
U0213,P0103
U0213,P0104
U0213,P0105
U0213,P0106
U0213,P0107
U0213,P0108
U0213,P0109
U0213,P0110
U0213,P0111
U0213,P0112
U0213,P0113
U0213,P0114
U0213,P0115
U0213,P0116
U0213,P0117
U0213,P0118
U0213,P0119
U0213,P0120
U0213,P0121
U0213,P0122
U0213,P0123
U0213,P0124
U0213,P0125
U0213,P0126
U0213,P0127
U0213,P0128
U0213,P0129
U0213,P0130
U0213,P0246
U0213,P0247
U0213,P0248
U0213,P0249
U0213,P0250
U0213,P0294
U0214,P0027
U0214,P0028
U0214,P0029
U0214,P0030
U0214,P0031
U0214,P0032
U0214,P0033
U0214,P0034
U0214,P0035
U0214,P0036
U0214,P0037
U0214,P0038
U0214,P0039
U0214,P0040
U0214,P0041
U0214,P0042
U0214,P0043
U0214,P0044
U0214,P0045
U0214,P0046
U0214,P0047
U0214,P0048
U0214,P0049
U0214,P0050
U0214,P0051
U0214,P0052
U0214,P0053
U0214,P0054
U0214,P0055
U0214,P0056
U0214,P0057
U0214,P0058
U0214,P0059
U0214,P0060
U0214,P0061
U0214,P0062
U0214,P0063
U0214,P0064
U0214,P0065
U0214,P0066
U0214,P0067
U0214,P0068
U0214,P0069
U0214,P0070
U0214,P0071
U0214,P0072
U0214,P0073
U0214,P0074
U0214,P0075
U0214,P0076
U0214,P0077
U0214,P0078
U0214,P0079
U0214,P0080
U0214,P0081
U0214,P0082
U0214,P0083
U0214,P0084
U0214,P0085
U0214,P0086
U0214,P0087
U0214,P0088
U0214,P0089
U0214,P0090
U0214,P0091
U0214,P0092
U0214,P0093
U0214,P0094
U0214,P0095
U0214,P0096
U0214,P0097
U0214,P0098
U0214,P0099
U0214,P0100
U0214,P0101
U0214,P0102
U0214,P0103
U0214,P0104
U0214,P0105
U0214,P0106
U0214,P0107
U0214,P0108
U0214,P0109
U0214,P0110
U0214,P0111
U0214,P0112
U0214,P0113
U0214,P0114
U0214,P0115
U0214,P0116
U0214,P0117
U0214,P0118
U0214,P0119
U0214,P0120
U0214,P0121
U0214,P0122
U0214,P0123
U0214,P0124
U0214,P0125
U0214,P0126
U0214,P0127
U0214,P0128
U0214,P0129
U0214,P0130
U0214,P0246
U0214,P0247
U0214,P0248
U0214,P0249
U0214,P0250
U0215,P0027
U0215,P0028
U0215,P0029
U0215,P0030
U0215,P0031
U0215,P0032
U0215,P0033
U0215,P0034
U0215,P0035
U0215,P0036
U0215,P0037
U0215,P0038
U0215,P0039
U0215,P0040
U0215,P0041
U0215,P0042
U0215,P0043
U0215,P0044
U0215,P0045
U0215,P0046
U0215,P0047
U0215,P0048
U0215,P0049
U0215,P0050
U0215,P0051
U0215,P0052
U0215,P0053
U0215,P0054
U0215,P0055
U0215,P0056
U0215,P0057
U0215,P0058
U0215,P0059
U0215,P0060
U0215,P0061
U0215,P0062
U0215,P0063
U0215,P0064
U0215,P0065
U0215,P0066
U0215,P0067
U0215,P0068
U0215,P0069
U0215,P0070
U0215,P0071
U0215,P0072
U0215,P0073
U0215,P0074
U0215,P0075
U0215,P0076
U0215,P0077
U0215,P0078
U0215,P0079
U0215,P0080
U0215,P0081
U0215,P0082
U0215,P0083
U0215,P0084
U0215,P0085
U0215,P0086
U0215,P0087
U0215,P0088
U0215,P0089
U0215,P0090
U0215,P0091
U0215,P0092
U0215,P0093
U0215,P0094
U0215,P0095
U0215,P0096
U0215,P0097
U0215,P0098
U0215,P0099
U0215,P0100
U0215,P0101
U0215,P0102
U0215,P0103
U0215,P0104
U0215,P0105
U0215,P0106
U0215,P0107
U0215,P0108
U0215,P0109
U0215,P0110
U0215,P0111
U0215,P0112
U0215,P0113
U0215,P0114
U0215,P0115
U0215,P0116
U0215,P0117
U0215,P0118
U0215,P0119
U0215,P0120
U0215,P0121
U0215,P0122
U0215,P0123
U0215,P0124
U0215,P0125
U0215,P0126
U0215,P0127
U0215,P0128
U0215,P0129
U0215,P0130
U0215,P0246
U0215,P0247
U0215,P0248
U0215,P0249
U0215,P0250
U0215,P0294
U0216,P0002
U0216,P0003
U0216,P0009
U0216,P0023
U0216,P0024
U0216,P0025
U0216,P0027
U0216,P0028
U0216,P0029
U0216,P0030
U0216,P0031
U0216,P0032
U0216,P0033
U0216,P0034
U0216,P0035
U0216,P0036
U0216,P0037
U0216,P0038
U0216,P0039
U0216,P0040
U0216,P0041
U0216,P0042
U0216,P0043
U0216,P0044
U0216,P0045
U0216,P0046
U0216,P0047
U0216,P0048
U0216,P0049
U0216,P0050
U0216,P0051
U0216,P0052
U0216,P0053
U0216,P0054
U0216,P0055
U0216,P0056
U0216,P0057
U0216,P0058
U0216,P0059
U0216,P0060
U0216,P0061
U0216,P0062
U0216,P0063
U0216,P0064
U0216,P0065
U0216,P0066
U0216,P0067
U0216,P0068
U0216,P0069
U0216,P0070
U0216,P0071
U0216,P0072
U0216,P0073
U0216,P0074
U0216,P0075
U0216,P0076
U0216,P0077
U0216,P0078
U0216,P0079
U0216,P0080
U0216,P0081
U0216,P0082
U0216,P0083
U0216,P0084
U0216,P0085
U0216,P0086
U0216,P0087
U0216,P0088
U0216,P0089
U0216,P0090
U0216,P0091
U0216,P0092
U0216,P0093
U0216,P0094
U0216,P0095
U0216,P0096
U0216,P0097
U0216,P0098
U0216,P0099
U0216,P0100
U0216,P0101
U0216,P0102
U0216,P0103
U0216,P0104
U0216,P0105
U0216,P0106
U0216,P0107
U0216,P0108
U0216,P0109
U0216,P0110
U0216,P0111
U0216,P0112
U0216,P0113
U0216,P0114
U0216,P0115
U0216,P0116
U0216,P0117
U0216,P0118
U0216,P0119
U0216,P0120
U0216,P0121
U0216,P0122
U0216,P0123
U0216,P0124
U0216,P0125
U0216,P0126
U0216,P0127
U0216,P0128
U0216,P0129
U0216,P0130
U0216,P0131
U0216,P0132
U0216,P0133
U0216,P0134
U0216,P0135
U0216,P0136
U0216,P0137
U0216,P0138
U0216,P0139
U0216,P0140
U0216,P0144
U0216,P0145
U0216,P0146
U0216,P0147
U0216,P0148
U0216,P0149
U0216,P0150
U0216,P0151
U0216,P0152
U0216,P0153
U0216,P0154
U0216,P0155
U0216,P0156
U0216,P0157
U0216,P0158
U0216,P0159
U0216,P0160
U0216,P0161
U0216,P0162
U0216,P0163
U0216,P0164
U0216,P0165
U0216,P0166
U0216,P0167
U0216,P0168
U0216,P0169
U0216,P0170
U0216,P0171
U0216,P0172
U0216,P0173
U0216,P0174
U0216,P0175
U0216,P0176
U0216,P0177
U0216,P0178
U0216,P0179
U0216,P0180
U0216,P0181
U0216,P0182
U0216,P0183
U0216,P0184
U0216,P0185
U0216,P0186
U0216,P0187
U0216,P0188
U0216,P0189
U0216,P0190
U0216,P0191
U0216,P0192
U0216,P0193
U0216,P0194
U0216,P0195
U0216,P0196
U0216,P0197
U0216,P0198
U0216,P0199
U0216,P0200
U0216,P0201
U0216,P0202
U0216,P0203
U0216,P0204
U0216,P0205
U0216,P0206
U0216,P0207
U0216,P0208
U0216,P0209
U0216,P0210
U0216,P0211
U0216,P0212
U0216,P0213
U0216,P0214
U0216,P0215
U0216,P0216
U0216,P0217
U0216,P0218
U0216,P0219
U0216,P0220
U0216,P0221
U0216,P0222
U0216,P0223
U0216,P0224
U0216,P0225
U0216,P0226
U0216,P0227
U0216,P0228
U0216,P0229
U0216,P0230
U0216,P0231
U0216,P0232
U0216,P0233
U0216,P0234
U0216,P0235
U0216,P0236
U0216,P0237
U0216,P0238
U0216,P0239
U0216,P0240
U0216,P0241
U0216,P0246
U0216,P0247
U0216,P0248
U0216,P0249
U0216,P0250
U0217,P0027
U0217,P0028
U0217,P0029
U0217,P0030
U0217,P0031
U0217,P0032
U0217,P0033
U0217,P0034
U0217,P0035
U0217,P0036
U0217,P0037
U0217,P0038
U0217,P0039
U0217,P0040
U0217,P0041
U0217,P0042
U0217,P0043
U0217,P0044
U0217,P0045
U0217,P0046
U0217,P0047
U0217,P0048
U0217,P0049
U0217,P0050
U0217,P0051
U0217,P0052
U0217,P0053
U0217,P0054
U0217,P0055
U0217,P0056
U0217,P0057
U0217,P0058
U0217,P0059
U0217,P0060
U0217,P0061
U0217,P0062
U0217,P0063
U0217,P0064
U0217,P0065
U0217,P0066
U0217,P0067
U0217,P0068
U0217,P0069
U0217,P0070
U0217,P0071
U0217,P0072
U0217,P0073
U0217,P0074
U0217,P0075
U0217,P0076
U0217,P0077
U0217,P0078
U0217,P0079
U0217,P0080
U0217,P0081
U0217,P0082
U0217,P0083
U0217,P0084
U0217,P0085
U0217,P0086
U0217,P0087
U0217,P0088
U0217,P0089
U0217,P0090
U0217,P0091
U0217,P0092
U0217,P0093
U0217,P0094
U0217,P0095
U0217,P0096
U0217,P0097
U0217,P0098
U0217,P0099
U0217,P0100
U0217,P0101
U0217,P0102
U0217,P0103
U0217,P0104
U0217,P0105
U0217,P0106
U0217,P0107
U0217,P0108
U0217,P0109
U0217,P0110
U0217,P0111
U0217,P0112
U0217,P0113
U0217,P0114
U0217,P0115
U0217,P0116
U0217,P0117
U0217,P0118
U0217,P0119
U0217,P0120
U0217,P0121
U0217,P0122
U0217,P0123
U0217,P0124
U0217,P0125
U0217,P0126
U0217,P0127
U0217,P0128
U0217,P0129
U0217,P0130
U0217,P0246
U0217,P0247
U0217,P0248
U0217,P0249
U0217,P0250
U0218,P0027
U0218,P0028
U0218,P0029
U0218,P0030
U0218,P0031
U0218,P0032
U0218,P0033
U0218,P0034
U0218,P0035
U0218,P0036
U0218,P0037
U0218,P0038
U0218,P0039
U0218,P0040
U0218,P0041
U0218,P0042
U0218,P0043
U0218,P0044
U0218,P0045
U0218,P0046
U0218,P0047
U0218,P0048
U0218,P0049
U0218,P0050
U0218,P0051
U0218,P0052
U0218,P0053
U0218,P0054
U0218,P0055
U0218,P0056
U0218,P0057
U0218,P0058
U0218,P0059
U0218,P0060
U0218,P0061
U0218,P0062
U0218,P0063
U0218,P0064
U0218,P0065
U0218,P0066
U0218,P0067
U0218,P0068
U0218,P0069
U0218,P0070
U0218,P0071
U0218,P0072
U0218,P0073
U0218,P0074
U0218,P0075
U0218,P0076
U0218,P0077
U0218,P0078
U0218,P0079
U0218,P0080
U0218,P0081
U0218,P0082
U0218,P0083
U0218,P0084
U0218,P0085
U0218,P0086
U0218,P0087
U0218,P0088
U0218,P0089
U0218,P0090
U0218,P0091
U0218,P0092
U0218,P0093
U0218,P0094
U0218,P0095
U0218,P0096
U0218,P0097
U0218,P0098
U0218,P0099
U0218,P0100
U0218,P0101
U0218,P0102
U0218,P0103
U0218,P0104
U0218,P0105
U0218,P0106
U0218,P0107
U0218,P0108
U0218,P0109
U0218,P0110
U0218,P0111
U0218,P0112
U0218,P0113
U0218,P0114
U0218,P0115
U0218,P0116
U0218,P0117
U0218,P0118
U0218,P0119
U0218,P0120
U0218,P0121
U0218,P0122
U0218,P0123
U0218,P0124
U0218,P0125
U0218,P0126
U0218,P0127
U0218,P0128
U0218,P0129
U0218,P0130
U0218,P0246
U0218,P0247
U0218,P0248
U0218,P0249
U0218,P0250
U0218,P0294
U0219,P0027
U0219,P0028
U0219,P0029
U0219,P0030
U0219,P0031
U0219,P0032
U0219,P0033
U0219,P0034
U0219,P0035
U0219,P0036
U0219,P0037
U0219,P0039
U0219,P0040
U0219,P0041
U0219,P0042
U0219,P0043
U0219,P0044
U0219,P0045
U0219,P0046
U0219,P0047
U0219,P0048
U0219,P0049
U0219,P0050
U0219,P0051
U0219,P0052
U0219,P0053
U0219,P0054
U0219,P0055
U0219,P0056
U0219,P0057
U0219,P0058
U0219,P0060
U0219,P0061
U0219,P0062
U0219,P0063
U0219,P0064
U0219,P0065
U0219,P0066
U0219,P0067
U0219,P0068
U0219,P0069
U0219,P0070
U0219,P0071
U0219,P0072
U0219,P0073
U0219,P0074
U0219,P0075
U0219,P0076
U0219,P0077
U0219,P0078
U0219,P0079
U0219,P0080
U0219,P0081
U0219,P0082
U0219,P0083
U0219,P0084
U0219,P0085
U0219,P0086
U0219,P0087
U0219,P0088
U0219,P0089
U0219,P0090
U0219,P0091
U0219,P0092
U0219,P0093
U0219,P0094
U0219,P0095
U0219,P0096
U0219,P0097
U0219,P0098
U0219,P0099
U0219,P0100
U0219,P0101
U0219,P0102
U0219,P0103
U0219,P0104
U0219,P0105
U0219,P0106
U0219,P0107
U0219,P0108
U0219,P0109
U0219,P0110
U0219,P0111
U0219,P0112
U0219,P0113
U0219,P0114
U0219,P0115
U0219,P0116
U0219,P0117
U0219,P0118
U0219,P0119
U0219,P0120
U0219,P0121
U0219,P0122
U0219,P0123
U0219,P0124
U0219,P0125
U0219,P0126
U0219,P0127
U0219,P0128
U0219,P0129
U0219,P0130
U0219,P0246
U0219,P0247
U0219,P0248
U0219,P0249
U0219,P0250
U0220,P0027
U0220,P0028
U0220,P0029
U0220,P0030
U0220,P0031
U0220,P0032
U0220,P0033
U0220,P0034
U0220,P0035
U0220,P0036
U0220,P0037
U0220,P0038
U0220,P0039
U0220,P0040
U0220,P0041
U0220,P0042
U0220,P0043
U0220,P0044
U0220,P0045
U0220,P0046
U0220,P0047
U0220,P0048
U0220,P0049
U0220,P0050
U0220,P0051
U0220,P0052
U0220,P0053
U0220,P0054
U0220,P0055
U0220,P0056
U0220,P0057
U0220,P0058
U0220,P0059
U0220,P0060
U0220,P0061
U0220,P0062
U0220,P0063
U0220,P0064
U0220,P0065
U0220,P0066
U0220,P0067
U0220,P0068
U0220,P0069
U0220,P0070
U0220,P0071
U0220,P0072
U0220,P0073
U0220,P0074
U0220,P0075
U0220,P0076
U0220,P0077
U0220,P0078
U0220,P0079
U0220,P0080
U0220,P0081
U0220,P0082
U0220,P0083
U0220,P0084
U0220,P0085
U0220,P0086
U0220,P0087
U0220,P0088
U0220,P0089
U0220,P0090
U0220,P0091
U0220,P0092
U0220,P0093
U0220,P0094
U0220,P0095
U0220,P0096
U0220,P0097
U0220,P0098
U0220,P0099
U0220,P0100
U0220,P0101
U0220,P0102
U0220,P0103
U0220,P0104
U0220,P0105
U0220,P0106
U0220,P0107
U0220,P0108
U0220,P0109
U0220,P0110
U0220,P0111
U0220,P0112
U0220,P0113
U0220,P0114
U0220,P0115
U0220,P0116
U0220,P0117
U0220,P0118
U0220,P0119
U0220,P0121
U0220,P0122
U0220,P0123
U0220,P0124
U0220,P0125
U0220,P0126
U0220,P0127
U0220,P0128
U0220,P0129
U0220,P0130
U0220,P0246
U0220,P0247
U0220,P0249
U0220,P0250
U0220,P0294
U0221,P0027
U0221,P0028
U0221,P0029
U0221,P0030
U0221,P0031
U0221,P0032
U0221,P0033
U0221,P0034
U0221,P0035
U0221,P0036
U0221,P0037
U0221,P0038
U0221,P0039
U0221,P0040
U0221,P0041
U0221,P0042
U0221,P0043
U0221,P0044
U0221,P0045
U0221,P0046
U0221,P0047
U0221,P0048
U0221,P0049
U0221,P0050
U0221,P0051
U0221,P0052
U0221,P0053
U0221,P0054
U0221,P0055
U0221,P0056
U0221,P0057
U0221,P0058
U0221,P0059
U0221,P0060
U0221,P0061
U0221,P0062
U0221,P0063
U0221,P0064
U0221,P0065
U0221,P0066
U0221,P0067
U0221,P0068
U0221,P0069
U0221,P0070
U0221,P0071
U0221,P0072
U0221,P0073
U0221,P0074
U0221,P0075
U0221,P0076
U0221,P0077
U0221,P0078
U0221,P0079
U0221,P0080
U0221,P0081
U0221,P0082
U0221,P0083
U0221,P0084
U0221,P0085
U0221,P0086
U0221,P0087
U0221,P0088
U0221,P0089
U0221,P0090
U0221,P0091
U0221,P0092
U0221,P0093
U0221,P0094
U0221,P0095
U0221,P0096
U0221,P0097
U0221,P0098
U0221,P0099
U0221,P0100
U0221,P0101
U0221,P0102
U0221,P0103
U0221,P0104
U0221,P0105
U0221,P0106
U0221,P0107
U0221,P0108
U0221,P0109
U0221,P0110
U0221,P0111
U0221,P0112
U0221,P0113
U0221,P0114
U0221,P0115
U0221,P0116
U0221,P0117
U0221,P0118
U0221,P0119
U0221,P0120
U0221,P0121
U0221,P0122
U0221,P0123
U0221,P0124
U0221,P0125
U0221,P0126
U0221,P0127
U0221,P0128
U0221,P0129
U0221,P0130
U0221,P0246
U0221,P0247
U0221,P0248
U0221,P0249
U0221,P0250
U0222,P0027
U0222,P0028
U0222,P0029
U0222,P0030
U0222,P0031
U0222,P0032
U0222,P0033
U0222,P0034
U0222,P0035
U0222,P0036
U0222,P0038
U0222,P0039
U0222,P0040
U0222,P0041
U0222,P0042
U0222,P0043
U0222,P0044
U0222,P0045
U0222,P0046
U0222,P0047
U0222,P0048
U0222,P0049
U0222,P0050
U0222,P0051
U0222,P0052
U0222,P0053
U0222,P0054
U0222,P0055
U0222,P0056
U0222,P0057
U0222,P0058
U0222,P0059
U0222,P0060
U0222,P0061
U0222,P0062
U0222,P0063
U0222,P0064
U0222,P0065
U0222,P0066
U0222,P0067
U0222,P0068
U0222,P0069
U0222,P0070
U0222,P0071
U0222,P0072
U0222,P0073
U0222,P0074
U0222,P0075
U0222,P0076
U0222,P0077
U0222,P0078
U0222,P0079
U0222,P0080
U0222,P0081
U0222,P0082
U0222,P0083
U0222,P0084
U0222,P0085
U0222,P0086
U0222,P0087
U0222,P0088
U0222,P0089
U0222,P0090
U0222,P0091
U0222,P0092
U0222,P0093
U0222,P0094
U0222,P0095
U0222,P0096
U0222,P0097
U0222,P0098
U0222,P0099
U0222,P0100
U0222,P0101
U0222,P0102
U0222,P0103
U0222,P0104
U0222,P0105
U0222,P0106
U0222,P0107
U0222,P0108
U0222,P0109
U0222,P0110
U0222,P0111
U0222,P0112
U0222,P0113
U0222,P0114
U0222,P0115
U0222,P0116
U0222,P0117
U0222,P0118
U0222,P0119
U0222,P0120
U0222,P0121
U0222,P0122
U0222,P0123
U0222,P0124
U0222,P0125
U0222,P0126
U0222,P0127
U0222,P0128
U0222,P0129
U0222,P0130
U0222,P0246
U0222,P0247
U0222,P0248
U0222,P0249
U0222,P0250
U0223,P0027
U0223,P0028
U0223,P0029
U0223,P0030
U0223,P0031
U0223,P0032
U0223,P0033
U0223,P0034
U0223,P0035
U0223,P0036
U0223,P0037
U0223,P0038
U0223,P0039
U0223,P0040
U0223,P0041
U0223,P0042
U0223,P0043
U0223,P0044
U0223,P0045
U0223,P0046
U0223,P0047
U0223,P0048
U0223,P0049
U0223,P0050
U0223,P0051
U0223,P0052
U0223,P0053
U0223,P0054
U0223,P0055
U0223,P0056
U0223,P0057
U0223,P0058
U0223,P0059
U0223,P0060
U0223,P0061
U0223,P0062
U0223,P0063
U0223,P0064
U0223,P0065
U0223,P0066
U0223,P0067
U0223,P0068
U0223,P0069
U0223,P0070
U0223,P0071
U0223,P0072
U0223,P0073
U0223,P0074
U0223,P0075
U0223,P0076
U0223,P0077
U0223,P0078
U0223,P0079
U0223,P0080
U0223,P0081
U0223,P0082
U0223,P0083
U0223,P0084
U0223,P0085
U0223,P0086
U0223,P0087
U0223,P0088
U0223,P0089
U0223,P0090
U0223,P0091
U0223,P0092
U0223,P0093
U0223,P0094
U0223,P0095
U0223,P0096
U0223,P0097
U0223,P0098
U0223,P0099
U0223,P0100
U0223,P0101
U0223,P0102
U0223,P0103
U0223,P0104
U0223,P0105
U0223,P0106
U0223,P0107
U0223,P0108
U0223,P0109
U0223,P0110
U0223,P0111
U0223,P0112
U0223,P0113
U0223,P0114
U0223,P0115
U0223,P0116
U0223,P0117
U0223,P0118
U0223,P0119
U0223,P0120
U0223,P0121
U0223,P0122
U0223,P0123
U0223,P0124
U0223,P0125
U0223,P0126
U0223,P0127
U0223,P0128
U0223,P0129
U0223,P0130
U0223,P0246
U0223,P0247
U0223,P0248
U0223,P0249
U0223,P0250
U0223,P0294
U0224,P0027
U0224,P0028
U0224,P0029
U0224,P0030
U0224,P0031
U0224,P0032
U0224,P0033
U0224,P0034
U0224,P0035
U0224,P0036
U0224,P0037
U0224,P0038
U0224,P0039
U0224,P0040
U0224,P0041
U0224,P0042
U0224,P0043
U0224,P0044
U0224,P0045
U0224,P0046
U0224,P0047
U0224,P0048
U0224,P0049
U0224,P0050
U0224,P0051
U0224,P0052
U0224,P0053
U0224,P0054
U0224,P0055
U0224,P0056
U0224,P0057
U0224,P0058
U0224,P0059
U0224,P0060
U0224,P0061
U0224,P0062
U0224,P0063
U0224,P0064
U0224,P0065
U0224,P0066
U0224,P0067
U0224,P0068
U0224,P0069
U0224,P0070
U0224,P0071
U0224,P0072
U0224,P0073
U0224,P0074
U0224,P0075
U0224,P0076
U0224,P0077
U0224,P0078
U0224,P0079
U0224,P0080
U0224,P0081
U0224,P0082
U0224,P0083
U0224,P0084
U0224,P0085
U0224,P0086
U0224,P0087
U0224,P0088
U0224,P0089
U0224,P0090
U0224,P0091
U0224,P0092
U0224,P0093
U0224,P0094
U0224,P0095
U0224,P0096
U0224,P0097
U0224,P0098
U0224,P0099
U0224,P0100
U0224,P0101
U0224,P0102
U0224,P0103
U0224,P0104
U0224,P0105
U0224,P0106
U0224,P0107
U0224,P0108
U0224,P0109
U0224,P0110
U0224,P0111
U0224,P0112
U0224,P0113
U0224,P0114
U0224,P0115
U0224,P0116
U0224,P0117
U0224,P0118
U0224,P0119
U0224,P0120
U0224,P0121
U0224,P0122
U0224,P0123
U0224,P0124
U0224,P0125
U0224,P0126
U0224,P0127
U0224,P0128
U0224,P0129
U0224,P0130
U0224,P0246
U0224,P0247
U0224,P0248
U0224,P0249
U0224,P0250
U0224,P0294
U0225,P0027
U0225,P0028
U0225,P0029
U0225,P0030
U0225,P0031
U0225,P0032
U0225,P0033
U0225,P0034
U0225,P0035
U0225,P0036
U0225,P0037
U0225,P0038
U0225,P0039
U0225,P0040
U0225,P0041
U0225,P0042
U0225,P0043
U0225,P0044
U0225,P0045
U0225,P0046
U0225,P0047
U0225,P0048
U0225,P0049
U0225,P0050
U0225,P0051
U0225,P0052
U0225,P0053
U0225,P0054
U0225,P0055
U0225,P0056
U0225,P0057
U0225,P0058
U0225,P0059
U0225,P0060
U0225,P0061
U0225,P0062
U0225,P0063
U0225,P0064
U0225,P0065
U0225,P0066
U0225,P0067
U0225,P0068
U0225,P0069
U0225,P0070
U0225,P0071
U0225,P0072
U0225,P0073
U0225,P0074
U0225,P0075
U0225,P0076
U0225,P0077
U0225,P0078
U0225,P0079
U0225,P0080
U0225,P0081
U0225,P0082
U0225,P0083
U0225,P0084
U0225,P0085
U0225,P0086
U0225,P0087
U0225,P0088
U0225,P0089
U0225,P0090
U0225,P0091
U0225,P0092
U0225,P0093
U0225,P0094
U0225,P0095
U0225,P0096
U0225,P0097
U0225,P0098
U0225,P0099
U0225,P0100
U0225,P0101
U0225,P0102
U0225,P0103
U0225,P0104
U0225,P0105
U0225,P0106
U0225,P0107
U0225,P0108
U0225,P0109
U0225,P0110
U0225,P0111
U0225,P0112
U0225,P0113
U0225,P0114
U0225,P0115
U0225,P0116
U0225,P0117
U0225,P0118
U0225,P0119
U0225,P0120
U0225,P0121
U0225,P0122
U0225,P0123
U0225,P0124
U0225,P0125
U0225,P0126
U0225,P0127
U0225,P0128
U0225,P0129
U0225,P0130
U0225,P0246
U0225,P0247
U0225,P0248
U0225,P0249
U0225,P0250
U0226,P0002
U0226,P0003
U0226,P0009
U0226,P0023
U0226,P0024
U0226,P0025
U0226,P0027
U0226,P0028
U0226,P0029
U0226,P0030
U0226,P0031
U0226,P0032
U0226,P0033
U0226,P0034
U0226,P0035
U0226,P0036
U0226,P0037
U0226,P0038
U0226,P0039
U0226,P0040
U0226,P0041
U0226,P0042
U0226,P0043
U0226,P0044
U0226,P0045
U0226,P0046
U0226,P0047
U0226,P0048
U0226,P0049
U0226,P0050
U0226,P0051
U0226,P0052
U0226,P0053
U0226,P0054
U0226,P0055
U0226,P0056
U0226,P0057
U0226,P0058
U0226,P0059
U0226,P0060
U0226,P0061
U0226,P0062
U0226,P0063
U0226,P0064
U0226,P0065
U0226,P0066
U0226,P0067
U0226,P0068
U0226,P0069
U0226,P0070
U0226,P0071
U0226,P0072
U0226,P0073
U0226,P0074
U0226,P0075
U0226,P0076
U0226,P0077
U0226,P0078
U0226,P0079
U0226,P0080
U0226,P0081
U0226,P0082
U0226,P0083
U0226,P0084
U0226,P0085
U0226,P0086
U0226,P0087
U0226,P0088
U0226,P0089
U0226,P0090
U0226,P0091
U0226,P0092
U0226,P0093
U0226,P0094
U0226,P0095
U0226,P0096
U0226,P0097
U0226,P0098
U0226,P0099
U0226,P0100
U0226,P0101
U0226,P0102
U0226,P0103
U0226,P0104
U0226,P0105
U0226,P0106
U0226,P0107
U0226,P0108
U0226,P0109
U0226,P0110
U0226,P0111
U0226,P0112
U0226,P0113
U0226,P0114
U0226,P0115
U0226,P0116
U0226,P0117
U0226,P0118
U0226,P0119
U0226,P0120
U0226,P0121
U0226,P0122
U0226,P0123
U0226,P0124
U0226,P0125
U0226,P0126
U0226,P0127
U0226,P0128
U0226,P0129
U0226,P0130
U0226,P0131
U0226,P0132
U0226,P0133
U0226,P0134
U0226,P0135
U0226,P0136
U0226,P0137
U0226,P0138
U0226,P0139
U0226,P0140
U0226,P0144
U0226,P0145
U0226,P0146
U0226,P0147
U0226,P0148
U0226,P0149
U0226,P0150
U0226,P0151
U0226,P0152
U0226,P0153
U0226,P0154
U0226,P0155
U0226,P0156
U0226,P0157
U0226,P0158
U0226,P0159
U0226,P0160
U0226,P0161
U0226,P0162
U0226,P0163
U0226,P0164
U0226,P0165
U0226,P0166
U0226,P0167
U0226,P0168
U0226,P0169
U0226,P0170
U0226,P0171
U0226,P0172
U0226,P0173
U0226,P0174
U0226,P0175
U0226,P0176
U0226,P0177
U0226,P0178
U0226,P0179
U0226,P0180
U0226,P0181
U0226,P0182
U0226,P0183
U0226,P0184
U0226,P0185
U0226,P0186
U0226,P0187
U0226,P0188
U0226,P0189
U0226,P0190
U0226,P0191
U0226,P0192
U0226,P0193
U0226,P0194
U0226,P0195
U0226,P0196
U0226,P0197
U0226,P0198
U0226,P0199
U0226,P0200
U0226,P0201
U0226,P0202
U0226,P0203
U0226,P0204
U0226,P0205
U0226,P0206
U0226,P0207
U0226,P0208
U0226,P0209
U0226,P0210
U0226,P0211
U0226,P0212
U0226,P0213
U0226,P0214
U0226,P0215
U0226,P0216
U0226,P0217
U0226,P0218
U0226,P0219
U0226,P0220
U0226,P0221
U0226,P0222
U0226,P0223
U0226,P0224
U0226,P0225
U0226,P0226
U0226,P0227
U0226,P0228
U0226,P0229
U0226,P0230
U0226,P0231
U0226,P0232
U0226,P0233
U0226,P0234
U0226,P0235
U0226,P0236
U0226,P0237
U0226,P0238
U0226,P0239
U0226,P0240
U0226,P0241
U0226,P0246
U0226,P0247
U0226,P0248
U0226,P0249
U0226,P0250
U0227,P0027
U0227,P0028
U0227,P0029
U0227,P0030
U0227,P0031
U0227,P0032
U0227,P0033
U0227,P0034
U0227,P0035
U0227,P0036
U0227,P0037
U0227,P0038
U0227,P0039
U0227,P0040
U0227,P0041
U0227,P0042
U0227,P0043
U0227,P0044
U0227,P0045
U0227,P0046
U0227,P0047
U0227,P0048
U0227,P0049
U0227,P0050
U0227,P0051
U0227,P0052
U0227,P0053
U0227,P0054
U0227,P0055
U0227,P0056
U0227,P0057
U0227,P0058
U0227,P0059
U0227,P0060
U0227,P0061
U0227,P0062
U0227,P0063
U0227,P0064
U0227,P0065
U0227,P0066
U0227,P0067
U0227,P0068
U0227,P0069
U0227,P0070
U0227,P0071
U0227,P0072
U0227,P0073
U0227,P0074
U0227,P0075
U0227,P0076
U0227,P0077
U0227,P0078
U0227,P0079
U0227,P0080
U0227,P0081
U0227,P0082
U0227,P0083
U0227,P0084
U0227,P0085
U0227,P0086
U0227,P0087
U0227,P0088
U0227,P0089
U0227,P0090
U0227,P0091
U0227,P0092
U0227,P0093
U0227,P0094
U0227,P0095
U0227,P0096
U0227,P0097
U0227,P0098
U0227,P0099
U0227,P0100
U0227,P0101
U0227,P0102
U0227,P0103
U0227,P0104
U0227,P0105
U0227,P0106
U0227,P0107
U0227,P0108
U0227,P0109
U0227,P0110
U0227,P0111
U0227,P0112
U0227,P0113
U0227,P0114
U0227,P0115
U0227,P0116
U0227,P0117
U0227,P0118
U0227,P0120
U0227,P0121
U0227,P0122
U0227,P0123
U0227,P0124
U0227,P0125
U0227,P0126
U0227,P0127
U0227,P0128
U0227,P0129
U0227,P0130
U0227,P0246
U0227,P0247
U0227,P0248
U0227,P0249
U0227,P0250
U0228,P0027
U0228,P0028
U0228,P0029
U0228,P0030
U0228,P0031
U0228,P0032
U0228,P0033
U0228,P0034
U0228,P0035
U0228,P0036
U0228,P0037
U0228,P0038
U0228,P0039
U0228,P0040
U0228,P0041
U0228,P0042
U0228,P0043
U0228,P0044
U0228,P0045
U0228,P0046
U0228,P0047
U0228,P0048
U0228,P0049
U0228,P0050
U0228,P0051
U0228,P0052
U0228,P0053
U0228,P0054
U0228,P0055
U0228,P0056
U0228,P0057
U0228,P0058
U0228,P0059
U0228,P0060
U0228,P0061
U0228,P0062
U0228,P0063
U0228,P0064
U0228,P0065
U0228,P0066
U0228,P0067
U0228,P0068
U0228,P0069
U0228,P0070
U0228,P0071
U0228,P0072
U0228,P0073
U0228,P0074
U0228,P0075
U0228,P0076
U0228,P0077
U0228,P0078
U0228,P0079
U0228,P0080
U0228,P0081
U0228,P0082
U0228,P0083
U0228,P0084
U0228,P0085
U0228,P0086
U0228,P0087
U0228,P0088
U0228,P0089
U0228,P0090
U0228,P0091
U0228,P0092
U0228,P0093
U0228,P0094
U0228,P0095
U0228,P0096
U0228,P0097
U0228,P0098
U0228,P0099
U0228,P0100
U0228,P0101
U0228,P0102
U0228,P0103
U0228,P0104
U0228,P0105
U0228,P0106
U0228,P0107
U0228,P0108
U0228,P0109
U0228,P0110
U0228,P0111
U0228,P0112
U0228,P0113
U0228,P0114
U0228,P0115
U0228,P0116
U0228,P0117
U0228,P0118
U0228,P0119
U0228,P0120
U0228,P0121
U0228,P0122
U0228,P0123
U0228,P0124
U0228,P0125
U0228,P0126
U0228,P0127
U0228,P0128
U0228,P0129
U0228,P0130
U0228,P0246
U0228,P0247
U0228,P0248
U0228,P0249
U0228,P0250
U0229,P0027
U0229,P0028
U0229,P0029
U0229,P0030
U0229,P0031
U0229,P0032
U0229,P0033
U0229,P0034
U0229,P0035
U0229,P0036
U0229,P0037
U0229,P0038
U0229,P0039
U0229,P0040
U0229,P0041
U0229,P0042
U0229,P0043
U0229,P0044
U0229,P0045
U0229,P0046
U0229,P0047
U0229,P0048
U0229,P0049
U0229,P0050
U0229,P0051
U0229,P0052
U0229,P0053
U0229,P0054
U0229,P0055
U0229,P0056
U0229,P0057
U0229,P0058
U0229,P0059
U0229,P0060
U0229,P0061
U0229,P0062
U0229,P0063
U0229,P0064
U0229,P0065
U0229,P0066
U0229,P0067
U0229,P0068
U0229,P0069
U0229,P0070
U0229,P0071
U0229,P0072
U0229,P0073
U0229,P0074
U0229,P0075
U0229,P0076
U0229,P0077
U0229,P0078
U0229,P0079
U0229,P0080
U0229,P0081
U0229,P0082
U0229,P0083
U0229,P0084
U0229,P0085
U0229,P0086
U0229,P0087
U0229,P0088
U0229,P0089
U0229,P0090
U0229,P0091
U0229,P0092
U0229,P0093
U0229,P0094
U0229,P0095
U0229,P0096
U0229,P0097
U0229,P0098
U0229,P0099
U0229,P0100
U0229,P0101
U0229,P0102
U0229,P0103
U0229,P0104
U0229,P0105
U0229,P0106
U0229,P0107
U0229,P0108
U0229,P0109
U0229,P0110
U0229,P0111
U0229,P0112
U0229,P0113
U0229,P0114
U0229,P0115
U0229,P0116
U0229,P0117
U0229,P0118
U0229,P0119
U0229,P0120
U0229,P0121
U0229,P0122
U0229,P0123
U0229,P0124
U0229,P0125
U0229,P0126
U0229,P0127
U0229,P0128
U0229,P0129
U0229,P0130
U0229,P0246
U0229,P0247
U0229,P0248
U0229,P0249
U0229,P0250
U0230,P0027
U0230,P0028
U0230,P0029
U0230,P0030
U0230,P0031
U0230,P0032
U0230,P0033
U0230,P0034
U0230,P0035
U0230,P0036
U0230,P0037
U0230,P0038
U0230,P0039
U0230,P0040
U0230,P0041
U0230,P0042
U0230,P0043
U0230,P0044
U0230,P0045
U0230,P0046
U0230,P0047
U0230,P0048
U0230,P0049
U0230,P0050
U0230,P0051
U0230,P0052
U0230,P0053
U0230,P0054
U0230,P0055
U0230,P0056
U0230,P0057
U0230,P0058
U0230,P0059
U0230,P0060
U0230,P0061
U0230,P0062
U0230,P0063
U0230,P0064
U0230,P0065
U0230,P0066
U0230,P0067
U0230,P0068
U0230,P0069
U0230,P0070
U0230,P0071
U0230,P0072
U0230,P0073
U0230,P0074
U0230,P0075
U0230,P0076
U0230,P0077
U0230,P0078
U0230,P0079
U0230,P0080
U0230,P0081
U0230,P0082
U0230,P0083
U0230,P0084
U0230,P0085
U0230,P0086
U0230,P0087
U0230,P0088
U0230,P0089
U0230,P0090
U0230,P0091
U0230,P0092
U0230,P0093
U0230,P0094
U0230,P0095
U0230,P0096
U0230,P0097
U0230,P0098
U0230,P0099
U0230,P0100
U0230,P0101
U0230,P0102
U0230,P0103
U0230,P0104
U0230,P0105
U0230,P0106
U0230,P0107
U0230,P0108
U0230,P0109
U0230,P0110
U0230,P0111
U0230,P0112
U0230,P0113
U0230,P0114
U0230,P0115
U0230,P0116
U0230,P0117
U0230,P0118
U0230,P0119
U0230,P0120
U0230,P0121
U0230,P0122
U0230,P0123
U0230,P0124
U0230,P0125
U0230,P0126
U0230,P0127
U0230,P0128
U0230,P0129
U0230,P0130
U0230,P0246
U0230,P0247
U0230,P0248
U0230,P0249
U0230,P0250
U0231,P0027
U0231,P0028
U0231,P0029
U0231,P0030
U0231,P0031
U0231,P0032
U0231,P0033
U0231,P0034
U0231,P0035
U0231,P0036
U0231,P0037
U0231,P0038
U0231,P0039
U0231,P0040
U0231,P0041
U0231,P0042
U0231,P0043
U0231,P0044
U0231,P0045
U0231,P0046
U0231,P0047
U0231,P0048
U0231,P0049
U0231,P0050
U0231,P0051
U0231,P0052
U0231,P0053
U0231,P0054
U0231,P0055
U0231,P0056
U0231,P0057
U0231,P0058
U0231,P0059
U0231,P0060
U0231,P0061
U0231,P0062
U0231,P0063
U0231,P0064
U0231,P0065
U0231,P0066
U0231,P0067
U0231,P0068
U0231,P0069
U0231,P0070
U0231,P0071
U0231,P0072
U0231,P0073
U0231,P0074
U0231,P0075
U0231,P0076
U0231,P0077
U0231,P0078
U0231,P0079
U0231,P0080
U0231,P0081
U0231,P0082
U0231,P0083
U0231,P0084
U0231,P0085
U0231,P0086
U0231,P0087
U0231,P0088
U0231,P0089
U0231,P0090
U0231,P0091
U0231,P0092
U0231,P0093
U0231,P0094
U0231,P0095
U0231,P0096
U0231,P0097
U0231,P0098
U0231,P0099
U0231,P0100
U0231,P0101
U0231,P0102
U0231,P0103
U0231,P0104
U0231,P0105
U0231,P0106
U0231,P0107
U0231,P0108
U0231,P0109
U0231,P0110
U0231,P0111
U0231,P0112
U0231,P0113
U0231,P0114
U0231,P0115
U0231,P0116
U0231,P0117
U0231,P0118
U0231,P0119
U0231,P0120
U0231,P0121
U0231,P0122
U0231,P0123
U0231,P0124
U0231,P0125
U0231,P0126
U0231,P0127
U0231,P0128
U0231,P0129
U0231,P0130
U0231,P0246
U0231,P0247
U0231,P0248
U0231,P0249
U0231,P0250
U0232,P0027
U0232,P0028
U0232,P0029
U0232,P0030
U0232,P0031
U0232,P0032
U0232,P0033
U0232,P0034
U0232,P0035
U0232,P0036
U0232,P0037
U0232,P0038
U0232,P0039
U0232,P0040
U0232,P0041
U0232,P0042
U0232,P0043
U0232,P0044
U0232,P0045
U0232,P0046
U0232,P0047
U0232,P0048
U0232,P0049
U0232,P0050
U0232,P0051
U0232,P0052
U0232,P0053
U0232,P0054
U0232,P0055
U0232,P0056
U0232,P0057
U0232,P0058
U0232,P0059
U0232,P0060
U0232,P0061
U0232,P0062
U0232,P0063
U0232,P0064
U0232,P0065
U0232,P0066
U0232,P0067
U0232,P0068
U0232,P0069
U0232,P0070
U0232,P0071
U0232,P0072
U0232,P0073
U0232,P0074
U0232,P0075
U0232,P0076
U0232,P0077
U0232,P0078
U0232,P0079
U0232,P0080
U0232,P0081
U0232,P0082
U0232,P0083
U0232,P0084
U0232,P0085
U0232,P0086
U0232,P0087
U0232,P0088
U0232,P0089
U0232,P0090
U0232,P0091
U0232,P0092
U0232,P0093
U0232,P0094
U0232,P0095
U0232,P0096
U0232,P0097
U0232,P0098
U0232,P0099
U0232,P0100
U0232,P0101
U0232,P0102
U0232,P0103
U0232,P0104
U0232,P0105
U0232,P0106
U0232,P0107
U0232,P0108
U0232,P0109
U0232,P0110
U0232,P0111
U0232,P0112
U0232,P0113
U0232,P0114
U0232,P0115
U0232,P0116
U0232,P0117
U0232,P0118
U0232,P0119
U0232,P0120
U0232,P0121
U0232,P0122
U0232,P0123
U0232,P0124
U0232,P0125
U0232,P0126
U0232,P0127
U0232,P0128
U0232,P0129
U0232,P0130
U0232,P0246
U0232,P0247
U0232,P0248
U0232,P0249
U0232,P0250
U0233,P0027
U0233,P0028
U0233,P0029
U0233,P0030
U0233,P0031
U0233,P0032
U0233,P0033
U0233,P0034
U0233,P0035
U0233,P0036
U0233,P0037
U0233,P0038
U0233,P0039
U0233,P0040
U0233,P0041
U0233,P0042
U0233,P0043
U0233,P0044
U0233,P0045
U0233,P0046
U0233,P0047
U0233,P0048
U0233,P0049
U0233,P0050
U0233,P0051
U0233,P0052
U0233,P0053
U0233,P0054
U0233,P0055
U0233,P0056
U0233,P0057
U0233,P0058
U0233,P0059
U0233,P0060
U0233,P0061
U0233,P0062
U0233,P0063
U0233,P0064
U0233,P0065
U0233,P0066
U0233,P0067
U0233,P0068
U0233,P0069
U0233,P0070
U0233,P0071
U0233,P0072
U0233,P0073
U0233,P0074
U0233,P0075
U0233,P0076
U0233,P0077
U0233,P0078
U0233,P0079
U0233,P0080
U0233,P0081
U0233,P0082
U0233,P0083
U0233,P0084
U0233,P0085
U0233,P0086
U0233,P0087
U0233,P0088
U0233,P0089
U0233,P0090
U0233,P0091
U0233,P0092
U0233,P0093
U0233,P0094
U0233,P0095
U0233,P0096
U0233,P0097
U0233,P0098
U0233,P0099
U0233,P0100
U0233,P0101
U0233,P0102
U0233,P0103
U0233,P0104
U0233,P0105
U0233,P0106
U0233,P0107
U0233,P0108
U0233,P0109
U0233,P0110
U0233,P0111
U0233,P0112
U0233,P0113
U0233,P0114
U0233,P0115
U0233,P0116
U0233,P0117
U0233,P0118
U0233,P0119
U0233,P0120
U0233,P0121
U0233,P0122
U0233,P0123
U0233,P0124
U0233,P0125
U0233,P0126
U0233,P0127
U0233,P0128
U0233,P0129
U0233,P0130
U0233,P0246
U0233,P0247
U0233,P0248
U0233,P0249
U0233,P0250
U0234,P0266
U0234,P0295
U0234,P0296
U0234,P0297
U0234,P0298
U0235,P0027
U0235,P0028
U0235,P0029
U0235,P0030
U0235,P0031
U0235,P0032
U0235,P0033
U0235,P0034
U0235,P0035
U0235,P0036
U0235,P0037
U0235,P0038
U0235,P0039
U0235,P0040
U0235,P0041
U0235,P0042
U0235,P0043
U0235,P0044
U0235,P0045
U0235,P0046
U0235,P0047
U0235,P0048
U0235,P0049
U0235,P0050
U0235,P0051
U0235,P0052
U0235,P0053
U0235,P0054
U0235,P0055
U0235,P0056
U0235,P0057
U0235,P0058
U0235,P0059
U0235,P0060
U0235,P0061
U0235,P0062
U0235,P0063
U0235,P0064
U0235,P0065
U0235,P0066
U0235,P0067
U0235,P0068
U0235,P0069
U0235,P0070
U0235,P0071
U0235,P0072
U0235,P0073
U0235,P0074
U0235,P0075
U0235,P0076
U0235,P0077
U0235,P0078
U0235,P0079
U0235,P0080
U0235,P0081
U0235,P0082
U0235,P0083
U0235,P0084
U0235,P0085
U0235,P0086
U0235,P0087
U0235,P0088
U0235,P0089
U0235,P0090
U0235,P0091
U0235,P0093
U0235,P0094
U0235,P0095
U0235,P0096
U0235,P0097
U0235,P0098
U0235,P0099
U0235,P0100
U0235,P0101
U0235,P0102
U0235,P0103
U0235,P0104
U0235,P0105
U0235,P0106
U0235,P0107
U0235,P0108
U0235,P0109
U0235,P0110
U0235,P0111
U0235,P0112
U0235,P0113
U0235,P0114
U0235,P0115
U0235,P0116
U0235,P0117
U0235,P0118
U0235,P0119
U0235,P0120
U0235,P0121
U0235,P0122
U0235,P0123
U0235,P0124
U0235,P0125
U0235,P0126
U0235,P0127
U0235,P0128
U0235,P0129
U0235,P0130
U0235,P0246
U0235,P0247
U0235,P0248
U0235,P0249
U0235,P0250
U0236,P0027
U0236,P0028
U0236,P0029
U0236,P0030
U0236,P0031
U0236,P0032
U0236,P0033
U0236,P0034
U0236,P0035
U0236,P0036
U0236,P0037
U0236,P0038
U0236,P0039
U0236,P0040
U0236,P0041
U0236,P0042
U0236,P0043
U0236,P0044
U0236,P0045
U0236,P0046
U0236,P0047
U0236,P0048
U0236,P0049
U0236,P0050
U0236,P0051
U0236,P0052
U0236,P0053
U0236,P0054
U0236,P0055
U0236,P0056
U0236,P0057
U0236,P0058
U0236,P0059
U0236,P0060
U0236,P0061
U0236,P0062
U0236,P0063
U0236,P0064
U0236,P0065
U0236,P0066
U0236,P0067
U0236,P0068
U0236,P0069
U0236,P0070
U0236,P0071
U0236,P0072
U0236,P0073
U0236,P0074
U0236,P0075
U0236,P0076
U0236,P0077
U0236,P0078
U0236,P0079
U0236,P0080
U0236,P0081
U0236,P0082
U0236,P0083
U0236,P0084
U0236,P0085
U0236,P0086
U0236,P0087
U0236,P0088
U0236,P0089
U0236,P0090
U0236,P0091
U0236,P0092
U0236,P0093
U0236,P0094
U0236,P0095
U0236,P0096
U0236,P0097
U0236,P0098
U0236,P0099
U0236,P0100
U0236,P0101
U0236,P0102
U0236,P0103
U0236,P0104
U0236,P0105
U0236,P0106
U0236,P0107
U0236,P0108
U0236,P0109
U0236,P0110
U0236,P0111
U0236,P0112
U0236,P0113
U0236,P0114
U0236,P0115
U0236,P0116
U0236,P0117
U0236,P0118
U0236,P0119
U0236,P0120
U0236,P0121
U0236,P0122
U0236,P0123
U0236,P0124
U0236,P0125
U0236,P0126
U0236,P0127
U0236,P0128
U0236,P0129
U0236,P0130
U0236,P0246
U0236,P0247
U0236,P0248
U0236,P0249
U0236,P0250
U0237,P0027
U0237,P0028
U0237,P0029
U0237,P0030
U0237,P0031
U0237,P0032
U0237,P0033
U0237,P0034
U0237,P0035
U0237,P0036
U0237,P0037
U0237,P0038
U0237,P0039
U0237,P0040
U0237,P0041
U0237,P0042
U0237,P0043
U0237,P0044
U0237,P0045
U0237,P0046
U0237,P0047
U0237,P0048
U0237,P0049
U0237,P0050
U0237,P0051
U0237,P0052
U0237,P0053
U0237,P0054
U0237,P0055
U0237,P0056
U0237,P0057
U0237,P0058
U0237,P0059
U0237,P0060
U0237,P0061
U0237,P0062
U0237,P0063
U0237,P0064
U0237,P0065
U0237,P0066
U0237,P0067
U0237,P0068
U0237,P0069
U0237,P0070
U0237,P0071
U0237,P0072
U0237,P0073
U0237,P0074
U0237,P0075
U0237,P0076
U0237,P0077
U0237,P0078
U0237,P0079
U0237,P0080
U0237,P0081
U0237,P0082
U0237,P0083
U0237,P0084
U0237,P0085
U0237,P0086
U0237,P0087
U0237,P0088
U0237,P0089
U0237,P0090
U0237,P0091
U0237,P0092
U0237,P0093
U0237,P0094
U0237,P0095
U0237,P0096
U0237,P0097
U0237,P0098
U0237,P0099
U0237,P0100
U0237,P0101
U0237,P0102
U0237,P0103
U0237,P0104
U0237,P0105
U0237,P0106
U0237,P0107
U0237,P0108
U0237,P0109
U0237,P0110
U0237,P0111
U0237,P0112
U0237,P0113
U0237,P0114
U0237,P0115
U0237,P0116
U0237,P0117
U0237,P0118
U0237,P0119
U0237,P0120
U0237,P0121
U0237,P0122
U0237,P0123
U0237,P0124
U0237,P0125
U0237,P0126
U0237,P0127
U0237,P0128
U0237,P0129
U0237,P0130
U0237,P0246
U0237,P0247
U0237,P0248
U0237,P0249
U0237,P0250
U0237,P0299
U0237,P0300
U0238,P0027
U0238,P0028
U0238,P0029
U0238,P0030
U0238,P0031
U0238,P0032
U0238,P0033
U0238,P0034
U0238,P0035
U0238,P0036
U0238,P0037
U0238,P0038
U0238,P0039
U0238,P0040
U0238,P0041
U0238,P0042
U0238,P0043
U0238,P0044
U0238,P0045
U0238,P0046
U0238,P0047
U0238,P0048
U0238,P0049
U0238,P0050
U0238,P0051
U0238,P0052
U0238,P0053
U0238,P0054
U0238,P0055
U0238,P0056
U0238,P0057
U0238,P0058
U0238,P0059
U0238,P0060
U0238,P0061
U0238,P0062
U0238,P0063
U0238,P0064
U0238,P0065
U0238,P0066
U0238,P0067
U0238,P0068
U0238,P0069
U0238,P0070
U0238,P0071
U0238,P0072
U0238,P0073
U0238,P0074
U0238,P0075
U0238,P0076
U0238,P0077
U0238,P0078
U0238,P0079
U0238,P0080
U0238,P0081
U0238,P0082
U0238,P0083
U0238,P0084
U0238,P0085
U0238,P0086
U0238,P0087
U0238,P0088
U0238,P0089
U0238,P0090
U0238,P0091
U0238,P0092
U0238,P0093
U0238,P0094
U0238,P0095
U0238,P0096
U0238,P0097
U0238,P0098
U0238,P0099
U0238,P0100
U0238,P0101
U0238,P0102
U0238,P0103
U0238,P0104
U0238,P0105
U0238,P0106
U0238,P0107
U0238,P0108
U0238,P0109
U0238,P0110
U0238,P0111
U0238,P0112
U0238,P0113
U0238,P0114
U0238,P0115
U0238,P0116
U0238,P0117
U0238,P0118
U0238,P0119
U0238,P0120
U0238,P0121
U0238,P0122
U0238,P0123
U0238,P0124
U0238,P0125
U0238,P0126
U0238,P0127
U0238,P0128
U0238,P0129
U0238,P0130
U0238,P0246
U0238,P0247
U0238,P0248
U0238,P0249
U0238,P0250
U0239,P0027
U0239,P0028
U0239,P0029
U0239,P0030
U0239,P0031
U0239,P0032
U0239,P0033
U0239,P0034
U0239,P0035
U0239,P0036
U0239,P0037
U0239,P0038
U0239,P0039
U0239,P0040
U0239,P0041
U0239,P0042
U0239,P0043
U0239,P0044
U0239,P0045
U0239,P0046
U0239,P0047
U0239,P0048
U0239,P0049
U0239,P0050
U0239,P0051
U0239,P0052
U0239,P0053
U0239,P0054
U0239,P0055
U0239,P0056
U0239,P0057
U0239,P0058
U0239,P0059
U0239,P0060
U0239,P0061
U0239,P0062
U0239,P0063
U0239,P0064
U0239,P0065
U0239,P0066
U0239,P0067
U0239,P0068
U0239,P0069
U0239,P0070
U0239,P0071
U0239,P0072
U0239,P0073
U0239,P0074
U0239,P0075
U0239,P0076
U0239,P0077
U0239,P0078
U0239,P0079
U0239,P0080
U0239,P0081
U0239,P0082
U0239,P0083
U0239,P0084
U0239,P0085
U0239,P0086
U0239,P0087
U0239,P0088
U0239,P0089
U0239,P0090
U0239,P0091
U0239,P0092
U0239,P0093
U0239,P0094
U0239,P0095
U0239,P0096
U0239,P0097
U0239,P0098
U0239,P0099
U0239,P0100
U0239,P0101
U0239,P0102
U0239,P0103
U0239,P0104
U0239,P0105
U0239,P0106
U0239,P0107
U0239,P0108
U0239,P0109
U0239,P0110
U0239,P0111
U0239,P0112
U0239,P0113
U0239,P0114
U0239,P0115
U0239,P0116
U0239,P0117
U0239,P0118
U0239,P0119
U0239,P0120
U0239,P0121
U0239,P0122
U0239,P0123
U0239,P0124
U0239,P0125
U0239,P0126
U0239,P0127
U0239,P0128
U0239,P0129
U0239,P0130
U0239,P0246
U0239,P0247
U0239,P0248
U0239,P0249
U0239,P0250
U0239,P0299
U0239,P0300
U0240,P0002
U0240,P0003
U0240,P0009
U0240,P0023
U0240,P0024
U0240,P0025
U0240,P0027
U0240,P0028
U0240,P0029
U0240,P0030
U0240,P0031
U0240,P0032
U0240,P0033
U0240,P0034
U0240,P0035
U0240,P0036
U0240,P0037
U0240,P0038
U0240,P0039
U0240,P0040
U0240,P0041
U0240,P0042
U0240,P0043
U0240,P0044
U0240,P0045
U0240,P0046
U0240,P0047
U0240,P0048
U0240,P0049
U0240,P0050
U0240,P0051
U0240,P0052
U0240,P0053
U0240,P0054
U0240,P0055
U0240,P0056
U0240,P0057
U0240,P0058
U0240,P0059
U0240,P0060
U0240,P0061
U0240,P0062
U0240,P0063
U0240,P0064
U0240,P0065
U0240,P0066
U0240,P0067
U0240,P0068
U0240,P0069
U0240,P0070
U0240,P0071
U0240,P0072
U0240,P0073
U0240,P0074
U0240,P0075
U0240,P0076
U0240,P0077
U0240,P0078
U0240,P0079
U0240,P0080
U0240,P0081
U0240,P0082
U0240,P0083
U0240,P0084
U0240,P0085
U0240,P0086
U0240,P0087
U0240,P0088
U0240,P0089
U0240,P0090
U0240,P0091
U0240,P0092
U0240,P0093
U0240,P0094
U0240,P0095
U0240,P0096
U0240,P0097
U0240,P0098
U0240,P0099
U0240,P0100
U0240,P0101
U0240,P0102
U0240,P0103
U0240,P0104
U0240,P0105
U0240,P0106
U0240,P0107
U0240,P0108
U0240,P0109
U0240,P0110
U0240,P0111
U0240,P0112
U0240,P0113
U0240,P0114
U0240,P0115
U0240,P0116
U0240,P0117
U0240,P0118
U0240,P0119
U0240,P0120
U0240,P0121
U0240,P0122
U0240,P0123
U0240,P0124
U0240,P0125
U0240,P0126
U0240,P0127
U0240,P0128
U0240,P0129
U0240,P0130
U0240,P0131
U0240,P0132
U0240,P0133
U0240,P0134
U0240,P0135
U0240,P0136
U0240,P0137
U0240,P0138
U0240,P0139
U0240,P0140
U0240,P0144
U0240,P0145
U0240,P0146
U0240,P0147
U0240,P0148
U0240,P0149
U0240,P0150
U0240,P0151
U0240,P0152
U0240,P0153
U0240,P0154
U0240,P0155
U0240,P0156
U0240,P0157
U0240,P0158
U0240,P0159
U0240,P0160
U0240,P0161
U0240,P0162
U0240,P0163
U0240,P0164
U0240,P0165
U0240,P0166
U0240,P0167
U0240,P0168
U0240,P0169
U0240,P0170
U0240,P0171
U0240,P0172
U0240,P0173
U0240,P0174
U0240,P0175
U0240,P0176
U0240,P0177
U0240,P0178
U0240,P0179
U0240,P0180
U0240,P0181
U0240,P0182
U0240,P0183
U0240,P0184
U0240,P0185
U0240,P0186
U0240,P0187
U0240,P0188
U0240,P0189
U0240,P0190
U0240,P0191
U0240,P0192
U0240,P0193
U0240,P0194
U0240,P0195
U0240,P0196
U0240,P0197
U0240,P0198
U0240,P0199
U0240,P0200
U0240,P0201
U0240,P0202
U0240,P0203
U0240,P0204
U0240,P0205
U0240,P0206
U0240,P0207
U0240,P0208
U0240,P0209
U0240,P0210
U0240,P0211
U0240,P0212
U0240,P0213
U0240,P0214
U0240,P0215
U0240,P0216
U0240,P0217
U0240,P0218
U0240,P0219
U0240,P0220
U0240,P0221
U0240,P0222
U0240,P0223
U0240,P0224
U0240,P0225
U0240,P0226
U0240,P0227
U0240,P0228
U0240,P0229
U0240,P0230
U0240,P0231
U0240,P0232
U0240,P0233
U0240,P0234
U0240,P0235
U0240,P0236
U0240,P0237
U0240,P0238
U0240,P0239
U0240,P0240
U0240,P0241
U0240,P0246
U0240,P0247
U0240,P0248
U0240,P0249
U0240,P0250
U0241,P0027
U0241,P0028
U0241,P0029
U0241,P0030
U0241,P0031
U0241,P0032
U0241,P0033
U0241,P0034
U0241,P0035
U0241,P0036
U0241,P0037
U0241,P0038
U0241,P0039
U0241,P0040
U0241,P0041
U0241,P0042
U0241,P0043
U0241,P0044
U0241,P0045
U0241,P0046
U0241,P0047
U0241,P0048
U0241,P0049
U0241,P0050
U0241,P0051
U0241,P0052
U0241,P0053
U0241,P0054
U0241,P0055
U0241,P0056
U0241,P0057
U0241,P0058
U0241,P0059
U0241,P0060
U0241,P0061
U0241,P0062
U0241,P0063
U0241,P0064
U0241,P0065
U0241,P0066
U0241,P0067
U0241,P0068
U0241,P0069
U0241,P0070
U0241,P0071
U0241,P0072
U0241,P0073
U0241,P0074
U0241,P0075
U0241,P0076
U0241,P0077
U0241,P0078
U0241,P0079
U0241,P0080
U0241,P0081
U0241,P0082
U0241,P0083
U0241,P0084
U0241,P0085
U0241,P0086
U0241,P0087
U0241,P0088
U0241,P0089
U0241,P0090
U0241,P0091
U0241,P0092
U0241,P0093
U0241,P0094
U0241,P0095
U0241,P0096
U0241,P0097
U0241,P0098
U0241,P0099
U0241,P0100
U0241,P0101
U0241,P0102
U0241,P0103
U0241,P0104
U0241,P0105
U0241,P0106
U0241,P0107
U0241,P0108
U0241,P0109
U0241,P0110
U0241,P0111
U0241,P0112
U0241,P0113
U0241,P0114
U0241,P0115
U0241,P0116
U0241,P0117
U0241,P0118
U0241,P0119
U0241,P0120
U0241,P0121
U0241,P0122
U0241,P0123
U0241,P0124
U0241,P0125
U0241,P0126
U0241,P0127
U0241,P0128
U0241,P0129
U0241,P0130
U0241,P0246
U0241,P0247
U0241,P0248
U0241,P0249
U0241,P0250
U0242,P0027
U0242,P0028
U0242,P0029
U0242,P0030
U0242,P0031
U0242,P0032
U0242,P0033
U0242,P0034
U0242,P0035
U0242,P0036
U0242,P0037
U0242,P0038
U0242,P0039
U0242,P0040
U0242,P0041
U0242,P0042
U0242,P0043
U0242,P0044
U0242,P0045
U0242,P0046
U0242,P0047
U0242,P0048
U0242,P0049
U0242,P0050
U0242,P0051
U0242,P0052
U0242,P0053
U0242,P0054
U0242,P0055
U0242,P0056
U0242,P0057
U0242,P0058
U0242,P0059
U0242,P0060
U0242,P0061
U0242,P0062
U0242,P0063
U0242,P0064
U0242,P0065
U0242,P0066
U0242,P0067
U0242,P0068
U0242,P0069
U0242,P0070
U0242,P0071
U0242,P0072
U0242,P0073
U0242,P0074
U0242,P0075
U0242,P0076
U0242,P0077
U0242,P0078
U0242,P0079
U0242,P0080
U0242,P0081
U0242,P0082
U0242,P0083
U0242,P0084
U0242,P0085
U0242,P0086
U0242,P0087
U0242,P0088
U0242,P0089
U0242,P0090
U0242,P0091
U0242,P0092
U0242,P0093
U0242,P0094
U0242,P0095
U0242,P0096
U0242,P0097
U0242,P0098
U0242,P0099
U0242,P0100
U0242,P0101
U0242,P0102
U0242,P0103
U0242,P0104
U0242,P0105
U0242,P0106
U0242,P0107
U0242,P0108
U0242,P0109
U0242,P0110
U0242,P0111
U0242,P0112
U0242,P0113
U0242,P0114
U0242,P0115
U0242,P0116
U0242,P0117
U0242,P0118
U0242,P0119
U0242,P0120
U0242,P0121
U0242,P0122
U0242,P0123
U0242,P0124
U0242,P0125
U0242,P0126
U0242,P0127
U0242,P0128
U0242,P0129
U0242,P0130
U0242,P0246
U0242,P0247
U0242,P0248
U0242,P0249
U0242,P0250
U0243,P0027
U0243,P0028
U0243,P0029
U0243,P0030
U0243,P0031
U0243,P0032
U0243,P0033
U0243,P0034
U0243,P0035
U0243,P0036
U0243,P0037
U0243,P0038
U0243,P0039
U0243,P0040
U0243,P0041
U0243,P0042
U0243,P0043
U0243,P0044
U0243,P0045
U0243,P0046
U0243,P0047
U0243,P0048
U0243,P0049
U0243,P0050
U0243,P0051
U0243,P0052
U0243,P0053
U0243,P0054
U0243,P0055
U0243,P0056
U0243,P0057
U0243,P0058
U0243,P0059
U0243,P0060
U0243,P0061
U0243,P0062
U0243,P0063
U0243,P0064
U0243,P0065
U0243,P0066
U0243,P0067
U0243,P0068
U0243,P0069
U0243,P0070
U0243,P0071
U0243,P0072
U0243,P0073
U0243,P0074
U0243,P0075
U0243,P0076
U0243,P0077
U0243,P0078
U0243,P0079
U0243,P0080
U0243,P0081
U0243,P0082
U0243,P0083
U0243,P0084
U0243,P0085
U0243,P0086
U0243,P0087
U0243,P0088
U0243,P0089
U0243,P0090
U0243,P0091
U0243,P0092
U0243,P0093
U0243,P0094
U0243,P0095
U0243,P0096
U0243,P0097
U0243,P0098
U0243,P0099
U0243,P0100
U0243,P0101
U0243,P0102
U0243,P0103
U0243,P0104
U0243,P0105
U0243,P0106
U0243,P0107
U0243,P0108
U0243,P0109
U0243,P0110
U0243,P0111
U0243,P0112
U0243,P0113
U0243,P0114
U0243,P0115
U0243,P0116
U0243,P0117
U0243,P0118
U0243,P0119
U0243,P0120
U0243,P0121
U0243,P0122
U0243,P0123
U0243,P0124
U0243,P0125
U0243,P0126
U0243,P0127
U0243,P0128
U0243,P0129
U0243,P0130
U0243,P0246
U0243,P0247
U0243,P0248
U0243,P0249
U0243,P0250
U0244,P0002
U0244,P0003
U0244,P0009
U0244,P0023
U0244,P0024
U0244,P0025
U0244,P0027
U0244,P0028
U0244,P0029
U0244,P0030
U0244,P0031
U0244,P0032
U0244,P0033
U0244,P0034
U0244,P0035
U0244,P0036
U0244,P0037
U0244,P0038
U0244,P0039
U0244,P0040
U0244,P0041
U0244,P0042
U0244,P0043
U0244,P0044
U0244,P0045
U0244,P0046
U0244,P0047
U0244,P0048
U0244,P0049
U0244,P0050
U0244,P0051
U0244,P0052
U0244,P0053
U0244,P0054
U0244,P0055
U0244,P0056
U0244,P0057
U0244,P0058
U0244,P0059
U0244,P0060
U0244,P0061
U0244,P0062
U0244,P0063
U0244,P0064
U0244,P0065
U0244,P0066
U0244,P0067
U0244,P0068
U0244,P0069
U0244,P0070
U0244,P0071
U0244,P0072
U0244,P0073
U0244,P0074
U0244,P0075
U0244,P0076
U0244,P0077
U0244,P0078
U0244,P0079
U0244,P0080
U0244,P0081
U0244,P0082
U0244,P0083
U0244,P0084
U0244,P0085
U0244,P0086
U0244,P0087
U0244,P0088
U0244,P0089
U0244,P0090
U0244,P0091
U0244,P0092
U0244,P0093
U0244,P0094
U0244,P0095
U0244,P0096
U0244,P0097
U0244,P0098
U0244,P0099
U0244,P0100
U0244,P0101
U0244,P0102
U0244,P0103
U0244,P0104
U0244,P0105
U0244,P0106
U0244,P0107
U0244,P0108
U0244,P0109
U0244,P0110
U0244,P0111
U0244,P0112
U0244,P0113
U0244,P0114
U0244,P0115
U0244,P0116
U0244,P0117
U0244,P0118
U0244,P0119
U0244,P0120
U0244,P0121
U0244,P0122
U0244,P0123
U0244,P0124
U0244,P0125
U0244,P0126
U0244,P0127
U0244,P0128
U0244,P0129
U0244,P0130
U0244,P0131
U0244,P0132
U0244,P0133
U0244,P0134
U0244,P0135
U0244,P0136
U0244,P0137
U0244,P0138
U0244,P0139
U0244,P0140
U0244,P0144
U0244,P0145
U0244,P0146
U0244,P0147
U0244,P0148
U0244,P0149
U0244,P0150
U0244,P0151
U0244,P0152
U0244,P0153
U0244,P0154
U0244,P0155
U0244,P0156
U0244,P0157
U0244,P0158
U0244,P0159
U0244,P0160
U0244,P0161
U0244,P0162
U0244,P0163
U0244,P0164
U0244,P0165
U0244,P0166
U0244,P0167
U0244,P0168
U0244,P0169
U0244,P0170
U0244,P0171
U0244,P0172
U0244,P0173
U0244,P0174
U0244,P0175
U0244,P0176
U0244,P0177
U0244,P0178
U0244,P0179
U0244,P0180
U0244,P0181
U0244,P0182
U0244,P0183
U0244,P0184
U0244,P0185
U0244,P0186
U0244,P0187
U0244,P0188
U0244,P0189
U0244,P0190
U0244,P0191
U0244,P0192
U0244,P0193
U0244,P0194
U0244,P0195
U0244,P0196
U0244,P0197
U0244,P0198
U0244,P0199
U0244,P0200
U0244,P0201
U0244,P0202
U0244,P0203
U0244,P0204
U0244,P0205
U0244,P0206
U0244,P0207
U0244,P0208
U0244,P0209
U0244,P0210
U0244,P0211
U0244,P0212
U0244,P0213
U0244,P0214
U0244,P0215
U0244,P0216
U0244,P0217
U0244,P0218
U0244,P0219
U0244,P0220
U0244,P0221
U0244,P0222
U0244,P0223
U0244,P0224
U0244,P0225
U0244,P0226
U0244,P0227
U0244,P0228
U0244,P0229
U0244,P0230
U0244,P0231
U0244,P0232
U0244,P0233
U0244,P0234
U0244,P0235
U0244,P0236
U0244,P0237
U0244,P0238
U0244,P0239
U0244,P0240
U0244,P0241
U0244,P0246
U0244,P0247
U0244,P0248
U0244,P0249
U0244,P0250
U0245,P0027
U0245,P0028
U0245,P0029
U0245,P0030
U0245,P0031
U0245,P0032
U0245,P0033
U0245,P0034
U0245,P0035
U0245,P0036
U0245,P0037
U0245,P0038
U0245,P0039
U0245,P0040
U0245,P0041
U0245,P0042
U0245,P0043
U0245,P0044
U0245,P0045
U0245,P0046
U0245,P0047
U0245,P0048
U0245,P0049
U0245,P0050
U0245,P0051
U0245,P0052
U0245,P0053
U0245,P0054
U0245,P0055
U0245,P0056
U0245,P0057
U0245,P0058
U0245,P0059
U0245,P0060
U0245,P0061
U0245,P0062
U0245,P0063
U0245,P0064
U0245,P0065
U0245,P0066
U0245,P0067
U0245,P0068
U0245,P0069
U0245,P0070
U0245,P0071
U0245,P0072
U0245,P0073
U0245,P0074
U0245,P0075
U0245,P0076
U0245,P0077
U0245,P0078
U0245,P0079
U0245,P0080
U0245,P0081
U0245,P0082
U0245,P0083
U0245,P0084
U0245,P0085
U0245,P0086
U0245,P0087
U0245,P0088
U0245,P0089
U0245,P0090
U0245,P0091
U0245,P0092
U0245,P0093
U0245,P0094
U0245,P0095
U0245,P0096
U0245,P0097
U0245,P0098
U0245,P0099
U0245,P0100
U0245,P0101
U0245,P0102
U0245,P0103
U0245,P0104
U0245,P0105
U0245,P0106
U0245,P0107
U0245,P0108
U0245,P0109
U0245,P0110
U0245,P0111
U0245,P0112
U0245,P0113
U0245,P0114
U0245,P0115
U0245,P0116
U0245,P0117
U0245,P0118
U0245,P0119
U0245,P0120
U0245,P0121
U0245,P0122
U0245,P0123
U0245,P0124
U0245,P0125
U0245,P0126
U0245,P0127
U0245,P0128
U0245,P0129
U0245,P0130
U0245,P0246
U0245,P0247
U0245,P0248
U0245,P0249
U0245,P0250
U0246,P0027
U0246,P0028
U0246,P0029
U0246,P0030
U0246,P0031
U0246,P0032
U0246,P0033
U0246,P0034
U0246,P0035
U0246,P0036
U0246,P0037
U0246,P0038
U0246,P0039
U0246,P0040
U0246,P0041
U0246,P0042
U0246,P0043
U0246,P0044
U0246,P0045
U0246,P0046
U0246,P0047
U0246,P0048
U0246,P0049
U0246,P0050
U0246,P0051
U0246,P0052
U0246,P0053
U0246,P0054
U0246,P0055
U0246,P0056
U0246,P0057
U0246,P0058
U0246,P0059
U0246,P0060
U0246,P0061
U0246,P0062
U0246,P0063
U0246,P0064
U0246,P0065
U0246,P0066
U0246,P0067
U0246,P0068
U0246,P0069
U0246,P0070
U0246,P0071
U0246,P0072
U0246,P0073
U0246,P0074
U0246,P0075
U0246,P0076
U0246,P0077
U0246,P0078
U0246,P0079
U0246,P0080
U0246,P0081
U0246,P0082
U0246,P0083
U0246,P0084
U0246,P0085
U0246,P0086
U0246,P0087
U0246,P0088
U0246,P0089
U0246,P0090
U0246,P0091
U0246,P0092
U0246,P0093
U0246,P0094
U0246,P0095
U0246,P0096
U0246,P0097
U0246,P0098
U0246,P0099
U0246,P0100
U0246,P0101
U0246,P0102
U0246,P0103
U0246,P0104
U0246,P0105
U0246,P0106
U0246,P0107
U0246,P0108
U0246,P0109
U0246,P0110
U0246,P0111
U0246,P0112
U0246,P0113
U0246,P0114
U0246,P0115
U0246,P0116
U0246,P0117
U0246,P0118
U0246,P0119
U0246,P0120
U0246,P0121
U0246,P0122
U0246,P0123
U0246,P0124
U0246,P0125
U0246,P0126
U0246,P0127
U0246,P0128
U0246,P0129
U0246,P0130
U0246,P0246
U0246,P0247
U0246,P0248
U0246,P0249
U0246,P0250
U0247,P0027
U0247,P0028
U0247,P0029
U0247,P0030
U0247,P0031
U0247,P0032
U0247,P0033
U0247,P0034
U0247,P0035
U0247,P0036
U0247,P0037
U0247,P0038
U0247,P0039
U0247,P0040
U0247,P0041
U0247,P0042
U0247,P0043
U0247,P0044
U0247,P0045
U0247,P0046
U0247,P0047
U0247,P0048
U0247,P0049
U0247,P0050
U0247,P0051
U0247,P0052
U0247,P0053
U0247,P0054
U0247,P0055
U0247,P0056
U0247,P0057
U0247,P0058
U0247,P0059
U0247,P0060
U0247,P0061
U0247,P0062
U0247,P0063
U0247,P0064
U0247,P0065
U0247,P0066
U0247,P0067
U0247,P0068
U0247,P0069
U0247,P0070
U0247,P0071
U0247,P0072
U0247,P0073
U0247,P0074
U0247,P0075
U0247,P0076
U0247,P0077
U0247,P0078
U0247,P0079
U0247,P0080
U0247,P0081
U0247,P0082
U0247,P0083
U0247,P0084
U0247,P0085
U0247,P0086
U0247,P0087
U0247,P0088
U0247,P0089
U0247,P0090
U0247,P0091
U0247,P0092
U0247,P0093
U0247,P0094
U0247,P0095
U0247,P0096
U0247,P0097
U0247,P0098
U0247,P0099
U0247,P0100
U0247,P0101
U0247,P0102
U0247,P0103
U0247,P0104
U0247,P0105
U0247,P0106
U0247,P0107
U0247,P0108
U0247,P0109
U0247,P0110
U0247,P0111
U0247,P0112
U0247,P0113
U0247,P0114
U0247,P0115
U0247,P0116
U0247,P0117
U0247,P0118
U0247,P0119
U0247,P0120
U0247,P0121
U0247,P0122
U0247,P0123
U0247,P0124
U0247,P0125
U0247,P0126
U0247,P0127
U0247,P0128
U0247,P0129
U0247,P0130
U0247,P0246
U0247,P0247
U0247,P0248
U0247,P0249
U0247,P0250
U0248,P0002
U0248,P0003
U0248,P0009
U0248,P0023
U0248,P0024
U0248,P0025
U0248,P0027
U0248,P0028
U0248,P0029
U0248,P0030
U0248,P0031
U0248,P0032
U0248,P0033
U0248,P0034
U0248,P0035
U0248,P0036
U0248,P0037
U0248,P0038
U0248,P0039
U0248,P0040
U0248,P0041
U0248,P0042
U0248,P0043
U0248,P0044
U0248,P0045
U0248,P0046
U0248,P0047
U0248,P0048
U0248,P0049
U0248,P0050
U0248,P0051
U0248,P0052
U0248,P0053
U0248,P0054
U0248,P0055
U0248,P0056
U0248,P0057
U0248,P0058
U0248,P0059
U0248,P0060
U0248,P0061
U0248,P0062
U0248,P0063
U0248,P0064
U0248,P0065
U0248,P0066
U0248,P0067
U0248,P0068
U0248,P0069
U0248,P0070
U0248,P0071
U0248,P0072
U0248,P0073
U0248,P0074
U0248,P0075
U0248,P0076
U0248,P0077
U0248,P0078
U0248,P0079
U0248,P0080
U0248,P0081
U0248,P0082
U0248,P0083
U0248,P0084
U0248,P0085
U0248,P0086
U0248,P0087
U0248,P0088
U0248,P0089
U0248,P0090
U0248,P0091
U0248,P0092
U0248,P0093
U0248,P0094
U0248,P0095
U0248,P0096
U0248,P0097
U0248,P0098
U0248,P0099
U0248,P0100
U0248,P0101
U0248,P0102
U0248,P0103
U0248,P0104
U0248,P0105
U0248,P0106
U0248,P0107
U0248,P0108
U0248,P0109
U0248,P0110
U0248,P0111
U0248,P0112
U0248,P0113
U0248,P0114
U0248,P0115
U0248,P0116
U0248,P0117
U0248,P0118
U0248,P0119
U0248,P0120
U0248,P0121
U0248,P0122
U0248,P0123
U0248,P0124
U0248,P0125
U0248,P0126
U0248,P0127
U0248,P0128
U0248,P0129
U0248,P0130
U0248,P0131
U0248,P0132
U0248,P0133
U0248,P0134
U0248,P0135
U0248,P0136
U0248,P0137
U0248,P0138
U0248,P0139
U0248,P0140
U0248,P0144
U0248,P0145
U0248,P0146
U0248,P0147
U0248,P0148
U0248,P0149
U0248,P0150
U0248,P0151
U0248,P0152
U0248,P0153
U0248,P0154
U0248,P0155
U0248,P0156
U0248,P0157
U0248,P0158
U0248,P0159
U0248,P0160
U0248,P0161
U0248,P0162
U0248,P0163
U0248,P0164
U0248,P0165
U0248,P0166
U0248,P0167
U0248,P0168
U0248,P0169
U0248,P0170
U0248,P0171
U0248,P0172
U0248,P0173
U0248,P0174
U0248,P0175
U0248,P0176
U0248,P0177
U0248,P0178
U0248,P0179
U0248,P0180
U0248,P0181
U0248,P0182
U0248,P0183
U0248,P0184
U0248,P0185
U0248,P0186
U0248,P0187
U0248,P0188
U0248,P0189
U0248,P0190
U0248,P0191
U0248,P0192
U0248,P0193
U0248,P0194
U0248,P0195
U0248,P0196
U0248,P0197
U0248,P0198
U0248,P0199
U0248,P0200
U0248,P0201
U0248,P0202
U0248,P0203
U0248,P0204
U0248,P0205
U0248,P0206
U0248,P0207
U0248,P0208
U0248,P0209
U0248,P0210
U0248,P0211
U0248,P0212
U0248,P0213
U0248,P0214
U0248,P0215
U0248,P0216
U0248,P0217
U0248,P0218
U0248,P0219
U0248,P0220
U0248,P0221
U0248,P0222
U0248,P0223
U0248,P0224
U0248,P0225
U0248,P0226
U0248,P0227
U0248,P0228
U0248,P0229
U0248,P0230
U0248,P0231
U0248,P0232
U0248,P0233
U0248,P0234
U0248,P0235
U0248,P0236
U0248,P0237
U0248,P0238
U0248,P0239
U0248,P0240
U0248,P0241
U0248,P0246
U0248,P0247
U0248,P0248
U0248,P0249
U0248,P0250
U0248,P0301
U0248,P0302
U0248,P0303
U0248,P0304
U0248,P0305
U0248,P0306
U0248,P0307
U0248,P0308
U0248,P0309
U0248,P0310
U0248,P0311
U0248,P0312
U0249,P0002
U0249,P0003
U0249,P0009
U0249,P0023
U0249,P0024
U0249,P0025
U0249,P0027
U0249,P0028
U0249,P0029
U0249,P0030
U0249,P0031
U0249,P0032
U0249,P0033
U0249,P0034
U0249,P0035
U0249,P0036
U0249,P0037
U0249,P0038
U0249,P0039
U0249,P0040
U0249,P0041
U0249,P0042
U0249,P0043
U0249,P0044
U0249,P0045
U0249,P0046
U0249,P0047
U0249,P0048
U0249,P0049
U0249,P0050
U0249,P0051
U0249,P0052
U0249,P0053
U0249,P0054
U0249,P0055
U0249,P0056
U0249,P0057
U0249,P0058
U0249,P0059
U0249,P0060
U0249,P0061
U0249,P0062
U0249,P0063
U0249,P0064
U0249,P0065
U0249,P0066
U0249,P0067
U0249,P0068
U0249,P0069
U0249,P0070
U0249,P0071
U0249,P0072
U0249,P0073
U0249,P0074
U0249,P0075
U0249,P0076
U0249,P0077
U0249,P0078
U0249,P0079
U0249,P0080
U0249,P0081
U0249,P0082
U0249,P0083
U0249,P0084
U0249,P0085
U0249,P0086
U0249,P0087
U0249,P0088
U0249,P0089
U0249,P0090
U0249,P0091
U0249,P0092
U0249,P0093
U0249,P0094
U0249,P0095
U0249,P0096
U0249,P0097
U0249,P0098
U0249,P0099
U0249,P0100
U0249,P0101
U0249,P0102
U0249,P0103
U0249,P0104
U0249,P0105
U0249,P0106
U0249,P0107
U0249,P0108
U0249,P0109
U0249,P0110
U0249,P0111
U0249,P0112
U0249,P0113
U0249,P0114
U0249,P0115
U0249,P0116
U0249,P0117
U0249,P0118
U0249,P0119
U0249,P0120
U0249,P0121
U0249,P0122
U0249,P0123
U0249,P0124
U0249,P0125
U0249,P0126
U0249,P0127
U0249,P0128
U0249,P0129
U0249,P0130
U0249,P0131
U0249,P0132
U0249,P0133
U0249,P0134
U0249,P0135
U0249,P0136
U0249,P0137
U0249,P0138
U0249,P0139
U0249,P0140
U0249,P0144
U0249,P0145
U0249,P0146
U0249,P0147
U0249,P0148
U0249,P0149
U0249,P0150
U0249,P0151
U0249,P0152
U0249,P0153
U0249,P0154
U0249,P0155
U0249,P0156
U0249,P0157
U0249,P0158
U0249,P0159
U0249,P0160
U0249,P0161
U0249,P0162
U0249,P0163
U0249,P0164
U0249,P0165
U0249,P0166
U0249,P0167
U0249,P0168
U0249,P0169
U0249,P0170
U0249,P0171
U0249,P0172
U0249,P0173
U0249,P0174
U0249,P0175
U0249,P0176
U0249,P0177
U0249,P0178
U0249,P0179
U0249,P0180
U0249,P0181
U0249,P0182
U0249,P0183
U0249,P0184
U0249,P0185
U0249,P0186
U0249,P0187
U0249,P0188
U0249,P0189
U0249,P0190
U0249,P0191
U0249,P0192
U0249,P0193
U0249,P0194
U0249,P0195
U0249,P0196
U0249,P0197
U0249,P0198
U0249,P0199
U0249,P0200
U0249,P0201
U0249,P0202
U0249,P0203
U0249,P0204
U0249,P0205
U0249,P0206
U0249,P0207
U0249,P0208
U0249,P0209
U0249,P0210
U0249,P0211
U0249,P0212
U0249,P0213
U0249,P0214
U0249,P0215
U0249,P0216
U0249,P0217
U0249,P0218
U0249,P0219
U0249,P0220
U0249,P0221
U0249,P0222
U0249,P0223
U0249,P0224
U0249,P0225
U0249,P0226
U0249,P0227
U0249,P0228
U0249,P0229
U0249,P0230
U0249,P0231
U0249,P0232
U0249,P0233
U0249,P0234
U0249,P0235
U0249,P0236
U0249,P0237
U0249,P0238
U0249,P0239
U0249,P0240
U0249,P0241
U0249,P0246
U0249,P0247
U0249,P0248
U0249,P0249
U0249,P0250
U0250,P0027
U0250,P0028
U0250,P0029
U0250,P0030
U0250,P0031
U0250,P0032
U0250,P0033
U0250,P0034
U0250,P0035
U0250,P0036
U0250,P0037
U0250,P0038
U0250,P0039
U0250,P0040
U0250,P0041
U0250,P0042
U0250,P0043
U0250,P0044
U0250,P0045
U0250,P0046
U0250,P0047
U0250,P0048
U0250,P0049
U0250,P0050
U0250,P0051
U0250,P0052
U0250,P0053
U0250,P0054
U0250,P0055
U0250,P0056
U0250,P0057
U0250,P0058
U0250,P0059
U0250,P0060
U0250,P0061
U0250,P0062
U0250,P0063
U0250,P0064
U0250,P0065
U0250,P0066
U0250,P0067
U0250,P0068
U0250,P0069
U0250,P0070
U0250,P0071
U0250,P0072
U0250,P0073
U0250,P0074
U0250,P0075
U0250,P0076
U0250,P0077
U0250,P0078
U0250,P0079
U0250,P0080
U0250,P0081
U0250,P0082
U0250,P0083
U0250,P0084
U0250,P0085
U0250,P0086
U0250,P0087
U0250,P0088
U0250,P0089
U0250,P0090
U0250,P0091
U0250,P0092
U0250,P0093
U0250,P0094
U0250,P0095
U0250,P0096
U0250,P0097
U0250,P0098
U0250,P0099
U0250,P0100
U0250,P0101
U0250,P0102
U0250,P0103
U0250,P0104
U0250,P0105
U0250,P0106
U0250,P0107
U0250,P0108
U0250,P0109
U0250,P0110
U0250,P0111
U0250,P0112
U0250,P0113
U0250,P0114
U0250,P0115
U0250,P0116
U0250,P0117
U0250,P0118
U0250,P0119
U0250,P0120
U0250,P0121
U0250,P0122
U0250,P0123
U0250,P0124
U0250,P0125
U0250,P0126
U0250,P0127
U0250,P0128
U0250,P0129
U0250,P0130
U0250,P0246
U0250,P0247
U0250,P0248
U0250,P0249
U0250,P0250
U0251,P0027
U0251,P0028
U0251,P0029
U0251,P0030
U0251,P0031
U0251,P0032
U0251,P0033
U0251,P0034
U0251,P0035
U0251,P0036
U0251,P0037
U0251,P0038
U0251,P0039
U0251,P0040
U0251,P0041
U0251,P0042
U0251,P0043
U0251,P0044
U0251,P0045
U0251,P0046
U0251,P0047
U0251,P0048
U0251,P0049
U0251,P0050
U0251,P0051
U0251,P0052
U0251,P0053
U0251,P0054
U0251,P0055
U0251,P0056
U0251,P0057
U0251,P0058
U0251,P0059
U0251,P0060
U0251,P0061
U0251,P0062
U0251,P0063
U0251,P0064
U0251,P0065
U0251,P0066
U0251,P0067
U0251,P0068
U0251,P0069
U0251,P0070
U0251,P0071
U0251,P0072
U0251,P0073
U0251,P0074
U0251,P0075
U0251,P0076
U0251,P0077
U0251,P0078
U0251,P0079
U0251,P0080
U0251,P0081
U0251,P0082
U0251,P0083
U0251,P0084
U0251,P0085
U0251,P0086
U0251,P0087
U0251,P0088
U0251,P0089
U0251,P0090
U0251,P0091
U0251,P0092
U0251,P0093
U0251,P0094
U0251,P0095
U0251,P0096
U0251,P0097
U0251,P0098
U0251,P0099
U0251,P0100
U0251,P0101
U0251,P0102
U0251,P0103
U0251,P0104
U0251,P0105
U0251,P0106
U0251,P0107
U0251,P0108
U0251,P0109
U0251,P0110
U0251,P0111
U0251,P0112
U0251,P0113
U0251,P0114
U0251,P0115
U0251,P0116
U0251,P0117
U0251,P0118
U0251,P0119
U0251,P0120
U0251,P0121
U0251,P0122
U0251,P0123
U0251,P0124
U0251,P0125
U0251,P0126
U0251,P0127
U0251,P0128
U0251,P0129
U0251,P0130
U0251,P0133
U0251,P0246
U0251,P0247
U0251,P0248
U0251,P0249
U0251,P0250
U0252,P0027
U0252,P0028
U0252,P0029
U0252,P0030
U0252,P0031
U0252,P0032
U0252,P0033
U0252,P0034
U0252,P0035
U0252,P0036
U0252,P0037
U0252,P0038
U0252,P0039
U0252,P0040
U0252,P0041
U0252,P0042
U0252,P0043
U0252,P0044
U0252,P0045
U0252,P0046
U0252,P0047
U0252,P0048
U0252,P0049
U0252,P0050
U0252,P0051
U0252,P0052
U0252,P0053
U0252,P0054
U0252,P0055
U0252,P0056
U0252,P0057
U0252,P0058
U0252,P0059
U0252,P0060
U0252,P0061
U0252,P0062
U0252,P0063
U0252,P0064
U0252,P0065
U0252,P0066
U0252,P0067
U0252,P0068
U0252,P0069
U0252,P0070
U0252,P0071
U0252,P0072
U0252,P0073
U0252,P0074
U0252,P0075
U0252,P0076
U0252,P0077
U0252,P0078
U0252,P0079
U0252,P0080
U0252,P0081
U0252,P0082
U0252,P0083
U0252,P0084
U0252,P0085
U0252,P0086
U0252,P0087
U0252,P0088
U0252,P0089
U0252,P0090
U0252,P0091
U0252,P0092
U0252,P0093
U0252,P0094
U0252,P0095
U0252,P0096
U0252,P0097
U0252,P0098
U0252,P0099
U0252,P0100
U0252,P0101
U0252,P0102
U0252,P0103
U0252,P0104
U0252,P0105
U0252,P0106
U0252,P0107
U0252,P0108
U0252,P0109
U0252,P0110
U0252,P0111
U0252,P0112
U0252,P0113
U0252,P0114
U0252,P0115
U0252,P0116
U0252,P0117
U0252,P0118
U0252,P0119
U0252,P0120
U0252,P0121
U0252,P0122
U0252,P0123
U0252,P0124
U0252,P0125
U0252,P0126
U0252,P0127
U0252,P0128
U0252,P0129
U0252,P0130
U0252,P0245
U0252,P0246
U0252,P0247
U0252,P0248
U0252,P0249
U0252,P0250
U0253,P0027
U0253,P0028
U0253,P0029
U0253,P0030
U0253,P0031
U0253,P0032
U0253,P0033
U0253,P0034
U0253,P0035
U0253,P0036
U0253,P0037
U0253,P0038
U0253,P0039
U0253,P0040
U0253,P0041
U0253,P0042
U0253,P0043
U0253,P0044
U0253,P0045
U0253,P0046
U0253,P0047
U0253,P0048
U0253,P0049
U0253,P0050
U0253,P0051
U0253,P0052
U0253,P0053
U0253,P0054
U0253,P0055
U0253,P0056
U0253,P0057
U0253,P0058
U0253,P0059
U0253,P0060
U0253,P0061
U0253,P0062
U0253,P0063
U0253,P0064
U0253,P0065
U0253,P0066
U0253,P0067
U0253,P0068
U0253,P0069
U0253,P0070
U0253,P0071
U0253,P0072
U0253,P0073
U0253,P0074
U0253,P0075
U0253,P0076
U0253,P0077
U0253,P0078
U0253,P0079
U0253,P0080
U0253,P0081
U0253,P0082
U0253,P0083
U0253,P0084
U0253,P0085
U0253,P0086
U0253,P0087
U0253,P0088
U0253,P0089
U0253,P0090
U0253,P0091
U0253,P0092
U0253,P0093
U0253,P0094
U0253,P0095
U0253,P0096
U0253,P0097
U0253,P0098
U0253,P0099
U0253,P0100
U0253,P0101
U0253,P0102
U0253,P0103
U0253,P0104
U0253,P0105
U0253,P0106
U0253,P0107
U0253,P0108
U0253,P0109
U0253,P0110
U0253,P0111
U0253,P0112
U0253,P0113
U0253,P0114
U0253,P0115
U0253,P0116
U0253,P0117
U0253,P0118
U0253,P0119
U0253,P0120
U0253,P0121
U0253,P0122
U0253,P0123
U0253,P0124
U0253,P0125
U0253,P0126
U0253,P0127
U0253,P0128
U0253,P0129
U0253,P0130
U0253,P0246
U0253,P0247
U0253,P0248
U0253,P0249
U0253,P0250
U0254,P0027
U0254,P0028
U0254,P0029
U0254,P0030
U0254,P0031
U0254,P0032
U0254,P0033
U0254,P0034
U0254,P0035
U0254,P0036
U0254,P0037
U0254,P0038
U0254,P0039
U0254,P0040
U0254,P0041
U0254,P0042
U0254,P0043
U0254,P0044
U0254,P0045
U0254,P0046
U0254,P0047
U0254,P0048
U0254,P0049
U0254,P0050
U0254,P0051
U0254,P0052
U0254,P0053
U0254,P0054
U0254,P0055
U0254,P0056
U0254,P0057
U0254,P0058
U0254,P0059
U0254,P0060
U0254,P0061
U0254,P0062
U0254,P0063
U0254,P0064
U0254,P0065
U0254,P0066
U0254,P0067
U0254,P0068
U0254,P0069
U0254,P0070
U0254,P0071
U0254,P0072
U0254,P0073
U0254,P0074
U0254,P0075
U0254,P0076
U0254,P0077
U0254,P0078
U0254,P0079
U0254,P0080
U0254,P0081
U0254,P0082
U0254,P0083
U0254,P0084
U0254,P0085
U0254,P0086
U0254,P0087
U0254,P0088
U0254,P0089
U0254,P0090
U0254,P0091
U0254,P0092
U0254,P0093
U0254,P0094
U0254,P0095
U0254,P0096
U0254,P0097
U0254,P0098
U0254,P0099
U0254,P0100
U0254,P0101
U0254,P0102
U0254,P0103
U0254,P0104
U0254,P0105
U0254,P0106
U0254,P0107
U0254,P0108
U0254,P0109
U0254,P0110
U0254,P0111
U0254,P0112
U0254,P0113
U0254,P0114
U0254,P0115
U0254,P0116
U0254,P0117
U0254,P0118
U0254,P0119
U0254,P0120
U0254,P0121
U0254,P0122
U0254,P0123
U0254,P0124
U0254,P0125
U0254,P0126
U0254,P0127
U0254,P0128
U0254,P0129
U0254,P0130
U0254,P0245
U0254,P0246
U0254,P0247
U0254,P0248
U0254,P0249
U0254,P0250
U0255,P0005
U0255,P0006
U0255,P0007
U0255,P0008
U0255,P0009
U0256,P0027
U0256,P0028
U0256,P0029
U0256,P0030
U0256,P0031
U0256,P0032
U0256,P0033
U0256,P0034
U0256,P0035
U0256,P0036
U0256,P0037
U0256,P0038
U0256,P0039
U0256,P0040
U0256,P0041
U0256,P0042
U0256,P0043
U0256,P0044
U0256,P0045
U0256,P0046
U0256,P0047
U0256,P0048
U0256,P0049
U0256,P0050
U0256,P0051
U0256,P0052
U0256,P0053
U0256,P0054
U0256,P0055
U0256,P0056
U0256,P0057
U0256,P0058
U0256,P0059
U0256,P0060
U0256,P0061
U0256,P0062
U0256,P0063
U0256,P0064
U0256,P0065
U0256,P0066
U0256,P0067
U0256,P0068
U0256,P0069
U0256,P0070
U0256,P0071
U0256,P0072
U0256,P0073
U0256,P0074
U0256,P0075
U0256,P0076
U0256,P0077
U0256,P0078
U0256,P0079
U0256,P0080
U0256,P0081
U0256,P0082
U0256,P0083
U0256,P0084
U0256,P0085
U0256,P0086
U0256,P0087
U0256,P0088
U0256,P0089
U0256,P0090
U0256,P0091
U0256,P0092
U0256,P0093
U0256,P0094
U0256,P0095
U0256,P0096
U0256,P0097
U0256,P0098
U0256,P0099
U0256,P0100
U0256,P0101
U0256,P0102
U0256,P0103
U0256,P0104
U0256,P0105
U0256,P0106
U0256,P0107
U0256,P0108
U0256,P0109
U0256,P0110
U0256,P0111
U0256,P0112
U0256,P0113
U0256,P0114
U0256,P0115
U0256,P0116
U0256,P0117
U0256,P0118
U0256,P0119
U0256,P0120
U0256,P0121
U0256,P0122
U0256,P0123
U0256,P0124
U0256,P0125
U0256,P0126
U0256,P0127
U0256,P0128
U0256,P0129
U0256,P0130
U0256,P0246
U0256,P0247
U0256,P0248
U0256,P0249
U0256,P0250
U0257,P0002
U0257,P0003
U0257,P0009
U0257,P0023
U0257,P0024
U0257,P0025
U0257,P0027
U0257,P0028
U0257,P0029
U0257,P0030
U0257,P0031
U0257,P0032
U0257,P0033
U0257,P0034
U0257,P0035
U0257,P0036
U0257,P0037
U0257,P0038
U0257,P0039
U0257,P0040
U0257,P0041
U0257,P0042
U0257,P0043
U0257,P0044
U0257,P0045
U0257,P0046
U0257,P0047
U0257,P0048
U0257,P0049
U0257,P0050
U0257,P0051
U0257,P0052
U0257,P0053
U0257,P0054
U0257,P0055
U0257,P0056
U0257,P0057
U0257,P0058
U0257,P0059
U0257,P0060
U0257,P0061
U0257,P0062
U0257,P0063
U0257,P0064
U0257,P0065
U0257,P0066
U0257,P0067
U0257,P0068
U0257,P0069
U0257,P0070
U0257,P0071
U0257,P0072
U0257,P0073
U0257,P0074
U0257,P0075
U0257,P0076
U0257,P0077
U0257,P0078
U0257,P0079
U0257,P0080
U0257,P0081
U0257,P0082
U0257,P0083
U0257,P0084
U0257,P0085
U0257,P0086
U0257,P0087
U0257,P0088
U0257,P0089
U0257,P0090
U0257,P0091
U0257,P0092
U0257,P0093
U0257,P0094
U0257,P0095
U0257,P0096
U0257,P0097
U0257,P0098
U0257,P0099
U0257,P0100
U0257,P0101
U0257,P0102
U0257,P0103
U0257,P0104
U0257,P0105
U0257,P0106
U0257,P0107
U0257,P0108
U0257,P0109
U0257,P0110
U0257,P0111
U0257,P0112
U0257,P0113
U0257,P0114
U0257,P0115
U0257,P0116
U0257,P0117
U0257,P0118
U0257,P0119
U0257,P0120
U0257,P0121
U0257,P0122
U0257,P0123
U0257,P0124
U0257,P0125
U0257,P0126
U0257,P0127
U0257,P0128
U0257,P0129
U0257,P0130
U0257,P0131
U0257,P0132
U0257,P0133
U0257,P0134
U0257,P0135
U0257,P0136
U0257,P0137
U0257,P0138
U0257,P0139
U0257,P0140
U0257,P0144
U0257,P0145
U0257,P0146
U0257,P0147
U0257,P0148
U0257,P0149
U0257,P0150
U0257,P0151
U0257,P0152
U0257,P0153
U0257,P0154
U0257,P0155
U0257,P0156
U0257,P0157
U0257,P0158
U0257,P0159
U0257,P0160
U0257,P0161
U0257,P0162
U0257,P0163
U0257,P0164
U0257,P0165
U0257,P0166
U0257,P0167
U0257,P0168
U0257,P0169
U0257,P0170
U0257,P0171
U0257,P0172
U0257,P0173
U0257,P0174
U0257,P0175
U0257,P0176
U0257,P0177
U0257,P0178
U0257,P0179
U0257,P0180
U0257,P0181
U0257,P0182
U0257,P0183
U0257,P0184
U0257,P0185
U0257,P0186
U0257,P0187
U0257,P0188
U0257,P0189
U0257,P0190
U0257,P0191
U0257,P0192
U0257,P0193
U0257,P0194
U0257,P0195
U0257,P0196
U0257,P0197
U0257,P0198
U0257,P0199
U0257,P0200
U0257,P0201
U0257,P0202
U0257,P0203
U0257,P0204
U0257,P0205
U0257,P0206
U0257,P0207
U0257,P0208
U0257,P0209
U0257,P0210
U0257,P0211
U0257,P0212
U0257,P0213
U0257,P0214
U0257,P0215
U0257,P0216
U0257,P0217
U0257,P0218
U0257,P0219
U0257,P0220
U0257,P0221
U0257,P0222
U0257,P0223
U0257,P0224
U0257,P0225
U0257,P0226
U0257,P0227
U0257,P0228
U0257,P0229
U0257,P0230
U0257,P0231
U0257,P0232
U0257,P0233
U0257,P0234
U0257,P0235
U0257,P0236
U0257,P0237
U0257,P0238
U0257,P0239
U0257,P0240
U0257,P0241
U0257,P0246
U0257,P0247
U0257,P0248
U0257,P0249
U0257,P0250
U0258,P0027
U0258,P0028
U0258,P0029
U0258,P0030
U0258,P0031
U0258,P0032
U0258,P0033
U0258,P0034
U0258,P0035
U0258,P0036
U0258,P0037
U0258,P0038
U0258,P0039
U0258,P0040
U0258,P0041
U0258,P0042
U0258,P0043
U0258,P0044
U0258,P0045
U0258,P0046
U0258,P0047
U0258,P0048
U0258,P0049
U0258,P0050
U0258,P0051
U0258,P0052
U0258,P0053
U0258,P0054
U0258,P0055
U0258,P0056
U0258,P0057
U0258,P0058
U0258,P0059
U0258,P0060
U0258,P0061
U0258,P0062
U0258,P0063
U0258,P0064
U0258,P0065
U0258,P0066
U0258,P0067
U0258,P0068
U0258,P0069
U0258,P0070
U0258,P0071
U0258,P0072
U0258,P0073
U0258,P0074
U0258,P0075
U0258,P0076
U0258,P0077
U0258,P0078
U0258,P0079
U0258,P0080
U0258,P0081
U0258,P0082
U0258,P0083
U0258,P0084
U0258,P0085
U0258,P0086
U0258,P0087
U0258,P0088
U0258,P0089
U0258,P0090
U0258,P0091
U0258,P0092
U0258,P0093
U0258,P0094
U0258,P0095
U0258,P0096
U0258,P0097
U0258,P0098
U0258,P0099
U0258,P0100
U0258,P0101
U0258,P0102
U0258,P0103
U0258,P0104
U0258,P0105
U0258,P0106
U0258,P0107
U0258,P0108
U0258,P0109
U0258,P0110
U0258,P0111
U0258,P0112
U0258,P0113
U0258,P0114
U0258,P0115
U0258,P0116
U0258,P0117
U0258,P0118
U0258,P0119
U0258,P0120
U0258,P0121
U0258,P0122
U0258,P0123
U0258,P0124
U0258,P0125
U0258,P0126
U0258,P0127
U0258,P0128
U0258,P0129
U0258,P0130
U0258,P0133
U0258,P0246
U0258,P0247
U0258,P0248
U0258,P0249
U0258,P0250
U0258,P0277
U0259,P0027
U0259,P0028
U0259,P0029
U0259,P0030
U0259,P0031
U0259,P0032
U0259,P0033
U0259,P0034
U0259,P0035
U0259,P0036
U0259,P0037
U0259,P0038
U0259,P0039
U0259,P0040
U0259,P0041
U0259,P0042
U0259,P0043
U0259,P0044
U0259,P0045
U0259,P0046
U0259,P0047
U0259,P0048
U0259,P0049
U0259,P0050
U0259,P0051
U0259,P0052
U0259,P0053
U0259,P0054
U0259,P0055
U0259,P0056
U0259,P0057
U0259,P0058
U0259,P0059
U0259,P0060
U0259,P0061
U0259,P0062
U0259,P0063
U0259,P0064
U0259,P0065
U0259,P0066
U0259,P0067
U0259,P0068
U0259,P0069
U0259,P0070
U0259,P0071
U0259,P0072
U0259,P0073
U0259,P0074
U0259,P0075
U0259,P0076
U0259,P0077
U0259,P0078
U0259,P0079
U0259,P0080
U0259,P0081
U0259,P0082
U0259,P0083
U0259,P0084
U0259,P0085
U0259,P0086
U0259,P0087
U0259,P0088
U0259,P0089
U0259,P0090
U0259,P0091
U0259,P0092
U0259,P0093
U0259,P0094
U0259,P0095
U0259,P0096
U0259,P0097
U0259,P0098
U0259,P0099
U0259,P0100
U0259,P0101
U0259,P0102
U0259,P0103
U0259,P0104
U0259,P0105
U0259,P0106
U0259,P0107
U0259,P0108
U0259,P0109
U0259,P0110
U0259,P0111
U0259,P0112
U0259,P0113
U0259,P0114
U0259,P0115
U0259,P0116
U0259,P0117
U0259,P0118
U0259,P0119
U0259,P0120
U0259,P0121
U0259,P0122
U0259,P0123
U0259,P0124
U0259,P0125
U0259,P0126
U0259,P0127
U0259,P0128
U0259,P0129
U0259,P0130
U0259,P0133
U0259,P0246
U0259,P0247
U0259,P0248
U0259,P0249
U0259,P0250
U0259,P0277
U0260,P0027
U0260,P0028
U0260,P0029
U0260,P0030
U0260,P0031
U0260,P0032
U0260,P0033
U0260,P0034
U0260,P0035
U0260,P0036
U0260,P0037
U0260,P0038
U0260,P0039
U0260,P0040
U0260,P0041
U0260,P0042
U0260,P0043
U0260,P0044
U0260,P0045
U0260,P0046
U0260,P0047
U0260,P0048
U0260,P0049
U0260,P0050
U0260,P0051
U0260,P0052
U0260,P0053
U0260,P0054
U0260,P0055
U0260,P0056
U0260,P0057
U0260,P0058
U0260,P0059
U0260,P0060
U0260,P0061
U0260,P0062
U0260,P0063
U0260,P0064
U0260,P0065
U0260,P0066
U0260,P0067
U0260,P0068
U0260,P0069
U0260,P0070
U0260,P0071
U0260,P0072
U0260,P0073
U0260,P0074
U0260,P0075
U0260,P0076
U0260,P0077
U0260,P0078
U0260,P0079
U0260,P0080
U0260,P0081
U0260,P0082
U0260,P0083
U0260,P0084
U0260,P0085
U0260,P0086
U0260,P0087
U0260,P0088
U0260,P0089
U0260,P0090
U0260,P0091
U0260,P0092
U0260,P0093
U0260,P0094
U0260,P0095
U0260,P0096
U0260,P0097
U0260,P0098
U0260,P0099
U0260,P0100
U0260,P0101
U0260,P0102
U0260,P0103
U0260,P0104
U0260,P0105
U0260,P0106
U0260,P0107
U0260,P0108
U0260,P0109
U0260,P0110
U0260,P0111
U0260,P0112
U0260,P0113
U0260,P0114
U0260,P0115
U0260,P0116
U0260,P0117
U0260,P0118
U0260,P0119
U0260,P0120
U0260,P0121
U0260,P0122
U0260,P0123
U0260,P0124
U0260,P0125
U0260,P0126
U0260,P0127
U0260,P0128
U0260,P0129
U0260,P0130
U0260,P0246
U0260,P0247
U0260,P0248
U0260,P0249
U0260,P0250
U0261,P0027
U0261,P0028
U0261,P0029
U0261,P0030
U0261,P0031
U0261,P0032
U0261,P0033
U0261,P0034
U0261,P0035
U0261,P0036
U0261,P0037
U0261,P0038
U0261,P0039
U0261,P0040
U0261,P0041
U0261,P0042
U0261,P0043
U0261,P0044
U0261,P0045
U0261,P0046
U0261,P0047
U0261,P0048
U0261,P0049
U0261,P0050
U0261,P0051
U0261,P0052
U0261,P0053
U0261,P0054
U0261,P0055
U0261,P0056
U0261,P0057
U0261,P0058
U0261,P0059
U0261,P0060
U0261,P0061
U0261,P0062
U0261,P0063
U0261,P0064
U0261,P0065
U0261,P0066
U0261,P0067
U0261,P0068
U0261,P0069
U0261,P0070
U0261,P0071
U0261,P0072
U0261,P0073
U0261,P0074
U0261,P0075
U0261,P0076
U0261,P0077
U0261,P0078
U0261,P0079
U0261,P0080
U0261,P0081
U0261,P0082
U0261,P0083
U0261,P0084
U0261,P0085
U0261,P0086
U0261,P0087
U0261,P0088
U0261,P0089
U0261,P0090
U0261,P0091
U0261,P0092
U0261,P0093
U0261,P0094
U0261,P0095
U0261,P0096
U0261,P0097
U0261,P0098
U0261,P0099
U0261,P0100
U0261,P0101
U0261,P0102
U0261,P0103
U0261,P0104
U0261,P0105
U0261,P0106
U0261,P0107
U0261,P0108
U0261,P0109
U0261,P0110
U0261,P0111
U0261,P0112
U0261,P0113
U0261,P0114
U0261,P0115
U0261,P0116
U0261,P0117
U0261,P0118
U0261,P0119
U0261,P0120
U0261,P0121
U0261,P0122
U0261,P0123
U0261,P0124
U0261,P0125
U0261,P0126
U0261,P0127
U0261,P0128
U0261,P0129
U0261,P0130
U0261,P0150
U0261,P0151
U0261,P0152
U0261,P0153
U0261,P0154
U0261,P0155
U0261,P0156
U0261,P0157
U0261,P0158
U0261,P0159
U0261,P0160
U0261,P0161
U0261,P0162
U0261,P0163
U0261,P0164
U0261,P0165
U0261,P0166
U0261,P0167
U0261,P0168
U0261,P0169
U0261,P0170
U0261,P0171
U0261,P0172
U0261,P0173
U0261,P0174
U0261,P0175
U0261,P0176
U0261,P0177
U0261,P0178
U0261,P0179
U0261,P0180
U0261,P0181
U0261,P0182
U0261,P0183
U0261,P0184
U0261,P0185
U0261,P0186
U0261,P0187
U0261,P0188
U0261,P0189
U0261,P0190
U0261,P0191
U0261,P0192
U0261,P0193
U0261,P0194
U0261,P0195
U0261,P0196
U0261,P0197
U0261,P0198
U0261,P0199
U0261,P0200
U0261,P0201
U0261,P0202
U0261,P0203
U0261,P0204
U0261,P0205
U0261,P0206
U0261,P0207
U0261,P0208
U0261,P0209
U0261,P0210
U0261,P0211
U0261,P0212
U0261,P0213
U0261,P0246
U0261,P0247
U0261,P0248
U0261,P0249
U0261,P0250
U0262,P0002
U0262,P0003
U0262,P0009
U0262,P0023
U0262,P0024
U0262,P0025
U0262,P0027
U0262,P0028
U0262,P0029
U0262,P0030
U0262,P0031
U0262,P0032
U0262,P0033
U0262,P0034
U0262,P0035
U0262,P0036
U0262,P0037
U0262,P0038
U0262,P0039
U0262,P0040
U0262,P0041
U0262,P0042
U0262,P0043
U0262,P0044
U0262,P0045
U0262,P0046
U0262,P0047
U0262,P0048
U0262,P0049
U0262,P0050
U0262,P0051
U0262,P0052
U0262,P0053
U0262,P0054
U0262,P0055
U0262,P0056
U0262,P0057
U0262,P0058
U0262,P0059
U0262,P0060
U0262,P0061
U0262,P0062
U0262,P0063
U0262,P0064
U0262,P0065
U0262,P0066
U0262,P0067
U0262,P0068
U0262,P0069
U0262,P0070
U0262,P0071
U0262,P0072
U0262,P0073
U0262,P0074
U0262,P0075
U0262,P0076
U0262,P0077
U0262,P0078
U0262,P0079
U0262,P0080
U0262,P0081
U0262,P0082
U0262,P0083
U0262,P0084
U0262,P0085
U0262,P0086
U0262,P0087
U0262,P0088
U0262,P0089
U0262,P0090
U0262,P0091
U0262,P0092
U0262,P0093
U0262,P0094
U0262,P0095
U0262,P0096
U0262,P0097
U0262,P0098
U0262,P0099
U0262,P0100
U0262,P0101
U0262,P0102
U0262,P0103
U0262,P0104
U0262,P0105
U0262,P0106
U0262,P0107
U0262,P0108
U0262,P0109
U0262,P0110
U0262,P0111
U0262,P0112
U0262,P0113
U0262,P0114
U0262,P0115
U0262,P0116
U0262,P0117
U0262,P0118
U0262,P0119
U0262,P0120
U0262,P0121
U0262,P0122
U0262,P0123
U0262,P0124
U0262,P0125
U0262,P0126
U0262,P0127
U0262,P0128
U0262,P0129
U0262,P0130
U0262,P0131
U0262,P0132
U0262,P0133
U0262,P0134
U0262,P0135
U0262,P0136
U0262,P0137
U0262,P0138
U0262,P0139
U0262,P0140
U0262,P0144
U0262,P0145
U0262,P0146
U0262,P0147
U0262,P0148
U0262,P0149
U0262,P0150
U0262,P0151
U0262,P0152
U0262,P0153
U0262,P0154
U0262,P0155
U0262,P0156
U0262,P0157
U0262,P0158
U0262,P0159
U0262,P0160
U0262,P0161
U0262,P0162
U0262,P0163
U0262,P0164
U0262,P0165
U0262,P0166
U0262,P0167
U0262,P0168
U0262,P0169
U0262,P0170
U0262,P0171
U0262,P0172
U0262,P0173
U0262,P0174
U0262,P0175
U0262,P0176
U0262,P0177
U0262,P0178
U0262,P0179
U0262,P0180
U0262,P0181
U0262,P0182
U0262,P0183
U0262,P0184
U0262,P0185
U0262,P0186
U0262,P0187
U0262,P0188
U0262,P0189
U0262,P0190
U0262,P0191
U0262,P0192
U0262,P0193
U0262,P0194
U0262,P0195
U0262,P0196
U0262,P0197
U0262,P0198
U0262,P0199
U0262,P0200
U0262,P0201
U0262,P0202
U0262,P0203
U0262,P0204
U0262,P0205
U0262,P0206
U0262,P0207
U0262,P0208
U0262,P0209
U0262,P0210
U0262,P0211
U0262,P0212
U0262,P0213
U0262,P0214
U0262,P0215
U0262,P0216
U0262,P0217
U0262,P0218
U0262,P0219
U0262,P0220
U0262,P0221
U0262,P0222
U0262,P0223
U0262,P0224
U0262,P0225
U0262,P0226
U0262,P0227
U0262,P0228
U0262,P0229
U0262,P0230
U0262,P0231
U0262,P0232
U0262,P0233
U0262,P0234
U0262,P0235
U0262,P0236
U0262,P0237
U0262,P0238
U0262,P0239
U0262,P0240
U0262,P0241
U0262,P0246
U0262,P0247
U0262,P0248
U0262,P0249
U0262,P0250
U0263,P0002
U0263,P0003
U0263,P0009
U0263,P0023
U0263,P0024
U0263,P0025
U0263,P0027
U0263,P0028
U0263,P0029
U0263,P0030
U0263,P0031
U0263,P0032
U0263,P0033
U0263,P0034
U0263,P0035
U0263,P0036
U0263,P0037
U0263,P0038
U0263,P0039
U0263,P0040
U0263,P0041
U0263,P0042
U0263,P0043
U0263,P0044
U0263,P0045
U0263,P0046
U0263,P0047
U0263,P0048
U0263,P0049
U0263,P0050
U0263,P0051
U0263,P0052
U0263,P0053
U0263,P0054
U0263,P0055
U0263,P0056
U0263,P0057
U0263,P0058
U0263,P0059
U0263,P0060
U0263,P0061
U0263,P0062
U0263,P0063
U0263,P0064
U0263,P0065
U0263,P0066
U0263,P0067
U0263,P0068
U0263,P0069
U0263,P0070
U0263,P0071
U0263,P0072
U0263,P0073
U0263,P0074
U0263,P0075
U0263,P0076
U0263,P0077
U0263,P0078
U0263,P0079
U0263,P0080
U0263,P0081
U0263,P0082
U0263,P0083
U0263,P0084
U0263,P0085
U0263,P0086
U0263,P0087
U0263,P0088
U0263,P0089
U0263,P0090
U0263,P0091
U0263,P0092
U0263,P0093
U0263,P0094
U0263,P0095
U0263,P0096
U0263,P0097
U0263,P0098
U0263,P0099
U0263,P0100
U0263,P0101
U0263,P0102
U0263,P0103
U0263,P0104
U0263,P0105
U0263,P0106
U0263,P0107
U0263,P0108
U0263,P0109
U0263,P0110
U0263,P0111
U0263,P0112
U0263,P0113
U0263,P0114
U0263,P0115
U0263,P0116
U0263,P0117
U0263,P0118
U0263,P0119
U0263,P0120
U0263,P0121
U0263,P0122
U0263,P0123
U0263,P0124
U0263,P0125
U0263,P0126
U0263,P0127
U0263,P0128
U0263,P0129
U0263,P0130
U0263,P0131
U0263,P0132
U0263,P0133
U0263,P0134
U0263,P0135
U0263,P0136
U0263,P0137
U0263,P0138
U0263,P0139
U0263,P0140
U0263,P0144
U0263,P0145
U0263,P0146
U0263,P0147
U0263,P0148
U0263,P0149
U0263,P0150
U0263,P0151
U0263,P0152
U0263,P0153
U0263,P0154
U0263,P0155
U0263,P0156
U0263,P0157
U0263,P0158
U0263,P0159
U0263,P0160
U0263,P0161
U0263,P0162
U0263,P0163
U0263,P0164
U0263,P0165
U0263,P0166
U0263,P0167
U0263,P0168
U0263,P0169
U0263,P0170
U0263,P0171
U0263,P0172
U0263,P0173
U0263,P0174
U0263,P0175
U0263,P0176
U0263,P0177
U0263,P0178
U0263,P0179
U0263,P0180
U0263,P0181
U0263,P0182
U0263,P0183
U0263,P0184
U0263,P0185
U0263,P0186
U0263,P0187
U0263,P0188
U0263,P0189
U0263,P0190
U0263,P0191
U0263,P0192
U0263,P0193
U0263,P0194
U0263,P0195
U0263,P0196
U0263,P0197
U0263,P0198
U0263,P0199
U0263,P0200
U0263,P0201
U0263,P0202
U0263,P0203
U0263,P0204
U0263,P0205
U0263,P0206
U0263,P0207
U0263,P0208
U0263,P0209
U0263,P0210
U0263,P0211
U0263,P0212
U0263,P0213
U0263,P0214
U0263,P0215
U0263,P0216
U0263,P0217
U0263,P0218
U0263,P0219
U0263,P0221
U0263,P0222
U0263,P0223
U0263,P0224
U0263,P0225
U0263,P0226
U0263,P0227
U0263,P0228
U0263,P0229
U0263,P0230
U0263,P0231
U0263,P0232
U0263,P0233
U0263,P0234
U0263,P0235
U0263,P0236
U0263,P0237
U0263,P0238
U0263,P0239
U0263,P0240
U0263,P0241
U0263,P0246
U0263,P0247
U0263,P0248
U0263,P0249
U0263,P0250
U0264,P0002
U0264,P0003
U0264,P0009
U0264,P0023
U0264,P0024
U0264,P0025
U0264,P0027
U0264,P0028
U0264,P0029
U0264,P0030
U0264,P0031
U0264,P0032
U0264,P0033
U0264,P0034
U0264,P0035
U0264,P0036
U0264,P0037
U0264,P0038
U0264,P0039
U0264,P0040
U0264,P0041
U0264,P0042
U0264,P0043
U0264,P0044
U0264,P0045
U0264,P0046
U0264,P0047
U0264,P0048
U0264,P0049
U0264,P0050
U0264,P0051
U0264,P0052
U0264,P0053
U0264,P0054
U0264,P0055
U0264,P0056
U0264,P0057
U0264,P0058
U0264,P0059
U0264,P0060
U0264,P0061
U0264,P0062
U0264,P0063
U0264,P0064
U0264,P0065
U0264,P0066
U0264,P0067
U0264,P0068
U0264,P0069
U0264,P0070
U0264,P0071
U0264,P0072
U0264,P0073
U0264,P0074
U0264,P0075
U0264,P0076
U0264,P0077
U0264,P0078
U0264,P0079
U0264,P0080
U0264,P0081
U0264,P0082
U0264,P0083
U0264,P0084
U0264,P0085
U0264,P0086
U0264,P0087
U0264,P0088
U0264,P0089
U0264,P0090
U0264,P0091
U0264,P0092
U0264,P0093
U0264,P0094
U0264,P0095
U0264,P0096
U0264,P0097
U0264,P0098
U0264,P0099
U0264,P0100
U0264,P0101
U0264,P0102
U0264,P0103
U0264,P0104
U0264,P0105
U0264,P0106
U0264,P0107
U0264,P0108
U0264,P0109
U0264,P0110
U0264,P0111
U0264,P0112
U0264,P0113
U0264,P0114
U0264,P0115
U0264,P0116
U0264,P0117
U0264,P0118
U0264,P0119
U0264,P0120
U0264,P0121
U0264,P0122
U0264,P0123
U0264,P0124
U0264,P0125
U0264,P0126
U0264,P0127
U0264,P0128
U0264,P0129
U0264,P0130
U0264,P0131
U0264,P0132
U0264,P0133
U0264,P0134
U0264,P0135
U0264,P0136
U0264,P0137
U0264,P0138
U0264,P0139
U0264,P0140
U0264,P0144
U0264,P0145
U0264,P0146
U0264,P0147
U0264,P0148
U0264,P0149
U0264,P0150
U0264,P0151
U0264,P0152
U0264,P0153
U0264,P0154
U0264,P0155
U0264,P0156
U0264,P0157
U0264,P0158
U0264,P0159
U0264,P0160
U0264,P0161
U0264,P0162
U0264,P0163
U0264,P0164
U0264,P0165
U0264,P0166
U0264,P0167
U0264,P0168
U0264,P0169
U0264,P0170
U0264,P0171
U0264,P0172
U0264,P0173
U0264,P0174
U0264,P0175
U0264,P0176
U0264,P0177
U0264,P0178
U0264,P0179
U0264,P0180
U0264,P0181
U0264,P0182
U0264,P0183
U0264,P0184
U0264,P0185
U0264,P0186
U0264,P0187
U0264,P0188
U0264,P0189
U0264,P0190
U0264,P0191
U0264,P0192
U0264,P0193
U0264,P0194
U0264,P0195
U0264,P0196
U0264,P0197
U0264,P0198
U0264,P0199
U0264,P0200
U0264,P0201
U0264,P0202
U0264,P0203
U0264,P0204
U0264,P0205
U0264,P0206
U0264,P0207
U0264,P0208
U0264,P0209
U0264,P0210
U0264,P0211
U0264,P0212
U0264,P0213
U0264,P0214
U0264,P0215
U0264,P0216
U0264,P0217
U0264,P0218
U0264,P0219
U0264,P0220
U0264,P0221
U0264,P0222
U0264,P0223
U0264,P0224
U0264,P0225
U0264,P0226
U0264,P0227
U0264,P0228
U0264,P0229
U0264,P0230
U0264,P0231
U0264,P0232
U0264,P0233
U0264,P0234
U0264,P0235
U0264,P0236
U0264,P0237
U0264,P0238
U0264,P0239
U0264,P0240
U0264,P0241
U0264,P0246
U0264,P0247
U0264,P0248
U0264,P0249
U0264,P0250
U0265,P0027
U0265,P0028
U0265,P0029
U0265,P0030
U0265,P0031
U0265,P0032
U0265,P0033
U0265,P0034
U0265,P0035
U0265,P0036
U0265,P0037
U0265,P0038
U0265,P0039
U0265,P0040
U0265,P0041
U0265,P0042
U0265,P0043
U0265,P0044
U0265,P0045
U0265,P0046
U0265,P0047
U0265,P0048
U0265,P0049
U0265,P0050
U0265,P0051
U0265,P0052
U0265,P0053
U0265,P0054
U0265,P0055
U0265,P0056
U0265,P0057
U0265,P0058
U0265,P0059
U0265,P0060
U0265,P0061
U0265,P0062
U0265,P0063
U0265,P0064
U0265,P0065
U0265,P0066
U0265,P0067
U0265,P0068
U0265,P0069
U0265,P0070
U0265,P0071
U0265,P0072
U0265,P0073
U0265,P0074
U0265,P0075
U0265,P0076
U0265,P0077
U0265,P0078
U0265,P0079
U0265,P0080
U0265,P0081
U0265,P0082
U0265,P0083
U0265,P0084
U0265,P0085
U0265,P0086
U0265,P0087
U0265,P0088
U0265,P0089
U0265,P0090
U0265,P0091
U0265,P0092
U0265,P0093
U0265,P0094
U0265,P0095
U0265,P0096
U0265,P0097
U0265,P0098
U0265,P0099
U0265,P0100
U0265,P0101
U0265,P0102
U0265,P0103
U0265,P0104
U0265,P0105
U0265,P0106
U0265,P0107
U0265,P0108
U0265,P0109
U0265,P0110
U0265,P0111
U0265,P0112
U0265,P0113
U0265,P0114
U0265,P0115
U0265,P0116
U0265,P0117
U0265,P0118
U0265,P0119
U0265,P0120
U0265,P0121
U0265,P0122
U0265,P0123
U0265,P0124
U0265,P0125
U0265,P0126
U0265,P0127
U0265,P0128
U0265,P0129
U0265,P0130
U0265,P0246
U0265,P0247
U0265,P0248
U0265,P0249
U0265,P0250
U0266,P0027
U0266,P0028
U0266,P0029
U0266,P0030
U0266,P0031
U0266,P0032
U0266,P0033
U0266,P0034
U0266,P0035
U0266,P0036
U0266,P0037
U0266,P0038
U0266,P0039
U0266,P0040
U0266,P0041
U0266,P0042
U0266,P0043
U0266,P0044
U0266,P0045
U0266,P0046
U0266,P0047
U0266,P0048
U0266,P0049
U0266,P0050
U0266,P0051
U0266,P0052
U0266,P0053
U0266,P0054
U0266,P0055
U0266,P0056
U0266,P0057
U0266,P0058
U0266,P0059
U0266,P0060
U0266,P0061
U0266,P0062
U0266,P0063
U0266,P0064
U0266,P0065
U0266,P0066
U0266,P0067
U0266,P0068
U0266,P0069
U0266,P0070
U0266,P0071
U0266,P0072
U0266,P0073
U0266,P0074
U0266,P0075
U0266,P0076
U0266,P0077
U0266,P0078
U0266,P0079
U0266,P0080
U0266,P0081
U0266,P0082
U0266,P0083
U0266,P0084
U0266,P0085
U0266,P0086
U0266,P0087
U0266,P0088
U0266,P0089
U0266,P0090
U0266,P0091
U0266,P0092
U0266,P0093
U0266,P0094
U0266,P0095
U0266,P0096
U0266,P0097
U0266,P0098
U0266,P0099
U0266,P0100
U0266,P0101
U0266,P0102
U0266,P0103
U0266,P0104
U0266,P0105
U0266,P0106
U0266,P0107
U0266,P0108
U0266,P0109
U0266,P0110
U0266,P0111
U0266,P0112
U0266,P0113
U0266,P0114
U0266,P0115
U0266,P0116
U0266,P0117
U0266,P0118
U0266,P0119
U0266,P0120
U0266,P0121
U0266,P0122
U0266,P0123
U0266,P0124
U0266,P0125
U0266,P0126
U0266,P0127
U0266,P0128
U0266,P0129
U0266,P0130
U0266,P0133
U0266,P0246
U0266,P0247
U0266,P0248
U0266,P0249
U0266,P0250
U0267,P0027
U0267,P0028
U0267,P0029
U0267,P0030
U0267,P0031
U0267,P0032
U0267,P0033
U0267,P0034
U0267,P0035
U0267,P0036
U0267,P0037
U0267,P0038
U0267,P0039
U0267,P0040
U0267,P0041
U0267,P0042
U0267,P0043
U0267,P0044
U0267,P0045
U0267,P0046
U0267,P0047
U0267,P0048
U0267,P0049
U0267,P0050
U0267,P0051
U0267,P0052
U0267,P0053
U0267,P0054
U0267,P0055
U0267,P0056
U0267,P0057
U0267,P0058
U0267,P0059
U0267,P0060
U0267,P0061
U0267,P0062
U0267,P0063
U0267,P0064
U0267,P0065
U0267,P0066
U0267,P0067
U0267,P0068
U0267,P0069
U0267,P0070
U0267,P0071
U0267,P0072
U0267,P0073
U0267,P0074
U0267,P0075
U0267,P0076
U0267,P0077
U0267,P0078
U0267,P0079
U0267,P0080
U0267,P0081
U0267,P0082
U0267,P0083
U0267,P0084
U0267,P0085
U0267,P0086
U0267,P0087
U0267,P0088
U0267,P0089
U0267,P0090
U0267,P0091
U0267,P0092
U0267,P0093
U0267,P0094
U0267,P0095
U0267,P0096
U0267,P0097
U0267,P0098
U0267,P0099
U0267,P0100
U0267,P0101
U0267,P0102
U0267,P0103
U0267,P0104
U0267,P0105
U0267,P0106
U0267,P0107
U0267,P0108
U0267,P0109
U0267,P0110
U0267,P0111
U0267,P0112
U0267,P0113
U0267,P0114
U0267,P0115
U0267,P0116
U0267,P0117
U0267,P0118
U0267,P0119
U0267,P0120
U0267,P0121
U0267,P0122
U0267,P0123
U0267,P0124
U0267,P0125
U0267,P0126
U0267,P0127
U0267,P0128
U0267,P0129
U0267,P0130
U0267,P0133
U0267,P0246
U0267,P0247
U0267,P0248
U0267,P0249
U0267,P0250
U0268,P0027
U0268,P0028
U0268,P0029
U0268,P0030
U0268,P0031
U0268,P0032
U0268,P0033
U0268,P0034
U0268,P0035
U0268,P0036
U0268,P0037
U0268,P0038
U0268,P0039
U0268,P0040
U0268,P0041
U0268,P0042
U0268,P0043
U0268,P0044
U0268,P0045
U0268,P0046
U0268,P0047
U0268,P0048
U0268,P0049
U0268,P0050
U0268,P0051
U0268,P0052
U0268,P0053
U0268,P0054
U0268,P0055
U0268,P0056
U0268,P0057
U0268,P0058
U0268,P0059
U0268,P0060
U0268,P0061
U0268,P0062
U0268,P0063
U0268,P0064
U0268,P0065
U0268,P0066
U0268,P0067
U0268,P0068
U0268,P0069
U0268,P0070
U0268,P0071
U0268,P0072
U0268,P0073
U0268,P0074
U0268,P0075
U0268,P0076
U0268,P0077
U0268,P0078
U0268,P0079
U0268,P0080
U0268,P0081
U0268,P0082
U0268,P0083
U0268,P0084
U0268,P0085
U0268,P0086
U0268,P0087
U0268,P0088
U0268,P0089
U0268,P0090
U0268,P0091
U0268,P0092
U0268,P0093
U0268,P0094
U0268,P0095
U0268,P0096
U0268,P0097
U0268,P0098
U0268,P0099
U0268,P0100
U0268,P0101
U0268,P0102
U0268,P0103
U0268,P0104
U0268,P0105
U0268,P0106
U0268,P0107
U0268,P0108
U0268,P0109
U0268,P0110
U0268,P0111
U0268,P0112
U0268,P0113
U0268,P0114
U0268,P0115
U0268,P0116
U0268,P0117
U0268,P0118
U0268,P0119
U0268,P0120
U0268,P0121
U0268,P0122
U0268,P0123
U0268,P0124
U0268,P0125
U0268,P0126
U0268,P0127
U0268,P0128
U0268,P0129
U0268,P0130
U0268,P0246
U0268,P0247
U0268,P0248
U0268,P0249
U0268,P0250
U0269,P0027
U0269,P0028
U0269,P0029
U0269,P0030
U0269,P0031
U0269,P0032
U0269,P0033
U0269,P0034
U0269,P0035
U0269,P0036
U0269,P0037
U0269,P0038
U0269,P0039
U0269,P0040
U0269,P0041
U0269,P0042
U0269,P0043
U0269,P0044
U0269,P0045
U0269,P0046
U0269,P0047
U0269,P0048
U0269,P0049
U0269,P0050
U0269,P0051
U0269,P0052
U0269,P0053
U0269,P0054
U0269,P0055
U0269,P0056
U0269,P0057
U0269,P0058
U0269,P0059
U0269,P0060
U0269,P0061
U0269,P0062
U0269,P0063
U0269,P0064
U0269,P0065
U0269,P0066
U0269,P0067
U0269,P0068
U0269,P0069
U0269,P0070
U0269,P0071
U0269,P0072
U0269,P0073
U0269,P0074
U0269,P0075
U0269,P0076
U0269,P0077
U0269,P0078
U0269,P0079
U0269,P0080
U0269,P0081
U0269,P0082
U0269,P0083
U0269,P0084
U0269,P0085
U0269,P0086
U0269,P0087
U0269,P0088
U0269,P0089
U0269,P0090
U0269,P0091
U0269,P0092
U0269,P0093
U0269,P0094
U0269,P0095
U0269,P0096
U0269,P0097
U0269,P0098
U0269,P0099
U0269,P0100
U0269,P0101
U0269,P0102
U0269,P0103
U0269,P0104
U0269,P0105
U0269,P0106
U0269,P0107
U0269,P0108
U0269,P0109
U0269,P0110
U0269,P0111
U0269,P0112
U0269,P0113
U0269,P0114
U0269,P0115
U0269,P0116
U0269,P0117
U0269,P0118
U0269,P0119
U0269,P0120
U0269,P0121
U0269,P0122
U0269,P0123
U0269,P0124
U0269,P0125
U0269,P0126
U0269,P0127
U0269,P0128
U0269,P0129
U0269,P0130
U0269,P0246
U0269,P0247
U0269,P0248
U0269,P0249
U0269,P0250
U0270,P0027
U0270,P0028
U0270,P0029
U0270,P0030
U0270,P0031
U0270,P0032
U0270,P0033
U0270,P0034
U0270,P0035
U0270,P0036
U0270,P0037
U0270,P0038
U0270,P0039
U0270,P0040
U0270,P0041
U0270,P0042
U0270,P0043
U0270,P0044
U0270,P0045
U0270,P0046
U0270,P0047
U0270,P0048
U0270,P0049
U0270,P0050
U0270,P0051
U0270,P0052
U0270,P0053
U0270,P0054
U0270,P0055
U0270,P0056
U0270,P0057
U0270,P0058
U0270,P0059
U0270,P0060
U0270,P0061
U0270,P0062
U0270,P0063
U0270,P0064
U0270,P0065
U0270,P0066
U0270,P0067
U0270,P0068
U0270,P0069
U0270,P0070
U0270,P0071
U0270,P0072
U0270,P0073
U0270,P0074
U0270,P0075
U0270,P0076
U0270,P0077
U0270,P0078
U0270,P0079
U0270,P0080
U0270,P0081
U0270,P0082
U0270,P0083
U0270,P0084
U0270,P0085
U0270,P0086
U0270,P0087
U0270,P0088
U0270,P0089
U0270,P0090
U0270,P0091
U0270,P0092
U0270,P0093
U0270,P0094
U0270,P0095
U0270,P0096
U0270,P0097
U0270,P0098
U0270,P0099
U0270,P0100
U0270,P0101
U0270,P0102
U0270,P0103
U0270,P0104
U0270,P0105
U0270,P0106
U0270,P0107
U0270,P0108
U0270,P0109
U0270,P0110
U0270,P0111
U0270,P0112
U0270,P0113
U0270,P0114
U0270,P0115
U0270,P0116
U0270,P0117
U0270,P0118
U0270,P0119
U0270,P0120
U0270,P0121
U0270,P0122
U0270,P0123
U0270,P0124
U0270,P0125
U0270,P0126
U0270,P0127
U0270,P0128
U0270,P0129
U0270,P0130
U0270,P0246
U0270,P0247
U0270,P0248
U0270,P0249
U0270,P0250
U0271,P0027
U0271,P0028
U0271,P0029
U0271,P0030
U0271,P0031
U0271,P0032
U0271,P0033
U0271,P0034
U0271,P0035
U0271,P0036
U0271,P0037
U0271,P0038
U0271,P0039
U0271,P0040
U0271,P0041
U0271,P0042
U0271,P0043
U0271,P0044
U0271,P0045
U0271,P0046
U0271,P0047
U0271,P0048
U0271,P0049
U0271,P0050
U0271,P0051
U0271,P0052
U0271,P0053
U0271,P0054
U0271,P0055
U0271,P0056
U0271,P0057
U0271,P0058
U0271,P0059
U0271,P0060
U0271,P0061
U0271,P0062
U0271,P0063
U0271,P0064
U0271,P0065
U0271,P0067
U0271,P0068
U0271,P0069
U0271,P0070
U0271,P0071
U0271,P0072
U0271,P0073
U0271,P0074
U0271,P0075
U0271,P0076
U0271,P0077
U0271,P0078
U0271,P0079
U0271,P0080
U0271,P0081
U0271,P0082
U0271,P0083
U0271,P0084
U0271,P0085
U0271,P0086
U0271,P0087
U0271,P0088
U0271,P0089
U0271,P0090
U0271,P0091
U0271,P0092
U0271,P0093
U0271,P0094
U0271,P0095
U0271,P0096
U0271,P0097
U0271,P0098
U0271,P0099
U0271,P0100
U0271,P0101
U0271,P0102
U0271,P0103
U0271,P0104
U0271,P0105
U0271,P0106
U0271,P0107
U0271,P0108
U0271,P0109
U0271,P0110
U0271,P0111
U0271,P0112
U0271,P0113
U0271,P0114
U0271,P0115
U0271,P0116
U0271,P0117
U0271,P0118
U0271,P0119
U0271,P0120
U0271,P0121
U0271,P0122
U0271,P0123
U0271,P0124
U0271,P0125
U0271,P0126
U0271,P0127
U0271,P0128
U0271,P0129
U0271,P0130
U0271,P0246
U0271,P0247
U0271,P0248
U0271,P0249
U0271,P0250
U0272,P0027
U0272,P0028
U0272,P0029
U0272,P0030
U0272,P0031
U0272,P0032
U0272,P0033
U0272,P0034
U0272,P0035
U0272,P0036
U0272,P0037
U0272,P0038
U0272,P0039
U0272,P0040
U0272,P0041
U0272,P0042
U0272,P0043
U0272,P0044
U0272,P0045
U0272,P0046
U0272,P0047
U0272,P0048
U0272,P0049
U0272,P0050
U0272,P0051
U0272,P0052
U0272,P0053
U0272,P0054
U0272,P0055
U0272,P0056
U0272,P0057
U0272,P0058
U0272,P0059
U0272,P0060
U0272,P0061
U0272,P0062
U0272,P0063
U0272,P0064
U0272,P0065
U0272,P0066
U0272,P0067
U0272,P0068
U0272,P0069
U0272,P0070
U0272,P0071
U0272,P0072
U0272,P0073
U0272,P0074
U0272,P0075
U0272,P0076
U0272,P0077
U0272,P0078
U0272,P0079
U0272,P0080
U0272,P0081
U0272,P0082
U0272,P0083
U0272,P0084
U0272,P0085
U0272,P0086
U0272,P0087
U0272,P0088
U0272,P0089
U0272,P0090
U0272,P0091
U0272,P0092
U0272,P0093
U0272,P0094
U0272,P0095
U0272,P0096
U0272,P0097
U0272,P0098
U0272,P0099
U0272,P0100
U0272,P0101
U0272,P0102
U0272,P0103
U0272,P0104
U0272,P0105
U0272,P0106
U0272,P0107
U0272,P0108
U0272,P0109
U0272,P0110
U0272,P0111
U0272,P0112
U0272,P0113
U0272,P0114
U0272,P0115
U0272,P0116
U0272,P0117
U0272,P0118
U0272,P0119
U0272,P0120
U0272,P0121
U0272,P0122
U0272,P0123
U0272,P0124
U0272,P0125
U0272,P0126
U0272,P0127
U0272,P0128
U0272,P0129
U0272,P0130
U0272,P0246
U0272,P0247
U0272,P0248
U0272,P0249
U0272,P0250
U0273,P0002
U0273,P0003
U0273,P0009
U0273,P0023
U0273,P0024
U0273,P0025
U0273,P0027
U0273,P0028
U0273,P0029
U0273,P0030
U0273,P0031
U0273,P0032
U0273,P0033
U0273,P0034
U0273,P0035
U0273,P0036
U0273,P0037
U0273,P0038
U0273,P0039
U0273,P0040
U0273,P0041
U0273,P0042
U0273,P0044
U0273,P0045
U0273,P0046
U0273,P0047
U0273,P0048
U0273,P0049
U0273,P0050
U0273,P0051
U0273,P0052
U0273,P0053
U0273,P0054
U0273,P0055
U0273,P0056
U0273,P0057
U0273,P0058
U0273,P0059
U0273,P0060
U0273,P0061
U0273,P0062
U0273,P0063
U0273,P0064
U0273,P0065
U0273,P0066
U0273,P0067
U0273,P0068
U0273,P0069
U0273,P0070
U0273,P0071
U0273,P0072
U0273,P0073
U0273,P0074
U0273,P0075
U0273,P0076
U0273,P0077
U0273,P0078
U0273,P0079
U0273,P0080
U0273,P0081
U0273,P0082
U0273,P0083
U0273,P0084
U0273,P0085
U0273,P0086
U0273,P0087
U0273,P0088
U0273,P0089
U0273,P0090
U0273,P0091
U0273,P0092
U0273,P0093
U0273,P0094
U0273,P0095
U0273,P0096
U0273,P0097
U0273,P0098
U0273,P0099
U0273,P0100
U0273,P0101
U0273,P0102
U0273,P0103
U0273,P0104
U0273,P0105
U0273,P0106
U0273,P0107
U0273,P0108
U0273,P0109
U0273,P0110
U0273,P0111
U0273,P0112
U0273,P0113
U0273,P0114
U0273,P0115
U0273,P0116
U0273,P0117
U0273,P0118
U0273,P0119
U0273,P0120
U0273,P0121
U0273,P0122
U0273,P0123
U0273,P0124
U0273,P0125
U0273,P0126
U0273,P0127
U0273,P0128
U0273,P0129
U0273,P0130
U0273,P0131
U0273,P0132
U0273,P0133
U0273,P0134
U0273,P0135
U0273,P0136
U0273,P0137
U0273,P0138
U0273,P0139
U0273,P0140
U0273,P0144
U0273,P0145
U0273,P0146
U0273,P0147
U0273,P0148
U0273,P0149
U0273,P0150
U0273,P0151
U0273,P0152
U0273,P0153
U0273,P0154
U0273,P0155
U0273,P0156
U0273,P0157
U0273,P0158
U0273,P0159
U0273,P0160
U0273,P0161
U0273,P0162
U0273,P0163
U0273,P0164
U0273,P0165
U0273,P0166
U0273,P0167
U0273,P0168
U0273,P0169
U0273,P0170
U0273,P0171
U0273,P0172
U0273,P0173
U0273,P0174
U0273,P0175
U0273,P0176
U0273,P0177
U0273,P0178
U0273,P0179
U0273,P0180
U0273,P0181
U0273,P0182
U0273,P0183
U0273,P0184
U0273,P0185
U0273,P0186
U0273,P0187
U0273,P0188
U0273,P0189
U0273,P0190
U0273,P0191
U0273,P0192
U0273,P0193
U0273,P0194
U0273,P0195
U0273,P0196
U0273,P0197
U0273,P0198
U0273,P0199
U0273,P0200
U0273,P0201
U0273,P0202
U0273,P0203
U0273,P0204
U0273,P0205
U0273,P0206
U0273,P0207
U0273,P0208
U0273,P0209
U0273,P0210
U0273,P0211
U0273,P0212
U0273,P0213
U0273,P0214
U0273,P0215
U0273,P0216
U0273,P0217
U0273,P0218
U0273,P0219
U0273,P0220
U0273,P0221
U0273,P0222
U0273,P0223
U0273,P0224
U0273,P0225
U0273,P0226
U0273,P0227
U0273,P0228
U0273,P0229
U0273,P0230
U0273,P0231
U0273,P0232
U0273,P0233
U0273,P0234
U0273,P0235
U0273,P0236
U0273,P0237
U0273,P0238
U0273,P0239
U0273,P0240
U0273,P0241
U0273,P0246
U0273,P0247
U0273,P0248
U0273,P0249
U0273,P0250
U0274,P0027
U0274,P0028
U0274,P0029
U0274,P0030
U0274,P0031
U0274,P0032
U0274,P0033
U0274,P0034
U0274,P0035
U0274,P0036
U0274,P0037
U0274,P0038
U0274,P0039
U0274,P0040
U0274,P0041
U0274,P0042
U0274,P0043
U0274,P0044
U0274,P0045
U0274,P0046
U0274,P0047
U0274,P0048
U0274,P0049
U0274,P0050
U0274,P0051
U0274,P0052
U0274,P0053
U0274,P0054
U0274,P0055
U0274,P0056
U0274,P0057
U0274,P0058
U0274,P0059
U0274,P0060
U0274,P0061
U0274,P0062
U0274,P0063
U0274,P0064
U0274,P0065
U0274,P0066
U0274,P0067
U0274,P0068
U0274,P0069
U0274,P0070
U0274,P0071
U0274,P0072
U0274,P0073
U0274,P0074
U0274,P0075
U0274,P0076
U0274,P0077
U0274,P0078
U0274,P0079
U0274,P0080
U0274,P0081
U0274,P0082
U0274,P0083
U0274,P0084
U0274,P0085
U0274,P0086
U0274,P0087
U0274,P0088
U0274,P0089
U0274,P0090
U0274,P0091
U0274,P0092
U0274,P0093
U0274,P0094
U0274,P0095
U0274,P0096
U0274,P0097
U0274,P0098
U0274,P0099
U0274,P0100
U0274,P0101
U0274,P0102
U0274,P0103
U0274,P0104
U0274,P0105
U0274,P0106
U0274,P0107
U0274,P0108
U0274,P0109
U0274,P0110
U0274,P0111
U0274,P0112
U0274,P0113
U0274,P0114
U0274,P0115
U0274,P0116
U0274,P0117
U0274,P0118
U0274,P0119
U0274,P0120
U0274,P0121
U0274,P0122
U0274,P0123
U0274,P0124
U0274,P0125
U0274,P0126
U0274,P0127
U0274,P0128
U0274,P0129
U0274,P0130
U0274,P0246
U0274,P0247
U0274,P0248
U0274,P0249
U0274,P0250
U0275,P0027
U0275,P0028
U0275,P0029
U0275,P0030
U0275,P0031
U0275,P0032
U0275,P0033
U0275,P0034
U0275,P0035
U0275,P0036
U0275,P0037
U0275,P0038
U0275,P0039
U0275,P0040
U0275,P0041
U0275,P0042
U0275,P0043
U0275,P0044
U0275,P0045
U0275,P0046
U0275,P0047
U0275,P0048
U0275,P0049
U0275,P0050
U0275,P0051
U0275,P0052
U0275,P0053
U0275,P0054
U0275,P0055
U0275,P0056
U0275,P0057
U0275,P0058
U0275,P0059
U0275,P0060
U0275,P0061
U0275,P0062
U0275,P0063
U0275,P0064
U0275,P0065
U0275,P0066
U0275,P0067
U0275,P0068
U0275,P0069
U0275,P0070
U0275,P0071
U0275,P0072
U0275,P0073
U0275,P0074
U0275,P0075
U0275,P0076
U0275,P0077
U0275,P0078
U0275,P0079
U0275,P0080
U0275,P0081
U0275,P0082
U0275,P0083
U0275,P0084
U0275,P0085
U0275,P0086
U0275,P0087
U0275,P0088
U0275,P0089
U0275,P0090
U0275,P0091
U0275,P0092
U0275,P0093
U0275,P0094
U0275,P0095
U0275,P0096
U0275,P0097
U0275,P0098
U0275,P0099
U0275,P0100
U0275,P0101
U0275,P0102
U0275,P0103
U0275,P0104
U0275,P0105
U0275,P0106
U0275,P0107
U0275,P0108
U0275,P0109
U0275,P0110
U0275,P0111
U0275,P0112
U0275,P0113
U0275,P0114
U0275,P0115
U0275,P0116
U0275,P0117
U0275,P0118
U0275,P0119
U0275,P0120
U0275,P0121
U0275,P0122
U0275,P0123
U0275,P0124
U0275,P0125
U0275,P0126
U0275,P0127
U0275,P0128
U0275,P0129
U0275,P0130
U0275,P0246
U0275,P0247
U0275,P0248
U0275,P0249
U0275,P0250
U0275,P0301
U0275,P0302
U0275,P0303
U0275,P0304
U0275,P0305
U0275,P0306
U0275,P0307
U0275,P0308
U0275,P0309
U0275,P0310
U0275,P0311
U0275,P0312
U0276,P0027
U0276,P0028
U0276,P0029
U0276,P0030
U0276,P0031
U0276,P0032
U0276,P0033
U0276,P0034
U0276,P0035
U0276,P0036
U0276,P0037
U0276,P0038
U0276,P0039
U0276,P0040
U0276,P0041
U0276,P0042
U0276,P0043
U0276,P0044
U0276,P0045
U0276,P0046
U0276,P0047
U0276,P0048
U0276,P0049
U0276,P0050
U0276,P0051
U0276,P0052
U0276,P0053
U0276,P0054
U0276,P0055
U0276,P0056
U0276,P0057
U0276,P0058
U0276,P0059
U0276,P0060
U0276,P0061
U0276,P0062
U0276,P0063
U0276,P0064
U0276,P0065
U0276,P0066
U0276,P0067
U0276,P0068
U0276,P0069
U0276,P0070
U0276,P0071
U0276,P0072
U0276,P0073
U0276,P0074
U0276,P0075
U0276,P0076
U0276,P0077
U0276,P0078
U0276,P0079
U0276,P0080
U0276,P0081
U0276,P0082
U0276,P0083
U0276,P0084
U0276,P0085
U0276,P0086
U0276,P0087
U0276,P0088
U0276,P0089
U0276,P0090
U0276,P0091
U0276,P0092
U0276,P0093
U0276,P0094
U0276,P0095
U0276,P0096
U0276,P0097
U0276,P0098
U0276,P0099
U0276,P0100
U0276,P0101
U0276,P0102
U0276,P0103
U0276,P0104
U0276,P0105
U0276,P0106
U0276,P0107
U0276,P0108
U0276,P0109
U0276,P0110
U0276,P0111
U0276,P0112
U0276,P0113
U0276,P0114
U0276,P0115
U0276,P0116
U0276,P0117
U0276,P0118
U0276,P0119
U0276,P0120
U0276,P0121
U0276,P0122
U0276,P0123
U0276,P0124
U0276,P0125
U0276,P0126
U0276,P0127
U0276,P0128
U0276,P0129
U0276,P0130
U0276,P0246
U0276,P0247
U0276,P0248
U0276,P0249
U0276,P0250
U0277,P0027
U0277,P0028
U0277,P0029
U0277,P0030
U0277,P0031
U0277,P0032
U0277,P0033
U0277,P0034
U0277,P0035
U0277,P0036
U0277,P0037
U0277,P0038
U0277,P0039
U0277,P0040
U0277,P0041
U0277,P0042
U0277,P0043
U0277,P0044
U0277,P0045
U0277,P0046
U0277,P0047
U0277,P0048
U0277,P0049
U0277,P0050
U0277,P0051
U0277,P0052
U0277,P0053
U0277,P0054
U0277,P0055
U0277,P0056
U0277,P0057
U0277,P0058
U0277,P0059
U0277,P0060
U0277,P0061
U0277,P0062
U0277,P0063
U0277,P0064
U0277,P0065
U0277,P0066
U0277,P0067
U0277,P0068
U0277,P0069
U0277,P0070
U0277,P0071
U0277,P0072
U0277,P0073
U0277,P0074
U0277,P0075
U0277,P0076
U0277,P0077
U0277,P0078
U0277,P0079
U0277,P0080
U0277,P0081
U0277,P0082
U0277,P0083
U0277,P0084
U0277,P0085
U0277,P0086
U0277,P0087
U0277,P0088
U0277,P0089
U0277,P0090
U0277,P0091
U0277,P0092
U0277,P0093
U0277,P0094
U0277,P0095
U0277,P0096
U0277,P0097
U0277,P0098
U0277,P0099
U0277,P0100
U0277,P0101
U0277,P0102
U0277,P0103
U0277,P0104
U0277,P0105
U0277,P0106
U0277,P0107
U0277,P0108
U0277,P0109
U0277,P0110
U0277,P0111
U0277,P0112
U0277,P0113
U0277,P0114
U0277,P0115
U0277,P0116
U0277,P0117
U0277,P0118
U0277,P0119
U0277,P0120
U0277,P0121
U0277,P0122
U0277,P0123
U0277,P0124
U0277,P0125
U0277,P0126
U0277,P0127
U0277,P0128
U0277,P0129
U0277,P0130
U0277,P0246
U0277,P0247
U0277,P0248
U0277,P0249
U0277,P0250
U0278,P0027
U0278,P0028
U0278,P0029
U0278,P0030
U0278,P0031
U0278,P0032
U0278,P0033
U0278,P0034
U0278,P0035
U0278,P0036
U0278,P0037
U0278,P0038
U0278,P0039
U0278,P0040
U0278,P0041
U0278,P0042
U0278,P0043
U0278,P0044
U0278,P0045
U0278,P0046
U0278,P0047
U0278,P0048
U0278,P0049
U0278,P0050
U0278,P0051
U0278,P0052
U0278,P0053
U0278,P0054
U0278,P0055
U0278,P0056
U0278,P0057
U0278,P0058
U0278,P0059
U0278,P0060
U0278,P0061
U0278,P0062
U0278,P0063
U0278,P0064
U0278,P0065
U0278,P0066
U0278,P0067
U0278,P0068
U0278,P0069
U0278,P0070
U0278,P0071
U0278,P0072
U0278,P0073
U0278,P0074
U0278,P0075
U0278,P0076
U0278,P0077
U0278,P0078
U0278,P0079
U0278,P0080
U0278,P0081
U0278,P0082
U0278,P0083
U0278,P0084
U0278,P0085
U0278,P0086
U0278,P0087
U0278,P0088
U0278,P0089
U0278,P0090
U0278,P0091
U0278,P0092
U0278,P0093
U0278,P0094
U0278,P0095
U0278,P0096
U0278,P0097
U0278,P0098
U0278,P0099
U0278,P0100
U0278,P0101
U0278,P0102
U0278,P0103
U0278,P0104
U0278,P0105
U0278,P0106
U0278,P0107
U0278,P0108
U0278,P0109
U0278,P0110
U0278,P0111
U0278,P0112
U0278,P0113
U0278,P0114
U0278,P0115
U0278,P0116
U0278,P0117
U0278,P0118
U0278,P0119
U0278,P0120
U0278,P0121
U0278,P0122
U0278,P0123
U0278,P0124
U0278,P0125
U0278,P0126
U0278,P0127
U0278,P0128
U0278,P0129
U0278,P0130
U0278,P0246
U0278,P0247
U0278,P0248
U0278,P0249
U0278,P0250
U0279,P0027
U0279,P0028
U0279,P0029
U0279,P0030
U0279,P0031
U0279,P0032
U0279,P0033
U0279,P0034
U0279,P0035
U0279,P0036
U0279,P0037
U0279,P0038
U0279,P0039
U0279,P0040
U0279,P0041
U0279,P0042
U0279,P0043
U0279,P0044
U0279,P0045
U0279,P0046
U0279,P0047
U0279,P0048
U0279,P0049
U0279,P0050
U0279,P0051
U0279,P0052
U0279,P0053
U0279,P0054
U0279,P0055
U0279,P0056
U0279,P0057
U0279,P0058
U0279,P0059
U0279,P0060
U0279,P0061
U0279,P0062
U0279,P0063
U0279,P0064
U0279,P0065
U0279,P0066
U0279,P0067
U0279,P0068
U0279,P0069
U0279,P0070
U0279,P0071
U0279,P0072
U0279,P0073
U0279,P0074
U0279,P0075
U0279,P0076
U0279,P0077
U0279,P0078
U0279,P0079
U0279,P0080
U0279,P0081
U0279,P0082
U0279,P0083
U0279,P0084
U0279,P0085
U0279,P0086
U0279,P0087
U0279,P0088
U0279,P0089
U0279,P0090
U0279,P0091
U0279,P0092
U0279,P0093
U0279,P0094
U0279,P0095
U0279,P0096
U0279,P0097
U0279,P0098
U0279,P0099
U0279,P0100
U0279,P0101
U0279,P0102
U0279,P0103
U0279,P0104
U0279,P0105
U0279,P0106
U0279,P0107
U0279,P0108
U0279,P0109
U0279,P0110
U0279,P0111
U0279,P0112
U0279,P0113
U0279,P0114
U0279,P0115
U0279,P0116
U0279,P0117
U0279,P0118
U0279,P0119
U0279,P0120
U0279,P0121
U0279,P0122
U0279,P0123
U0279,P0124
U0279,P0125
U0279,P0126
U0279,P0127
U0279,P0128
U0279,P0129
U0279,P0130
U0279,P0246
U0279,P0247
U0279,P0248
U0279,P0249
U0279,P0250
U0280,P0027
U0280,P0028
U0280,P0029
U0280,P0030
U0280,P0031
U0280,P0032
U0280,P0033
U0280,P0034
U0280,P0035
U0280,P0036
U0280,P0037
U0280,P0038
U0280,P0039
U0280,P0040
U0280,P0041
U0280,P0042
U0280,P0043
U0280,P0044
U0280,P0045
U0280,P0046
U0280,P0047
U0280,P0048
U0280,P0049
U0280,P0050
U0280,P0051
U0280,P0052
U0280,P0053
U0280,P0054
U0280,P0055
U0280,P0056
U0280,P0057
U0280,P0058
U0280,P0059
U0280,P0060
U0280,P0061
U0280,P0062
U0280,P0063
U0280,P0064
U0280,P0065
U0280,P0066
U0280,P0067
U0280,P0068
U0280,P0069
U0280,P0070
U0280,P0071
U0280,P0072
U0280,P0073
U0280,P0074
U0280,P0075
U0280,P0076
U0280,P0077
U0280,P0078
U0280,P0079
U0280,P0080
U0280,P0081
U0280,P0082
U0280,P0083
U0280,P0084
U0280,P0085
U0280,P0086
U0280,P0087
U0280,P0088
U0280,P0089
U0280,P0090
U0280,P0091
U0280,P0092
U0280,P0093
U0280,P0094
U0280,P0095
U0280,P0096
U0280,P0097
U0280,P0098
U0280,P0099
U0280,P0100
U0280,P0101
U0280,P0102
U0280,P0103
U0280,P0104
U0280,P0105
U0280,P0106
U0280,P0107
U0280,P0108
U0280,P0109
U0280,P0110
U0280,P0111
U0280,P0112
U0280,P0113
U0280,P0114
U0280,P0115
U0280,P0116
U0280,P0117
U0280,P0118
U0280,P0119
U0280,P0120
U0280,P0121
U0280,P0122
U0280,P0123
U0280,P0124
U0280,P0125
U0280,P0126
U0280,P0127
U0280,P0128
U0280,P0129
U0280,P0130
U0280,P0246
U0280,P0247
U0280,P0248
U0280,P0249
U0280,P0250
U0281,P0027
U0281,P0028
U0281,P0029
U0281,P0030
U0281,P0031
U0281,P0032
U0281,P0033
U0281,P0034
U0281,P0035
U0281,P0036
U0281,P0037
U0281,P0038
U0281,P0039
U0281,P0040
U0281,P0041
U0281,P0042
U0281,P0043
U0281,P0044
U0281,P0045
U0281,P0046
U0281,P0047
U0281,P0048
U0281,P0049
U0281,P0050
U0281,P0051
U0281,P0052
U0281,P0053
U0281,P0054
U0281,P0055
U0281,P0056
U0281,P0057
U0281,P0058
U0281,P0059
U0281,P0060
U0281,P0061
U0281,P0062
U0281,P0063
U0281,P0064
U0281,P0065
U0281,P0066
U0281,P0067
U0281,P0068
U0281,P0069
U0281,P0070
U0281,P0071
U0281,P0072
U0281,P0073
U0281,P0074
U0281,P0075
U0281,P0076
U0281,P0077
U0281,P0078
U0281,P0079
U0281,P0080
U0281,P0081
U0281,P0082
U0281,P0083
U0281,P0084
U0281,P0085
U0281,P0086
U0281,P0087
U0281,P0088
U0281,P0089
U0281,P0090
U0281,P0091
U0281,P0092
U0281,P0093
U0281,P0094
U0281,P0095
U0281,P0096
U0281,P0097
U0281,P0098
U0281,P0099
U0281,P0100
U0281,P0101
U0281,P0102
U0281,P0103
U0281,P0104
U0281,P0105
U0281,P0106
U0281,P0107
U0281,P0108
U0281,P0109
U0281,P0110
U0281,P0111
U0281,P0112
U0281,P0113
U0281,P0114
U0281,P0115
U0281,P0116
U0281,P0117
U0281,P0118
U0281,P0119
U0281,P0120
U0281,P0121
U0281,P0122
U0281,P0123
U0281,P0124
U0281,P0125
U0281,P0126
U0281,P0127
U0281,P0128
U0281,P0129
U0281,P0130
U0281,P0246
U0281,P0247
U0281,P0248
U0281,P0249
U0281,P0250
U0282,P0027
U0282,P0028
U0282,P0029
U0282,P0030
U0282,P0031
U0282,P0032
U0282,P0033
U0282,P0034
U0282,P0035
U0282,P0036
U0282,P0037
U0282,P0038
U0282,P0039
U0282,P0040
U0282,P0041
U0282,P0042
U0282,P0043
U0282,P0044
U0282,P0045
U0282,P0046
U0282,P0047
U0282,P0048
U0282,P0049
U0282,P0050
U0282,P0051
U0282,P0052
U0282,P0053
U0282,P0054
U0282,P0055
U0282,P0056
U0282,P0057
U0282,P0058
U0282,P0059
U0282,P0060
U0282,P0061
U0282,P0062
U0282,P0063
U0282,P0064
U0282,P0065
U0282,P0066
U0282,P0067
U0282,P0068
U0282,P0069
U0282,P0070
U0282,P0071
U0282,P0072
U0282,P0073
U0282,P0074
U0282,P0075
U0282,P0076
U0282,P0077
U0282,P0078
U0282,P0079
U0282,P0080
U0282,P0081
U0282,P0082
U0282,P0083
U0282,P0084
U0282,P0085
U0282,P0086
U0282,P0087
U0282,P0088
U0282,P0089
U0282,P0090
U0282,P0091
U0282,P0092
U0282,P0093
U0282,P0094
U0282,P0095
U0282,P0096
U0282,P0097
U0282,P0098
U0282,P0099
U0282,P0100
U0282,P0101
U0282,P0102
U0282,P0103
U0282,P0104
U0282,P0105
U0282,P0106
U0282,P0107
U0282,P0108
U0282,P0109
U0282,P0110
U0282,P0111
U0282,P0112
U0282,P0113
U0282,P0114
U0282,P0115
U0282,P0116
U0282,P0117
U0282,P0118
U0282,P0119
U0282,P0120
U0282,P0121
U0282,P0122
U0282,P0123
U0282,P0124
U0282,P0125
U0282,P0126
U0282,P0127
U0282,P0128
U0282,P0129
U0282,P0130
U0282,P0246
U0282,P0247
U0282,P0248
U0282,P0249
U0282,P0250
U0283,P0027
U0283,P0028
U0283,P0029
U0283,P0030
U0283,P0031
U0283,P0032
U0283,P0033
U0283,P0034
U0283,P0035
U0283,P0036
U0283,P0037
U0283,P0038
U0283,P0039
U0283,P0040
U0283,P0041
U0283,P0042
U0283,P0043
U0283,P0044
U0283,P0045
U0283,P0046
U0283,P0047
U0283,P0048
U0283,P0049
U0283,P0050
U0283,P0051
U0283,P0052
U0283,P0053
U0283,P0054
U0283,P0055
U0283,P0056
U0283,P0057
U0283,P0058
U0283,P0059
U0283,P0060
U0283,P0061
U0283,P0062
U0283,P0063
U0283,P0064
U0283,P0065
U0283,P0066
U0283,P0067
U0283,P0068
U0283,P0069
U0283,P0070
U0283,P0071
U0283,P0072
U0283,P0073
U0283,P0074
U0283,P0075
U0283,P0076
U0283,P0077
U0283,P0078
U0283,P0079
U0283,P0080
U0283,P0081
U0283,P0082
U0283,P0083
U0283,P0084
U0283,P0085
U0283,P0086
U0283,P0087
U0283,P0088
U0283,P0089
U0283,P0090
U0283,P0091
U0283,P0092
U0283,P0093
U0283,P0094
U0283,P0095
U0283,P0096
U0283,P0097
U0283,P0098
U0283,P0099
U0283,P0100
U0283,P0101
U0283,P0102
U0283,P0103
U0283,P0104
U0283,P0105
U0283,P0106
U0283,P0107
U0283,P0108
U0283,P0109
U0283,P0110
U0283,P0111
U0283,P0112
U0283,P0113
U0283,P0114
U0283,P0115
U0283,P0116
U0283,P0117
U0283,P0118
U0283,P0119
U0283,P0120
U0283,P0121
U0283,P0122
U0283,P0123
U0283,P0124
U0283,P0125
U0283,P0126
U0283,P0127
U0283,P0128
U0283,P0129
U0283,P0130
U0283,P0246
U0283,P0247
U0283,P0248
U0283,P0249
U0283,P0250
U0284,P0027
U0284,P0028
U0284,P0029
U0284,P0030
U0284,P0031
U0284,P0032
U0284,P0033
U0284,P0034
U0284,P0035
U0284,P0036
U0284,P0037
U0284,P0038
U0284,P0039
U0284,P0040
U0284,P0041
U0284,P0042
U0284,P0043
U0284,P0044
U0284,P0045
U0284,P0046
U0284,P0047
U0284,P0048
U0284,P0049
U0284,P0050
U0284,P0051
U0284,P0052
U0284,P0053
U0284,P0054
U0284,P0055
U0284,P0056
U0284,P0057
U0284,P0058
U0284,P0059
U0284,P0060
U0284,P0061
U0284,P0062
U0284,P0063
U0284,P0064
U0284,P0065
U0284,P0066
U0284,P0067
U0284,P0068
U0284,P0069
U0284,P0070
U0284,P0071
U0284,P0072
U0284,P0073
U0284,P0074
U0284,P0075
U0284,P0076
U0284,P0077
U0284,P0078
U0284,P0079
U0284,P0080
U0284,P0081
U0284,P0082
U0284,P0083
U0284,P0084
U0284,P0085
U0284,P0086
U0284,P0087
U0284,P0088
U0284,P0089
U0284,P0090
U0284,P0091
U0284,P0092
U0284,P0093
U0284,P0094
U0284,P0095
U0284,P0096
U0284,P0097
U0284,P0098
U0284,P0099
U0284,P0100
U0284,P0101
U0284,P0102
U0284,P0103
U0284,P0104
U0284,P0105
U0284,P0106
U0284,P0107
U0284,P0108
U0284,P0109
U0284,P0110
U0284,P0111
U0284,P0112
U0284,P0113
U0284,P0114
U0284,P0115
U0284,P0116
U0284,P0117
U0284,P0118
U0284,P0119
U0284,P0120
U0284,P0121
U0284,P0122
U0284,P0123
U0284,P0124
U0284,P0125
U0284,P0126
U0284,P0127
U0284,P0128
U0284,P0129
U0284,P0130
U0284,P0246
U0284,P0247
U0284,P0248
U0284,P0249
U0284,P0250
U0285,P0027
U0285,P0028
U0285,P0029
U0285,P0030
U0285,P0031
U0285,P0032
U0285,P0033
U0285,P0034
U0285,P0035
U0285,P0036
U0285,P0037
U0285,P0038
U0285,P0039
U0285,P0040
U0285,P0041
U0285,P0042
U0285,P0043
U0285,P0044
U0285,P0045
U0285,P0046
U0285,P0047
U0285,P0048
U0285,P0049
U0285,P0050
U0285,P0051
U0285,P0052
U0285,P0053
U0285,P0054
U0285,P0055
U0285,P0056
U0285,P0057
U0285,P0058
U0285,P0059
U0285,P0060
U0285,P0061
U0285,P0062
U0285,P0063
U0285,P0064
U0285,P0065
U0285,P0066
U0285,P0067
U0285,P0068
U0285,P0069
U0285,P0070
U0285,P0071
U0285,P0072
U0285,P0073
U0285,P0074
U0285,P0075
U0285,P0076
U0285,P0077
U0285,P0078
U0285,P0079
U0285,P0080
U0285,P0081
U0285,P0082
U0285,P0083
U0285,P0084
U0285,P0085
U0285,P0086
U0285,P0087
U0285,P0088
U0285,P0089
U0285,P0090
U0285,P0091
U0285,P0092
U0285,P0093
U0285,P0094
U0285,P0095
U0285,P0096
U0285,P0097
U0285,P0098
U0285,P0099
U0285,P0100
U0285,P0101
U0285,P0102
U0285,P0103
U0285,P0104
U0285,P0105
U0285,P0106
U0285,P0107
U0285,P0108
U0285,P0109
U0285,P0110
U0285,P0111
U0285,P0112
U0285,P0113
U0285,P0114
U0285,P0115
U0285,P0116
U0285,P0117
U0285,P0118
U0285,P0119
U0285,P0120
U0285,P0121
U0285,P0122
U0285,P0123
U0285,P0124
U0285,P0125
U0285,P0126
U0285,P0127
U0285,P0128
U0285,P0129
U0285,P0130
U0285,P0246
U0285,P0247
U0285,P0248
U0285,P0249
U0285,P0250
U0286,P0027
U0286,P0028
U0286,P0029
U0286,P0030
U0286,P0031
U0286,P0032
U0286,P0033
U0286,P0034
U0286,P0035
U0286,P0036
U0286,P0037
U0286,P0038
U0286,P0039
U0286,P0040
U0286,P0041
U0286,P0042
U0286,P0043
U0286,P0044
U0286,P0045
U0286,P0046
U0286,P0047
U0286,P0048
U0286,P0049
U0286,P0050
U0286,P0051
U0286,P0052
U0286,P0053
U0286,P0054
U0286,P0055
U0286,P0056
U0286,P0057
U0286,P0058
U0286,P0059
U0286,P0060
U0286,P0061
U0286,P0062
U0286,P0063
U0286,P0064
U0286,P0065
U0286,P0066
U0286,P0067
U0286,P0068
U0286,P0069
U0286,P0070
U0286,P0071
U0286,P0072
U0286,P0073
U0286,P0074
U0286,P0075
U0286,P0076
U0286,P0077
U0286,P0078
U0286,P0079
U0286,P0080
U0286,P0081
U0286,P0082
U0286,P0083
U0286,P0084
U0286,P0085
U0286,P0086
U0286,P0087
U0286,P0088
U0286,P0089
U0286,P0090
U0286,P0091
U0286,P0092
U0286,P0093
U0286,P0094
U0286,P0095
U0286,P0096
U0286,P0097
U0286,P0098
U0286,P0099
U0286,P0100
U0286,P0101
U0286,P0102
U0286,P0103
U0286,P0104
U0286,P0105
U0286,P0106
U0286,P0107
U0286,P0108
U0286,P0109
U0286,P0110
U0286,P0111
U0286,P0112
U0286,P0113
U0286,P0114
U0286,P0115
U0286,P0116
U0286,P0117
U0286,P0118
U0286,P0119
U0286,P0120
U0286,P0121
U0286,P0122
U0286,P0123
U0286,P0124
U0286,P0125
U0286,P0126
U0286,P0127
U0286,P0128
U0286,P0129
U0286,P0130
U0287,P0027
U0287,P0028
U0287,P0029
U0287,P0030
U0287,P0031
U0287,P0032
U0287,P0033
U0287,P0034
U0287,P0035
U0287,P0036
U0287,P0037
U0287,P0038
U0287,P0039
U0287,P0040
U0287,P0041
U0287,P0042
U0287,P0043
U0287,P0044
U0287,P0045
U0287,P0046
U0287,P0047
U0287,P0048
U0287,P0049
U0287,P0050
U0287,P0051
U0287,P0052
U0287,P0053
U0287,P0054
U0287,P0055
U0287,P0056
U0287,P0057
U0287,P0058
U0287,P0059
U0287,P0060
U0287,P0061
U0287,P0062
U0287,P0063
U0287,P0064
U0287,P0065
U0287,P0066
U0287,P0067
U0287,P0068
U0287,P0069
U0287,P0070
U0287,P0071
U0287,P0072
U0287,P0073
U0287,P0074
U0287,P0075
U0287,P0076
U0287,P0077
U0287,P0078
U0287,P0079
U0287,P0080
U0287,P0081
U0287,P0082
U0287,P0083
U0287,P0084
U0287,P0085
U0287,P0086
U0287,P0087
U0287,P0088
U0287,P0089
U0287,P0090
U0287,P0091
U0287,P0092
U0287,P0093
U0287,P0094
U0287,P0095
U0287,P0096
U0287,P0097
U0287,P0098
U0287,P0099
U0287,P0100
U0287,P0101
U0287,P0102
U0287,P0103
U0287,P0104
U0287,P0105
U0287,P0106
U0287,P0107
U0287,P0108
U0287,P0109
U0287,P0110
U0287,P0111
U0287,P0112
U0287,P0113
U0287,P0114
U0287,P0115
U0287,P0116
U0287,P0117
U0287,P0118
U0287,P0119
U0287,P0120
U0287,P0121
U0287,P0122
U0287,P0123
U0287,P0124
U0287,P0125
U0287,P0126
U0287,P0127
U0287,P0128
U0287,P0129
U0287,P0130
U0287,P0246
U0287,P0247
U0287,P0248
U0287,P0249
U0287,P0250
U0287,P0251
U0287,P0252
U0287,P0254
U0287,P0255
U0287,P0256
U0287,P0257
U0287,P0258
U0287,P0259
U0288,P0027
U0288,P0028
U0288,P0029
U0288,P0030
U0288,P0031
U0288,P0032
U0288,P0033
U0288,P0034
U0288,P0035
U0288,P0036
U0288,P0037
U0288,P0038
U0288,P0039
U0288,P0040
U0288,P0041
U0288,P0042
U0288,P0043
U0288,P0044
U0288,P0045
U0288,P0046
U0288,P0047
U0288,P0048
U0288,P0049
U0288,P0050
U0288,P0051
U0288,P0052
U0288,P0053
U0288,P0054
U0288,P0055
U0288,P0056
U0288,P0057
U0288,P0058
U0288,P0059
U0288,P0060
U0288,P0061
U0288,P0062
U0288,P0063
U0288,P0064
U0288,P0065
U0288,P0066
U0288,P0067
U0288,P0068
U0288,P0069
U0288,P0070
U0288,P0071
U0288,P0072
U0288,P0073
U0288,P0074
U0288,P0075
U0288,P0076
U0288,P0077
U0288,P0078
U0288,P0079
U0288,P0080
U0288,P0081
U0288,P0082
U0288,P0083
U0288,P0084
U0288,P0085
U0288,P0086
U0288,P0087
U0288,P0088
U0288,P0089
U0288,P0090
U0288,P0091
U0288,P0092
U0288,P0093
U0288,P0094
U0288,P0095
U0288,P0096
U0288,P0097
U0288,P0098
U0288,P0099
U0288,P0100
U0288,P0101
U0288,P0102
U0288,P0103
U0288,P0104
U0288,P0105
U0288,P0106
U0288,P0107
U0288,P0108
U0288,P0109
U0288,P0110
U0288,P0111
U0288,P0112
U0288,P0113
U0288,P0114
U0288,P0115
U0288,P0116
U0288,P0117
U0288,P0118
U0288,P0119
U0288,P0120
U0288,P0121
U0288,P0122
U0288,P0123
U0288,P0124
U0288,P0125
U0288,P0126
U0288,P0127
U0288,P0128
U0288,P0129
U0288,P0130
U0289,P0027
U0289,P0028
U0289,P0029
U0289,P0030
U0289,P0031
U0289,P0032
U0289,P0033
U0289,P0034
U0289,P0035
U0289,P0036
U0289,P0037
U0289,P0038
U0289,P0039
U0289,P0040
U0289,P0041
U0289,P0042
U0289,P0043
U0289,P0044
U0289,P0045
U0289,P0046
U0289,P0047
U0289,P0048
U0289,P0049
U0289,P0050
U0289,P0051
U0289,P0052
U0289,P0053
U0289,P0054
U0289,P0055
U0289,P0056
U0289,P0057
U0289,P0058
U0289,P0059
U0289,P0060
U0289,P0061
U0289,P0062
U0289,P0063
U0289,P0064
U0289,P0065
U0289,P0066
U0289,P0067
U0289,P0068
U0289,P0069
U0289,P0070
U0289,P0071
U0289,P0072
U0289,P0073
U0289,P0074
U0289,P0075
U0289,P0076
U0289,P0077
U0289,P0078
U0289,P0079
U0289,P0080
U0289,P0081
U0289,P0082
U0289,P0083
U0289,P0084
U0289,P0085
U0289,P0086
U0289,P0087
U0289,P0088
U0289,P0089
U0289,P0090
U0289,P0091
U0289,P0092
U0289,P0093
U0289,P0094
U0289,P0095
U0289,P0096
U0289,P0097
U0289,P0098
U0289,P0099
U0289,P0100
U0289,P0101
U0289,P0102
U0289,P0103
U0289,P0104
U0289,P0105
U0289,P0106
U0289,P0107
U0289,P0108
U0289,P0109
U0289,P0110
U0289,P0111
U0289,P0112
U0289,P0113
U0289,P0114
U0289,P0115
U0289,P0116
U0289,P0117
U0289,P0118
U0289,P0119
U0289,P0120
U0289,P0121
U0289,P0122
U0289,P0123
U0289,P0124
U0289,P0125
U0289,P0126
U0289,P0127
U0289,P0128
U0289,P0129
U0289,P0130
U0290,P0027
U0290,P0028
U0290,P0029
U0290,P0030
U0290,P0031
U0290,P0032
U0290,P0033
U0290,P0034
U0290,P0035
U0290,P0036
U0290,P0037
U0290,P0038
U0290,P0039
U0290,P0040
U0290,P0041
U0290,P0042
U0290,P0043
U0290,P0044
U0290,P0045
U0290,P0046
U0290,P0047
U0290,P0048
U0290,P0049
U0290,P0050
U0290,P0051
U0290,P0052
U0290,P0053
U0290,P0054
U0290,P0055
U0290,P0056
U0290,P0057
U0290,P0058
U0290,P0059
U0290,P0060
U0290,P0061
U0290,P0062
U0290,P0063
U0290,P0064
U0290,P0065
U0290,P0066
U0290,P0067
U0290,P0068
U0290,P0069
U0290,P0070
U0290,P0071
U0290,P0072
U0290,P0073
U0290,P0074
U0290,P0075
U0290,P0076
U0290,P0077
U0290,P0078
U0290,P0079
U0290,P0080
U0290,P0081
U0290,P0082
U0290,P0083
U0290,P0084
U0290,P0085
U0290,P0086
U0290,P0087
U0290,P0088
U0290,P0089
U0290,P0090
U0290,P0091
U0290,P0092
U0290,P0093
U0290,P0094
U0290,P0095
U0290,P0096
U0290,P0097
U0290,P0098
U0290,P0099
U0290,P0100
U0290,P0101
U0290,P0102
U0290,P0103
U0290,P0104
U0290,P0105
U0290,P0106
U0290,P0107
U0290,P0108
U0290,P0109
U0290,P0110
U0290,P0111
U0290,P0112
U0290,P0113
U0290,P0114
U0290,P0115
U0290,P0116
U0290,P0117
U0290,P0118
U0290,P0119
U0290,P0120
U0290,P0121
U0290,P0122
U0290,P0123
U0290,P0124
U0290,P0125
U0290,P0126
U0290,P0127
U0290,P0128
U0290,P0129
U0290,P0130
U0291,P0002
U0291,P0003
U0291,P0009
U0291,P0023
U0291,P0024
U0291,P0025
U0291,P0027
U0291,P0028
U0291,P0029
U0291,P0030
U0291,P0031
U0291,P0032
U0291,P0033
U0291,P0034
U0291,P0035
U0291,P0036
U0291,P0037
U0291,P0038
U0291,P0039
U0291,P0040
U0291,P0041
U0291,P0042
U0291,P0043
U0291,P0044
U0291,P0045
U0291,P0046
U0291,P0047
U0291,P0048
U0291,P0049
U0291,P0050
U0291,P0051
U0291,P0052
U0291,P0053
U0291,P0054
U0291,P0055
U0291,P0056
U0291,P0057
U0291,P0058
U0291,P0059
U0291,P0060
U0291,P0061
U0291,P0062
U0291,P0063
U0291,P0064
U0291,P0065
U0291,P0066
U0291,P0067
U0291,P0068
U0291,P0069
U0291,P0070
U0291,P0071
U0291,P0072
U0291,P0073
U0291,P0074
U0291,P0075
U0291,P0076
U0291,P0077
U0291,P0078
U0291,P0079
U0291,P0080
U0291,P0081
U0291,P0082
U0291,P0083
U0291,P0084
U0291,P0085
U0291,P0086
U0291,P0087
U0291,P0088
U0291,P0089
U0291,P0090
U0291,P0091
U0291,P0092
U0291,P0093
U0291,P0094
U0291,P0095
U0291,P0096
U0291,P0097
U0291,P0098
U0291,P0099
U0291,P0100
U0291,P0101
U0291,P0102
U0291,P0103
U0291,P0104
U0291,P0105
U0291,P0106
U0291,P0107
U0291,P0108
U0291,P0109
U0291,P0110
U0291,P0111
U0291,P0112
U0291,P0113
U0291,P0114
U0291,P0115
U0291,P0116
U0291,P0117
U0291,P0118
U0291,P0119
U0291,P0120
U0291,P0121
U0291,P0122
U0291,P0123
U0291,P0124
U0291,P0125
U0291,P0126
U0291,P0127
U0291,P0128
U0291,P0129
U0291,P0130
U0291,P0131
U0291,P0132
U0291,P0133
U0291,P0134
U0291,P0135
U0291,P0136
U0291,P0137
U0291,P0138
U0291,P0139
U0291,P0140
U0291,P0144
U0291,P0145
U0291,P0146
U0291,P0147
U0291,P0148
U0291,P0149
U0291,P0150
U0291,P0151
U0291,P0152
U0291,P0153
U0291,P0154
U0291,P0155
U0291,P0156
U0291,P0157
U0291,P0158
U0291,P0159
U0291,P0160
U0291,P0161
U0291,P0162
U0291,P0163
U0291,P0164
U0291,P0165
U0291,P0166
U0291,P0167
U0291,P0168
U0291,P0169
U0291,P0170
U0291,P0171
U0291,P0172
U0291,P0173
U0291,P0174
U0291,P0175
U0291,P0176
U0291,P0177
U0291,P0178
U0291,P0179
U0291,P0180
U0291,P0181
U0291,P0182
U0291,P0183
U0291,P0184
U0291,P0185
U0291,P0186
U0291,P0187
U0291,P0188
U0291,P0189
U0291,P0190
U0291,P0191
U0291,P0192
U0291,P0193
U0291,P0194
U0291,P0195
U0291,P0196
U0291,P0197
U0291,P0198
U0291,P0199
U0291,P0200
U0291,P0201
U0291,P0202
U0291,P0203
U0291,P0204
U0291,P0205
U0291,P0206
U0291,P0207
U0291,P0208
U0291,P0209
U0291,P0210
U0291,P0211
U0291,P0212
U0291,P0213
U0291,P0214
U0291,P0215
U0291,P0216
U0291,P0217
U0291,P0218
U0291,P0219
U0291,P0220
U0291,P0221
U0291,P0222
U0291,P0223
U0291,P0224
U0291,P0225
U0291,P0226
U0291,P0227
U0291,P0228
U0291,P0229
U0291,P0230
U0291,P0231
U0291,P0232
U0291,P0233
U0291,P0234
U0291,P0235
U0291,P0236
U0291,P0237
U0291,P0238
U0291,P0239
U0291,P0240
U0291,P0241
U0292,P0027
U0292,P0028
U0292,P0029
U0292,P0030
U0292,P0031
U0292,P0032
U0292,P0033
U0292,P0034
U0292,P0035
U0292,P0036
U0292,P0037
U0292,P0038
U0292,P0039
U0292,P0040
U0292,P0041
U0292,P0042
U0292,P0043
U0292,P0044
U0292,P0045
U0292,P0046
U0292,P0047
U0292,P0048
U0292,P0049
U0292,P0050
U0292,P0051
U0292,P0052
U0292,P0053
U0292,P0054
U0292,P0055
U0292,P0056
U0292,P0057
U0292,P0058
U0292,P0059
U0292,P0060
U0292,P0061
U0292,P0062
U0292,P0063
U0292,P0064
U0292,P0065
U0292,P0066
U0292,P0067
U0292,P0068
U0292,P0069
U0292,P0070
U0292,P0071
U0292,P0072
U0292,P0073
U0292,P0074
U0292,P0075
U0292,P0076
U0292,P0077
U0292,P0078
U0292,P0079
U0292,P0080
U0292,P0081
U0292,P0082
U0292,P0083
U0292,P0084
U0292,P0085
U0292,P0086
U0292,P0087
U0292,P0088
U0292,P0089
U0292,P0090
U0292,P0091
U0292,P0092
U0292,P0093
U0292,P0094
U0292,P0095
U0292,P0096
U0292,P0097
U0292,P0098
U0292,P0099
U0292,P0100
U0292,P0101
U0292,P0102
U0292,P0103
U0292,P0104
U0292,P0105
U0292,P0106
U0292,P0107
U0292,P0108
U0292,P0109
U0292,P0110
U0292,P0111
U0292,P0112
U0292,P0113
U0292,P0114
U0292,P0115
U0292,P0116
U0292,P0117
U0292,P0118
U0292,P0119
U0292,P0120
U0292,P0121
U0292,P0122
U0292,P0123
U0292,P0124
U0292,P0125
U0292,P0126
U0292,P0127
U0292,P0128
U0292,P0129
U0292,P0130
U0293,P0027
U0293,P0028
U0293,P0029
U0293,P0030
U0293,P0031
U0293,P0032
U0293,P0033
U0293,P0034
U0293,P0035
U0293,P0036
U0293,P0037
U0293,P0038
U0293,P0039
U0293,P0040
U0293,P0041
U0293,P0042
U0293,P0043
U0293,P0044
U0293,P0045
U0293,P0046
U0293,P0047
U0293,P0048
U0293,P0049
U0293,P0050
U0293,P0051
U0293,P0052
U0293,P0053
U0293,P0054
U0293,P0055
U0293,P0056
U0293,P0057
U0293,P0058
U0293,P0059
U0293,P0060
U0293,P0061
U0293,P0062
U0293,P0063
U0293,P0064
U0293,P0065
U0293,P0066
U0293,P0067
U0293,P0068
U0293,P0069
U0293,P0070
U0293,P0071
U0293,P0072
U0293,P0073
U0293,P0074
U0293,P0075
U0293,P0076
U0293,P0077
U0293,P0078
U0293,P0079
U0293,P0080
U0293,P0081
U0293,P0082
U0293,P0083
U0293,P0084
U0293,P0085
U0293,P0086
U0293,P0087
U0293,P0088
U0293,P0089
U0293,P0090
U0293,P0091
U0293,P0092
U0293,P0093
U0293,P0094
U0293,P0095
U0293,P0096
U0293,P0097
U0293,P0098
U0293,P0099
U0293,P0100
U0293,P0101
U0293,P0102
U0293,P0103
U0293,P0104
U0293,P0105
U0293,P0106
U0293,P0107
U0293,P0108
U0293,P0109
U0293,P0110
U0293,P0111
U0293,P0112
U0293,P0113
U0293,P0114
U0293,P0115
U0293,P0116
U0293,P0117
U0293,P0118
U0293,P0119
U0293,P0120
U0293,P0121
U0293,P0122
U0293,P0123
U0293,P0124
U0293,P0125
U0293,P0126
U0293,P0127
U0293,P0128
U0293,P0129
U0293,P0130
U0293,P0245
U0294,P0027
U0294,P0028
U0294,P0029
U0294,P0030
U0294,P0031
U0294,P0032
U0294,P0033
U0294,P0034
U0294,P0035
U0294,P0036
U0294,P0037
U0294,P0038
U0294,P0039
U0294,P0040
U0294,P0041
U0294,P0042
U0294,P0043
U0294,P0044
U0294,P0045
U0294,P0046
U0294,P0047
U0294,P0048
U0294,P0049
U0294,P0050
U0294,P0051
U0294,P0052
U0294,P0053
U0294,P0054
U0294,P0055
U0294,P0056
U0294,P0057
U0294,P0058
U0294,P0059
U0294,P0060
U0294,P0061
U0294,P0062
U0294,P0063
U0294,P0064
U0294,P0065
U0294,P0066
U0294,P0067
U0294,P0068
U0294,P0069
U0294,P0070
U0294,P0071
U0294,P0072
U0294,P0073
U0294,P0074
U0294,P0075
U0294,P0076
U0294,P0077
U0294,P0078
U0294,P0079
U0294,P0080
U0294,P0081
U0294,P0082
U0294,P0083
U0294,P0084
U0294,P0085
U0294,P0086
U0294,P0087
U0294,P0088
U0294,P0089
U0294,P0090
U0294,P0091
U0294,P0092
U0294,P0093
U0294,P0094
U0294,P0095
U0294,P0096
U0294,P0097
U0294,P0098
U0294,P0099
U0294,P0100
U0294,P0101
U0294,P0102
U0294,P0103
U0294,P0104
U0294,P0105
U0294,P0106
U0294,P0107
U0294,P0108
U0294,P0109
U0294,P0110
U0294,P0111
U0294,P0112
U0294,P0113
U0294,P0114
U0294,P0115
U0294,P0116
U0294,P0117
U0294,P0118
U0294,P0119
U0294,P0120
U0294,P0121
U0294,P0122
U0294,P0123
U0294,P0124
U0294,P0125
U0294,P0126
U0294,P0127
U0294,P0128
U0294,P0129
U0294,P0130
U0295,P0027
U0295,P0028
U0295,P0029
U0295,P0030
U0295,P0031
U0295,P0032
U0295,P0033
U0295,P0034
U0295,P0035
U0295,P0036
U0295,P0037
U0295,P0038
U0295,P0039
U0295,P0040
U0295,P0041
U0295,P0042
U0295,P0043
U0295,P0044
U0295,P0045
U0295,P0046
U0295,P0047
U0295,P0048
U0295,P0049
U0295,P0050
U0295,P0051
U0295,P0052
U0295,P0053
U0295,P0054
U0295,P0055
U0295,P0056
U0295,P0057
U0295,P0058
U0295,P0059
U0295,P0060
U0295,P0061
U0295,P0062
U0295,P0063
U0295,P0064
U0295,P0065
U0295,P0066
U0295,P0067
U0295,P0068
U0295,P0069
U0295,P0070
U0295,P0071
U0295,P0072
U0295,P0073
U0295,P0074
U0295,P0075
U0295,P0076
U0295,P0077
U0295,P0078
U0295,P0079
U0295,P0080
U0295,P0081
U0295,P0082
U0295,P0083
U0295,P0084
U0295,P0085
U0295,P0086
U0295,P0087
U0295,P0088
U0295,P0089
U0295,P0090
U0295,P0091
U0295,P0092
U0295,P0093
U0295,P0094
U0295,P0095
U0295,P0096
U0295,P0097
U0295,P0098
U0295,P0099
U0295,P0100
U0295,P0101
U0295,P0102
U0295,P0103
U0295,P0104
U0295,P0105
U0295,P0106
U0295,P0107
U0295,P0108
U0295,P0109
U0295,P0110
U0295,P0111
U0295,P0112
U0295,P0113
U0295,P0114
U0295,P0115
U0295,P0116
U0295,P0117
U0295,P0118
U0295,P0119
U0295,P0120
U0295,P0121
U0295,P0122
U0295,P0123
U0295,P0124
U0295,P0125
U0295,P0126
U0295,P0127
U0295,P0128
U0295,P0129
U0295,P0130
U0295,P0245
U0296,P0027
U0296,P0028
U0296,P0029
U0296,P0030
U0296,P0031
U0296,P0032
U0296,P0033
U0296,P0034
U0296,P0035
U0296,P0036
U0296,P0037
U0296,P0038
U0296,P0039
U0296,P0040
U0296,P0041
U0296,P0042
U0296,P0043
U0296,P0044
U0296,P0045
U0296,P0046
U0296,P0047
U0296,P0048
U0296,P0049
U0296,P0050
U0296,P0051
U0296,P0052
U0296,P0053
U0296,P0054
U0296,P0055
U0296,P0056
U0296,P0057
U0296,P0058
U0296,P0059
U0296,P0060
U0296,P0061
U0296,P0062
U0296,P0063
U0296,P0064
U0296,P0065
U0296,P0066
U0296,P0067
U0296,P0068
U0296,P0069
U0296,P0070
U0296,P0071
U0296,P0072
U0296,P0073
U0296,P0074
U0296,P0075
U0296,P0076
U0296,P0077
U0296,P0078
U0296,P0079
U0296,P0080
U0296,P0081
U0296,P0082
U0296,P0083
U0296,P0084
U0296,P0085
U0296,P0086
U0296,P0087
U0296,P0088
U0296,P0089
U0296,P0090
U0296,P0091
U0296,P0092
U0296,P0093
U0296,P0094
U0296,P0095
U0296,P0096
U0296,P0097
U0296,P0098
U0296,P0099
U0296,P0100
U0296,P0101
U0296,P0102
U0296,P0103
U0296,P0104
U0296,P0105
U0296,P0106
U0296,P0107
U0296,P0108
U0296,P0109
U0296,P0110
U0296,P0111
U0296,P0112
U0296,P0113
U0296,P0114
U0296,P0115
U0296,P0116
U0296,P0117
U0296,P0118
U0296,P0119
U0296,P0120
U0296,P0121
U0296,P0122
U0296,P0123
U0296,P0124
U0296,P0125
U0296,P0126
U0296,P0127
U0296,P0128
U0296,P0129
U0296,P0130
U0297,P0027
U0297,P0028
U0297,P0029
U0297,P0030
U0297,P0031
U0297,P0032
U0297,P0033
U0297,P0034
U0297,P0035
U0297,P0036
U0297,P0037
U0297,P0038
U0297,P0039
U0297,P0040
U0297,P0041
U0297,P0042
U0297,P0043
U0297,P0044
U0297,P0045
U0297,P0046
U0297,P0047
U0297,P0048
U0297,P0049
U0297,P0050
U0297,P0051
U0297,P0052
U0297,P0053
U0297,P0054
U0297,P0055
U0297,P0056
U0297,P0057
U0297,P0058
U0297,P0059
U0297,P0060
U0297,P0061
U0297,P0062
U0297,P0063
U0297,P0064
U0297,P0065
U0297,P0066
U0297,P0067
U0297,P0068
U0297,P0069
U0297,P0070
U0297,P0071
U0297,P0072
U0297,P0073
U0297,P0074
U0297,P0075
U0297,P0076
U0297,P0077
U0297,P0078
U0297,P0079
U0297,P0080
U0297,P0081
U0297,P0082
U0297,P0083
U0297,P0084
U0297,P0085
U0297,P0086
U0297,P0087
U0297,P0088
U0297,P0089
U0297,P0090
U0297,P0091
U0297,P0092
U0297,P0093
U0297,P0094
U0297,P0095
U0297,P0096
U0297,P0097
U0297,P0098
U0297,P0099
U0297,P0100
U0297,P0101
U0297,P0102
U0297,P0103
U0297,P0104
U0297,P0105
U0297,P0106
U0297,P0107
U0297,P0108
U0297,P0109
U0297,P0110
U0297,P0111
U0297,P0112
U0297,P0113
U0297,P0114
U0297,P0115
U0297,P0116
U0297,P0117
U0297,P0118
U0297,P0119
U0297,P0120
U0297,P0121
U0297,P0122
U0297,P0123
U0297,P0124
U0297,P0125
U0297,P0126
U0297,P0127
U0297,P0128
U0297,P0129
U0297,P0130
U0297,P0245
U0298,P0027
U0298,P0028
U0298,P0029
U0298,P0030
U0298,P0031
U0298,P0032
U0298,P0033
U0298,P0034
U0298,P0035
U0298,P0036
U0298,P0037
U0298,P0038
U0298,P0039
U0298,P0040
U0298,P0041
U0298,P0042
U0298,P0043
U0298,P0044
U0298,P0045
U0298,P0046
U0298,P0047
U0298,P0048
U0298,P0049
U0298,P0050
U0298,P0051
U0298,P0052
U0298,P0053
U0298,P0054
U0298,P0055
U0298,P0056
U0298,P0057
U0298,P0058
U0298,P0059
U0298,P0060
U0298,P0061
U0298,P0062
U0298,P0063
U0298,P0064
U0298,P0065
U0298,P0066
U0298,P0067
U0298,P0068
U0298,P0069
U0298,P0070
U0298,P0071
U0298,P0072
U0298,P0073
U0298,P0074
U0298,P0075
U0298,P0076
U0298,P0077
U0298,P0078
U0298,P0079
U0298,P0080
U0298,P0081
U0298,P0082
U0298,P0083
U0298,P0084
U0298,P0085
U0298,P0086
U0298,P0087
U0298,P0088
U0298,P0089
U0298,P0090
U0298,P0091
U0298,P0092
U0298,P0093
U0298,P0094
U0298,P0095
U0298,P0096
U0298,P0097
U0298,P0098
U0298,P0099
U0298,P0100
U0298,P0101
U0298,P0102
U0298,P0103
U0298,P0104
U0298,P0105
U0298,P0106
U0298,P0107
U0298,P0108
U0298,P0109
U0298,P0110
U0298,P0111
U0298,P0112
U0298,P0113
U0298,P0114
U0298,P0115
U0298,P0116
U0298,P0117
U0298,P0118
U0298,P0119
U0298,P0120
U0298,P0121
U0298,P0122
U0298,P0123
U0298,P0124
U0298,P0125
U0298,P0126
U0298,P0127
U0298,P0128
U0298,P0129
U0298,P0130
U0299,P0115
U0299,P0116
U0299,P0117
U0299,P0118
U0299,P0119
U0299,P0120
U0299,P0121
U0299,P0122
U0299,P0123
U0299,P0124
U0299,P0125
U0299,P0126
U0299,P0127
U0299,P0128
U0299,P0129
U0300,P0029
U0300,P0032
U0300,P0033
U0300,P0034
U0300,P0035
U0300,P0036
U0300,P0037
U0300,P0038
U0300,P0039
U0300,P0040
U0300,P0041
U0300,P0042
U0300,P0043
U0300,P0044
U0300,P0045
U0300,P0046
U0300,P0047
U0300,P0048
U0300,P0049
U0300,P0050
U0300,P0051
U0300,P0052
U0300,P0053
U0300,P0054
U0300,P0055
U0300,P0056
U0300,P0057
U0300,P0058
U0300,P0059
U0300,P0060
U0300,P0061
U0300,P0062
U0300,P0063
U0300,P0064
U0300,P0065
U0300,P0066
U0300,P0067
U0300,P0068
U0300,P0069
U0300,P0070
U0300,P0071
U0300,P0072
U0300,P0073
U0300,P0074
U0300,P0075
U0300,P0076
U0300,P0077
U0300,P0078
U0300,P0079
U0300,P0080
U0300,P0081
U0300,P0082
U0300,P0088
U0300,P0089
U0300,P0090
U0300,P0091
U0300,P0092
U0300,P0093
U0300,P0095
U0300,P0096
U0300,P0097
U0300,P0098
U0300,P0099
U0300,P0100
U0300,P0101
U0300,P0102
U0301,P0029
U0301,P0032
U0301,P0033
U0301,P0034
U0301,P0035
U0301,P0036
U0301,P0037
U0301,P0038
U0301,P0039
U0301,P0040
U0301,P0041
U0301,P0042
U0301,P0043
U0301,P0044
U0301,P0045
U0301,P0046
U0301,P0047
U0301,P0048
U0301,P0049
U0301,P0050
U0301,P0051
U0301,P0052
U0301,P0053
U0301,P0054
U0301,P0055
U0301,P0056
U0301,P0057
U0301,P0058
U0301,P0059
U0301,P0060
U0301,P0061
U0301,P0062
U0301,P0063
U0301,P0064
U0301,P0065
U0301,P0066
U0301,P0067
U0301,P0068
U0301,P0069
U0301,P0070
U0301,P0071
U0301,P0072
U0301,P0073
U0301,P0074
U0301,P0075
U0301,P0076
U0301,P0077
U0301,P0078
U0301,P0079
U0301,P0080
U0301,P0081
U0301,P0082
U0301,P0088
U0301,P0089
U0301,P0090
U0301,P0091
U0301,P0092
U0301,P0093
U0301,P0095
U0301,P0096
U0301,P0097
U0301,P0098
U0301,P0099
U0301,P0100
U0301,P0101
U0301,P0102
U0302,P0029
U0302,P0032
U0302,P0033
U0302,P0034
U0302,P0035
U0302,P0036
U0302,P0037
U0302,P0038
U0302,P0039
U0302,P0040
U0302,P0041
U0302,P0042
U0302,P0043
U0302,P0044
U0302,P0045
U0302,P0046
U0302,P0047
U0302,P0048
U0302,P0049
U0302,P0050
U0302,P0051
U0302,P0052
U0302,P0053
U0302,P0054
U0302,P0055
U0302,P0056
U0302,P0057
U0302,P0058
U0302,P0059
U0302,P0060
U0302,P0061
U0302,P0062
U0302,P0063
U0302,P0064
U0302,P0065
U0302,P0066
U0302,P0067
U0302,P0068
U0302,P0069
U0302,P0070
U0302,P0071
U0302,P0072
U0302,P0073
U0302,P0074
U0302,P0075
U0302,P0076
U0302,P0077
U0302,P0078
U0302,P0079
U0302,P0080
U0302,P0081
U0302,P0082
U0302,P0088
U0302,P0089
U0302,P0090
U0302,P0091
U0302,P0092
U0302,P0093
U0302,P0095
U0302,P0096
U0302,P0097
U0302,P0098
U0302,P0099
U0302,P0100
U0302,P0101
U0302,P0102
U0303,P0001
U0303,P0012
U0303,P0013
U0303,P0014
U0303,P0018
U0303,P0019
U0303,P0020
U0303,P0021
U0303,P0022
U0303,P0029
U0303,P0032
U0303,P0033
U0303,P0034
U0303,P0035
U0303,P0036
U0303,P0037
U0303,P0038
U0303,P0039
U0303,P0040
U0303,P0041
U0303,P0042
U0303,P0043
U0303,P0044
U0303,P0045
U0303,P0046
U0303,P0047
U0303,P0048
U0303,P0049
U0303,P0050
U0303,P0051
U0303,P0052
U0303,P0053
U0303,P0054
U0303,P0055
U0303,P0056
U0303,P0057
U0303,P0058
U0303,P0059
U0303,P0060
U0303,P0061
U0303,P0062
U0303,P0063
U0303,P0064
U0303,P0065
U0303,P0066
U0303,P0067
U0303,P0068
U0303,P0069
U0303,P0070
U0303,P0071
U0303,P0072
U0303,P0073
U0303,P0074
U0303,P0075
U0303,P0076
U0303,P0077
U0303,P0078
U0303,P0079
U0303,P0080
U0303,P0081
U0303,P0082
U0303,P0088
U0303,P0089
U0303,P0090
U0303,P0091
U0303,P0092
U0303,P0093
U0303,P0095
U0303,P0096
U0303,P0097
U0303,P0098
U0303,P0099
U0303,P0100
U0303,P0101
U0303,P0102
U0303,P0267
U0303,P0271
U0303,P0272
U0303,P0274
U0303,P0275
U0303,P0276
U0303,P0282
U0303,P0283
U0303,P0284
U0303,P0291
U0303,P0313
U0303,P0314
U0303,P0315
U0303,P0316
U0303,P0317
U0303,P0318
U0303,P0319
U0303,P0320
U0303,P0321
U0303,P0322
U0303,P0323
U0303,P0324
U0303,P0325
U0303,P0326
U0303,P0327
U0303,P0328
U0303,P0329
U0303,P0330
U0303,P0331
U0303,P0332
U0303,P0333
U0303,P0334
U0303,P0335
U0303,P0336
U0303,P0337
U0303,P0338
U0303,P0339
U0303,P0340
U0303,P0341
U0303,P0342
U0303,P0343
U0303,P0344
U0303,P0345
U0303,P0346
U0303,P0347
U0303,P0348
U0303,P0349
U0303,P0350
U0303,P0351
U0303,P0352
U0303,P0353
U0303,P0354
U0303,P0355
U0303,P0356
U0303,P0357
U0303,P0358
U0303,P0359
U0303,P0360
U0303,P0361
U0303,P0362
U0303,P0363
U0303,P0364
U0303,P0365
U0303,P0366
U0303,P0367
U0303,P0368
U0303,P0369
U0303,P0370
U0303,P0371
U0303,P0372
U0303,P0373
U0303,P0374
U0303,P0375
U0303,P0376
U0303,P0377
U0303,P0378
U0303,P0379
U0303,P0380
U0303,P0381
U0303,P0382
U0303,P0383
U0303,P0384
U0303,P0385
U0303,P0386
U0303,P0387
U0303,P0388
U0303,P0389
U0303,P0390
U0304,P0001
U0304,P0012
U0304,P0013
U0304,P0014
U0304,P0018
U0304,P0019
U0304,P0020
U0304,P0021
U0304,P0022
U0304,P0029
U0304,P0032
U0304,P0033
U0304,P0034
U0304,P0035
U0304,P0036
U0304,P0037
U0304,P0038
U0304,P0039
U0304,P0040
U0304,P0041
U0304,P0042
U0304,P0043
U0304,P0044
U0304,P0045
U0304,P0046
U0304,P0047
U0304,P0048
U0304,P0049
U0304,P0050
U0304,P0051
U0304,P0052
U0304,P0053
U0304,P0054
U0304,P0055
U0304,P0056
U0304,P0057
U0304,P0058
U0304,P0059
U0304,P0060
U0304,P0061
U0304,P0062
U0304,P0063
U0304,P0064
U0304,P0065
U0304,P0066
U0304,P0067
U0304,P0068
U0304,P0069
U0304,P0070
U0304,P0071
U0304,P0072
U0304,P0073
U0304,P0074
U0304,P0075
U0304,P0076
U0304,P0077
U0304,P0078
U0304,P0079
U0304,P0080
U0304,P0081
U0304,P0082
U0304,P0088
U0304,P0089
U0304,P0090
U0304,P0091
U0304,P0092
U0304,P0093
U0304,P0095
U0304,P0096
U0304,P0097
U0304,P0098
U0304,P0099
U0304,P0100
U0304,P0101
U0304,P0102
U0304,P0267
U0304,P0271
U0304,P0272
U0304,P0274
U0304,P0275
U0304,P0276
U0304,P0282
U0304,P0283
U0304,P0284
U0304,P0291
U0304,P0313
U0304,P0314
U0304,P0315
U0304,P0316
U0304,P0317
U0304,P0318
U0304,P0319
U0304,P0320
U0304,P0321
U0304,P0322
U0304,P0323
U0304,P0324
U0304,P0325
U0304,P0326
U0304,P0327
U0304,P0328
U0304,P0329
U0304,P0330
U0304,P0331
U0304,P0332
U0304,P0333
U0304,P0334
U0304,P0335
U0304,P0336
U0304,P0337
U0304,P0338
U0304,P0339
U0304,P0340
U0304,P0341
U0304,P0342
U0304,P0343
U0304,P0344
U0304,P0345
U0304,P0346
U0304,P0347
U0304,P0348
U0304,P0349
U0304,P0350
U0304,P0351
U0304,P0352
U0304,P0353
U0304,P0354
U0304,P0355
U0304,P0356
U0304,P0357
U0304,P0358
U0304,P0359
U0304,P0360
U0304,P0361
U0304,P0362
U0304,P0363
U0304,P0364
U0304,P0365
U0304,P0366
U0304,P0367
U0304,P0368
U0304,P0369
U0304,P0370
U0304,P0371
U0304,P0372
U0304,P0373
U0304,P0374
U0304,P0375
U0304,P0376
U0304,P0377
U0304,P0378
U0304,P0379
U0304,P0380
U0304,P0381
U0304,P0382
U0304,P0383
U0304,P0384
U0304,P0385
U0304,P0386
U0304,P0387
U0304,P0388
U0304,P0389
U0304,P0390
U0305,P0001
U0305,P0012
U0305,P0013
U0305,P0014
U0305,P0018
U0305,P0019
U0305,P0020
U0305,P0021
U0305,P0022
U0305,P0029
U0305,P0032
U0305,P0033
U0305,P0034
U0305,P0035
U0305,P0036
U0305,P0037
U0305,P0038
U0305,P0039
U0305,P0040
U0305,P0041
U0305,P0042
U0305,P0043
U0305,P0044
U0305,P0045
U0305,P0046
U0305,P0047
U0305,P0048
U0305,P0049
U0305,P0050
U0305,P0051
U0305,P0052
U0305,P0053
U0305,P0054
U0305,P0055
U0305,P0056
U0305,P0057
U0305,P0058
U0305,P0059
U0305,P0060
U0305,P0061
U0305,P0062
U0305,P0063
U0305,P0064
U0305,P0065
U0305,P0066
U0305,P0067
U0305,P0068
U0305,P0069
U0305,P0070
U0305,P0071
U0305,P0072
U0305,P0073
U0305,P0074
U0305,P0075
U0305,P0076
U0305,P0077
U0305,P0078
U0305,P0079
U0305,P0080
U0305,P0081
U0305,P0082
U0305,P0088
U0305,P0089
U0305,P0090
U0305,P0091
U0305,P0092
U0305,P0093
U0305,P0095
U0305,P0096
U0305,P0097
U0305,P0098
U0305,P0099
U0305,P0100
U0305,P0101
U0305,P0102
U0305,P0267
U0305,P0271
U0305,P0272
U0305,P0274
U0305,P0275
U0305,P0276
U0305,P0282
U0305,P0283
U0305,P0284
U0305,P0291
U0305,P0313
U0305,P0314
U0305,P0315
U0305,P0316
U0305,P0317
U0305,P0318
U0305,P0319
U0305,P0320
U0305,P0321
U0305,P0322
U0305,P0323
U0305,P0324
U0305,P0325
U0305,P0326
U0305,P0327
U0305,P0328
U0305,P0329
U0305,P0330
U0305,P0331
U0305,P0332
U0305,P0333
U0305,P0334
U0305,P0335
U0305,P0336
U0305,P0337
U0305,P0338
U0305,P0339
U0305,P0340
U0305,P0341
U0305,P0342
U0305,P0343
U0305,P0344
U0305,P0345
U0305,P0346
U0305,P0347
U0305,P0348
U0305,P0349
U0305,P0350
U0305,P0351
U0305,P0352
U0305,P0353
U0305,P0354
U0305,P0355
U0305,P0356
U0305,P0357
U0305,P0358
U0305,P0359
U0305,P0360
U0305,P0361
U0305,P0362
U0305,P0363
U0305,P0364
U0305,P0365
U0305,P0366
U0305,P0367
U0305,P0368
U0305,P0369
U0305,P0370
U0305,P0371
U0305,P0372
U0305,P0373
U0305,P0374
U0305,P0375
U0305,P0376
U0305,P0377
U0305,P0378
U0305,P0379
U0305,P0380
U0305,P0381
U0305,P0382
U0305,P0383
U0305,P0384
U0305,P0385
U0305,P0386
U0305,P0387
U0305,P0388
U0305,P0389
U0305,P0390
U0306,P0001
U0306,P0012
U0306,P0013
U0306,P0014
U0306,P0018
U0306,P0019
U0306,P0020
U0306,P0021
U0306,P0022
U0306,P0029
U0306,P0032
U0306,P0033
U0306,P0034
U0306,P0035
U0306,P0036
U0306,P0037
U0306,P0038
U0306,P0039
U0306,P0040
U0306,P0041
U0306,P0042
U0306,P0043
U0306,P0044
U0306,P0045
U0306,P0046
U0306,P0047
U0306,P0048
U0306,P0049
U0306,P0050
U0306,P0051
U0306,P0052
U0306,P0053
U0306,P0054
U0306,P0055
U0306,P0056
U0306,P0057
U0306,P0058
U0306,P0059
U0306,P0060
U0306,P0061
U0306,P0062
U0306,P0063
U0306,P0064
U0306,P0065
U0306,P0066
U0306,P0067
U0306,P0068
U0306,P0069
U0306,P0070
U0306,P0071
U0306,P0072
U0306,P0073
U0306,P0074
U0306,P0075
U0306,P0076
U0306,P0077
U0306,P0078
U0306,P0079
U0306,P0080
U0306,P0081
U0306,P0082
U0306,P0088
U0306,P0089
U0306,P0090
U0306,P0091
U0306,P0092
U0306,P0093
U0306,P0095
U0306,P0096
U0306,P0097
U0306,P0098
U0306,P0099
U0306,P0100
U0306,P0101
U0306,P0102
U0306,P0267
U0306,P0271
U0306,P0272
U0306,P0274
U0306,P0275
U0306,P0276
U0306,P0282
U0306,P0283
U0306,P0284
U0306,P0291
U0306,P0313
U0306,P0314
U0306,P0315
U0306,P0316
U0306,P0317
U0306,P0318
U0306,P0319
U0306,P0320
U0306,P0321
U0306,P0322
U0306,P0323
U0306,P0324
U0306,P0325
U0306,P0326
U0306,P0327
U0306,P0328
U0306,P0329
U0306,P0330
U0306,P0331
U0306,P0332
U0306,P0333
U0306,P0334
U0306,P0335
U0306,P0336
U0306,P0337
U0306,P0338
U0306,P0339
U0306,P0340
U0306,P0341
U0306,P0342
U0306,P0343
U0306,P0344
U0306,P0345
U0306,P0346
U0306,P0347
U0306,P0348
U0306,P0349
U0306,P0350
U0306,P0351
U0306,P0352
U0306,P0353
U0306,P0354
U0306,P0355
U0306,P0356
U0306,P0357
U0306,P0358
U0306,P0359
U0306,P0360
U0306,P0361
U0306,P0362
U0306,P0363
U0306,P0364
U0306,P0365
U0306,P0366
U0306,P0367
U0306,P0368
U0306,P0369
U0306,P0370
U0306,P0371
U0306,P0372
U0306,P0373
U0306,P0374
U0306,P0375
U0306,P0376
U0306,P0377
U0306,P0378
U0306,P0379
U0306,P0380
U0306,P0381
U0306,P0382
U0306,P0383
U0306,P0384
U0306,P0385
U0306,P0386
U0306,P0387
U0306,P0388
U0306,P0389
U0306,P0390
U0307,P0001
U0307,P0012
U0307,P0013
U0307,P0014
U0307,P0018
U0307,P0019
U0307,P0020
U0307,P0021
U0307,P0022
U0307,P0029
U0307,P0032
U0307,P0033
U0307,P0034
U0307,P0035
U0307,P0036
U0307,P0037
U0307,P0038
U0307,P0039
U0307,P0040
U0307,P0041
U0307,P0042
U0307,P0043
U0307,P0044
U0307,P0045
U0307,P0046
U0307,P0047
U0307,P0048
U0307,P0049
U0307,P0050
U0307,P0051
U0307,P0052
U0307,P0053
U0307,P0054
U0307,P0055
U0307,P0056
U0307,P0057
U0307,P0058
U0307,P0059
U0307,P0060
U0307,P0061
U0307,P0062
U0307,P0063
U0307,P0064
U0307,P0065
U0307,P0066
U0307,P0067
U0307,P0068
U0307,P0069
U0307,P0070
U0307,P0071
U0307,P0072
U0307,P0073
U0307,P0074
U0307,P0075
U0307,P0076
U0307,P0077
U0307,P0078
U0307,P0079
U0307,P0080
U0307,P0081
U0307,P0082
U0307,P0088
U0307,P0089
U0307,P0090
U0307,P0091
U0307,P0092
U0307,P0093
U0307,P0095
U0307,P0096
U0307,P0097
U0307,P0098
U0307,P0099
U0307,P0100
U0307,P0101
U0307,P0102
U0307,P0267
U0307,P0271
U0307,P0272
U0307,P0274
U0307,P0275
U0307,P0276
U0307,P0282
U0307,P0283
U0307,P0284
U0307,P0291
U0307,P0313
U0307,P0314
U0307,P0315
U0307,P0316
U0307,P0317
U0307,P0318
U0307,P0319
U0307,P0320
U0307,P0321
U0307,P0322
U0307,P0323
U0307,P0324
U0307,P0325
U0307,P0326
U0307,P0327
U0307,P0328
U0307,P0329
U0307,P0330
U0307,P0331
U0307,P0332
U0307,P0333
U0307,P0334
U0307,P0335
U0307,P0336
U0307,P0337
U0307,P0338
U0307,P0339
U0307,P0340
U0307,P0341
U0307,P0342
U0307,P0343
U0307,P0344
U0307,P0345
U0307,P0346
U0307,P0347
U0307,P0348
U0307,P0349
U0307,P0350
U0307,P0351
U0307,P0352
U0307,P0353
U0307,P0354
U0307,P0355
U0307,P0356
U0307,P0357
U0307,P0358
U0307,P0359
U0307,P0360
U0307,P0361
U0307,P0362
U0307,P0363
U0307,P0364
U0307,P0365
U0307,P0366
U0307,P0367
U0307,P0368
U0307,P0369
U0307,P0370
U0307,P0371
U0307,P0372
U0307,P0373
U0307,P0374
U0307,P0375
U0307,P0376
U0307,P0377
U0307,P0378
U0307,P0379
U0307,P0380
U0307,P0381
U0307,P0382
U0307,P0383
U0307,P0384
U0307,P0385
U0307,P0386
U0307,P0387
U0307,P0388
U0307,P0389
U0307,P0390
U0308,P0001
U0308,P0012
U0308,P0013
U0308,P0014
U0308,P0018
U0308,P0019
U0308,P0020
U0308,P0021
U0308,P0022
U0308,P0029
U0308,P0032
U0308,P0033
U0308,P0034
U0308,P0035
U0308,P0036
U0308,P0037
U0308,P0038
U0308,P0039
U0308,P0040
U0308,P0041
U0308,P0042
U0308,P0043
U0308,P0044
U0308,P0045
U0308,P0046
U0308,P0047
U0308,P0048
U0308,P0049
U0308,P0050
U0308,P0051
U0308,P0052
U0308,P0053
U0308,P0054
U0308,P0055
U0308,P0056
U0308,P0057
U0308,P0058
U0308,P0059
U0308,P0060
U0308,P0061
U0308,P0062
U0308,P0063
U0308,P0064
U0308,P0065
U0308,P0066
U0308,P0067
U0308,P0068
U0308,P0069
U0308,P0070
U0308,P0071
U0308,P0072
U0308,P0073
U0308,P0074
U0308,P0075
U0308,P0076
U0308,P0077
U0308,P0078
U0308,P0079
U0308,P0080
U0308,P0081
U0308,P0082
U0308,P0088
U0308,P0089
U0308,P0090
U0308,P0091
U0308,P0092
U0308,P0093
U0308,P0095
U0308,P0096
U0308,P0097
U0308,P0098
U0308,P0099
U0308,P0100
U0308,P0101
U0308,P0102
U0308,P0267
U0308,P0271
U0308,P0272
U0308,P0274
U0308,P0275
U0308,P0276
U0308,P0282
U0308,P0283
U0308,P0284
U0308,P0291
U0308,P0313
U0308,P0314
U0308,P0315
U0308,P0316
U0308,P0317
U0308,P0318
U0308,P0319
U0308,P0320
U0308,P0321
U0308,P0322
U0308,P0323
U0308,P0324
U0308,P0325
U0308,P0326
U0308,P0327
U0308,P0328
U0308,P0329
U0308,P0330
U0308,P0331
U0308,P0332
U0308,P0333
U0308,P0334
U0308,P0335
U0308,P0336
U0308,P0337
U0308,P0338
U0308,P0339
U0308,P0340
U0308,P0341
U0308,P0342
U0308,P0343
U0308,P0344
U0308,P0345
U0308,P0346
U0308,P0347
U0308,P0348
U0308,P0349
U0308,P0350
U0308,P0351
U0308,P0352
U0308,P0353
U0308,P0354
U0308,P0355
U0308,P0356
U0308,P0357
U0308,P0358
U0308,P0359
U0308,P0360
U0308,P0361
U0308,P0362
U0308,P0363
U0308,P0364
U0308,P0365
U0308,P0366
U0308,P0367
U0308,P0368
U0308,P0369
U0308,P0370
U0308,P0371
U0308,P0372
U0308,P0373
U0308,P0374
U0308,P0375
U0308,P0376
U0308,P0377
U0308,P0378
U0308,P0379
U0308,P0380
U0308,P0381
U0308,P0382
U0308,P0383
U0308,P0384
U0308,P0385
U0308,P0386
U0308,P0387
U0308,P0388
U0308,P0389
U0308,P0390
U0309,P0001
U0309,P0012
U0309,P0013
U0309,P0014
U0309,P0018
U0309,P0019
U0309,P0020
U0309,P0021
U0309,P0022
U0309,P0029
U0309,P0032
U0309,P0033
U0309,P0034
U0309,P0035
U0309,P0036
U0309,P0037
U0309,P0038
U0309,P0039
U0309,P0040
U0309,P0041
U0309,P0042
U0309,P0043
U0309,P0044
U0309,P0045
U0309,P0046
U0309,P0047
U0309,P0048
U0309,P0049
U0309,P0050
U0309,P0051
U0309,P0052
U0309,P0053
U0309,P0054
U0309,P0055
U0309,P0056
U0309,P0057
U0309,P0058
U0309,P0059
U0309,P0060
U0309,P0061
U0309,P0062
U0309,P0063
U0309,P0064
U0309,P0065
U0309,P0066
U0309,P0067
U0309,P0068
U0309,P0069
U0309,P0070
U0309,P0071
U0309,P0072
U0309,P0073
U0309,P0074
U0309,P0075
U0309,P0076
U0309,P0077
U0309,P0078
U0309,P0079
U0309,P0080
U0309,P0081
U0309,P0082
U0309,P0088
U0309,P0089
U0309,P0090
U0309,P0091
U0309,P0092
U0309,P0093
U0309,P0095
U0309,P0096
U0309,P0097
U0309,P0098
U0309,P0099
U0309,P0100
U0309,P0101
U0309,P0102
U0309,P0267
U0309,P0271
U0309,P0272
U0309,P0274
U0309,P0275
U0309,P0276
U0309,P0282
U0309,P0283
U0309,P0284
U0309,P0291
U0309,P0313
U0309,P0314
U0309,P0315
U0309,P0316
U0309,P0317
U0309,P0318
U0309,P0319
U0309,P0320
U0309,P0321
U0309,P0322
U0309,P0323
U0309,P0324
U0309,P0325
U0309,P0326
U0309,P0327
U0309,P0328
U0309,P0329
U0309,P0330
U0309,P0331
U0309,P0332
U0309,P0333
U0309,P0334
U0309,P0335
U0309,P0336
U0309,P0337
U0309,P0338
U0309,P0339
U0309,P0340
U0309,P0341
U0309,P0342
U0309,P0343
U0309,P0344
U0309,P0345
U0309,P0346
U0309,P0347
U0309,P0348
U0309,P0349
U0309,P0350
U0309,P0351
U0309,P0352
U0309,P0353
U0309,P0354
U0309,P0355
U0309,P0356
U0309,P0357
U0309,P0358
U0309,P0359
U0309,P0360
U0309,P0361
U0309,P0362
U0309,P0363
U0309,P0364
U0309,P0365
U0309,P0366
U0309,P0367
U0309,P0368
U0309,P0369
U0309,P0370
U0309,P0371
U0309,P0372
U0309,P0373
U0309,P0374
U0309,P0375
U0309,P0376
U0309,P0377
U0309,P0378
U0309,P0379
U0309,P0380
U0309,P0381
U0309,P0382
U0309,P0383
U0309,P0384
U0309,P0385
U0309,P0386
U0309,P0387
U0309,P0388
U0309,P0389
U0309,P0390
U0310,P0001
U0310,P0002
U0310,P0012
U0310,P0013
U0310,P0014
U0310,P0018
U0310,P0019
U0310,P0020
U0310,P0021
U0310,P0022
U0310,P0029
U0310,P0032
U0310,P0033
U0310,P0034
U0310,P0035
U0310,P0036
U0310,P0037
U0310,P0038
U0310,P0039
U0310,P0040
U0310,P0041
U0310,P0042
U0310,P0043
U0310,P0044
U0310,P0045
U0310,P0046
U0310,P0047
U0310,P0048
U0310,P0049
U0310,P0050
U0310,P0051
U0310,P0052
U0310,P0053
U0310,P0054
U0310,P0055
U0310,P0056
U0310,P0057
U0310,P0058
U0310,P0059
U0310,P0060
U0310,P0061
U0310,P0062
U0310,P0063
U0310,P0064
U0310,P0065
U0310,P0066
U0310,P0067
U0310,P0068
U0310,P0069
U0310,P0070
U0310,P0071
U0310,P0072
U0310,P0073
U0310,P0074
U0310,P0075
U0310,P0076
U0310,P0077
U0310,P0078
U0310,P0079
U0310,P0080
U0310,P0081
U0310,P0082
U0310,P0088
U0310,P0089
U0310,P0090
U0310,P0091
U0310,P0092
U0310,P0093
U0310,P0095
U0310,P0096
U0310,P0097
U0310,P0098
U0310,P0099
U0310,P0100
U0310,P0101
U0310,P0102
U0310,P0119
U0310,P0267
U0310,P0271
U0310,P0272
U0310,P0274
U0310,P0275
U0310,P0276
U0310,P0282
U0310,P0283
U0310,P0284
U0310,P0291
U0310,P0313
U0310,P0314
U0310,P0315
U0310,P0316
U0310,P0317
U0310,P0318
U0310,P0319
U0310,P0320
U0310,P0321
U0310,P0322
U0310,P0323
U0310,P0324
U0310,P0325
U0310,P0326
U0310,P0327
U0310,P0328
U0310,P0329
U0310,P0330
U0310,P0331
U0310,P0332
U0310,P0333
U0310,P0334
U0310,P0335
U0310,P0336
U0310,P0337
U0310,P0338
U0310,P0339
U0310,P0340
U0310,P0341
U0310,P0342
U0310,P0343
U0310,P0344
U0310,P0345
U0310,P0346
U0310,P0347
U0310,P0348
U0310,P0349
U0310,P0350
U0310,P0351
U0310,P0352
U0310,P0353
U0310,P0354
U0310,P0355
U0310,P0356
U0310,P0357
U0310,P0358
U0310,P0359
U0310,P0360
U0310,P0361
U0310,P0362
U0310,P0363
U0310,P0364
U0310,P0365
U0310,P0366
U0310,P0367
U0310,P0368
U0310,P0369
U0310,P0370
U0310,P0371
U0310,P0372
U0310,P0373
U0310,P0374
U0310,P0375
U0310,P0376
U0310,P0377
U0310,P0378
U0310,P0379
U0310,P0380
U0310,P0381
U0310,P0382
U0310,P0383
U0310,P0384
U0310,P0385
U0310,P0386
U0310,P0387
U0310,P0388
U0310,P0389
U0310,P0390
U0311,P0001
U0311,P0012
U0311,P0013
U0311,P0014
U0311,P0018
U0311,P0019
U0311,P0020
U0311,P0021
U0311,P0022
U0311,P0029
U0311,P0032
U0311,P0033
U0311,P0034
U0311,P0035
U0311,P0036
U0311,P0037
U0311,P0038
U0311,P0039
U0311,P0040
U0311,P0041
U0311,P0042
U0311,P0043
U0311,P0044
U0311,P0045
U0311,P0046
U0311,P0047
U0311,P0048
U0311,P0049
U0311,P0050
U0311,P0051
U0311,P0052
U0311,P0053
U0311,P0054
U0311,P0055
U0311,P0056
U0311,P0057
U0311,P0058
U0311,P0059
U0311,P0060
U0311,P0061
U0311,P0062
U0311,P0063
U0311,P0064
U0311,P0065
U0311,P0066
U0311,P0067
U0311,P0068
U0311,P0069
U0311,P0070
U0311,P0071
U0311,P0072
U0311,P0073
U0311,P0074
U0311,P0075
U0311,P0076
U0311,P0077
U0311,P0078
U0311,P0079
U0311,P0080
U0311,P0081
U0311,P0082
U0311,P0088
U0311,P0089
U0311,P0090
U0311,P0091
U0311,P0092
U0311,P0093
U0311,P0095
U0311,P0096
U0311,P0097
U0311,P0098
U0311,P0099
U0311,P0100
U0311,P0101
U0311,P0102
U0311,P0267
U0311,P0271
U0311,P0272
U0311,P0274
U0311,P0275
U0311,P0276
U0311,P0282
U0311,P0283
U0311,P0284
U0311,P0291
U0311,P0313
U0311,P0314
U0311,P0315
U0311,P0316
U0311,P0317
U0311,P0318
U0311,P0319
U0311,P0320
U0311,P0321
U0311,P0322
U0311,P0323
U0311,P0324
U0311,P0325
U0311,P0326
U0311,P0327
U0311,P0328
U0311,P0329
U0311,P0330
U0311,P0331
U0311,P0332
U0311,P0333
U0311,P0334
U0311,P0335
U0311,P0336
U0311,P0337
U0311,P0338
U0311,P0339
U0311,P0340
U0311,P0341
U0311,P0342
U0311,P0343
U0311,P0344
U0311,P0345
U0311,P0346
U0311,P0347
U0311,P0348
U0311,P0349
U0311,P0350
U0311,P0351
U0311,P0352
U0311,P0353
U0311,P0354
U0311,P0355
U0311,P0356
U0311,P0357
U0311,P0358
U0311,P0359
U0311,P0360
U0311,P0361
U0311,P0362
U0311,P0363
U0311,P0364
U0311,P0365
U0311,P0366
U0311,P0367
U0311,P0368
U0311,P0369
U0311,P0370
U0311,P0371
U0311,P0372
U0311,P0373
U0311,P0374
U0311,P0375
U0311,P0376
U0311,P0377
U0311,P0378
U0311,P0379
U0311,P0380
U0311,P0381
U0311,P0382
U0311,P0383
U0311,P0384
U0311,P0385
U0311,P0386
U0311,P0387
U0311,P0388
U0311,P0389
U0311,P0390
U0312,P0001
U0312,P0012
U0312,P0013
U0312,P0014
U0312,P0018
U0312,P0019
U0312,P0020
U0312,P0021
U0312,P0022
U0312,P0029
U0312,P0032
U0312,P0033
U0312,P0034
U0312,P0035
U0312,P0036
U0312,P0037
U0312,P0038
U0312,P0039
U0312,P0040
U0312,P0041
U0312,P0042
U0312,P0043
U0312,P0044
U0312,P0045
U0312,P0046
U0312,P0047
U0312,P0048
U0312,P0049
U0312,P0050
U0312,P0051
U0312,P0052
U0312,P0053
U0312,P0054
U0312,P0055
U0312,P0056
U0312,P0057
U0312,P0058
U0312,P0059
U0312,P0060
U0312,P0061
U0312,P0062
U0312,P0063
U0312,P0064
U0312,P0065
U0312,P0066
U0312,P0067
U0312,P0068
U0312,P0069
U0312,P0070
U0312,P0071
U0312,P0072
U0312,P0073
U0312,P0074
U0312,P0075
U0312,P0076
U0312,P0077
U0312,P0078
U0312,P0079
U0312,P0080
U0312,P0081
U0312,P0082
U0312,P0088
U0312,P0089
U0312,P0090
U0312,P0091
U0312,P0092
U0312,P0093
U0312,P0095
U0312,P0096
U0312,P0097
U0312,P0098
U0312,P0099
U0312,P0100
U0312,P0101
U0312,P0102
U0312,P0240
U0312,P0267
U0312,P0271
U0312,P0272
U0312,P0274
U0312,P0275
U0312,P0276
U0312,P0282
U0312,P0283
U0312,P0284
U0312,P0291
U0312,P0313
U0312,P0314
U0312,P0315
U0312,P0316
U0312,P0317
U0312,P0318
U0312,P0319
U0312,P0320
U0312,P0321
U0312,P0322
U0312,P0323
U0312,P0324
U0312,P0325
U0312,P0326
U0312,P0327
U0312,P0328
U0312,P0329
U0312,P0330
U0312,P0331
U0312,P0332
U0312,P0333
U0312,P0334
U0312,P0335
U0312,P0336
U0312,P0337
U0312,P0338
U0312,P0339
U0312,P0340
U0312,P0341
U0312,P0342
U0312,P0343
U0312,P0344
U0312,P0345
U0312,P0346
U0312,P0347
U0312,P0348
U0312,P0349
U0312,P0350
U0312,P0351
U0312,P0352
U0312,P0353
U0312,P0354
U0312,P0355
U0312,P0356
U0312,P0357
U0312,P0358
U0312,P0359
U0312,P0360
U0312,P0361
U0312,P0362
U0312,P0363
U0312,P0364
U0312,P0365
U0312,P0366
U0312,P0367
U0312,P0368
U0312,P0369
U0312,P0370
U0312,P0371
U0312,P0372
U0312,P0373
U0312,P0374
U0312,P0375
U0312,P0376
U0312,P0377
U0312,P0378
U0312,P0379
U0312,P0380
U0312,P0381
U0312,P0382
U0312,P0383
U0312,P0384
U0312,P0385
U0312,P0386
U0312,P0387
U0312,P0388
U0312,P0389
U0312,P0390
U0313,P0001
U0313,P0012
U0313,P0013
U0313,P0014
U0313,P0018
U0313,P0019
U0313,P0020
U0313,P0021
U0313,P0022
U0313,P0029
U0313,P0032
U0313,P0033
U0313,P0034
U0313,P0035
U0313,P0036
U0313,P0037
U0313,P0038
U0313,P0039
U0313,P0040
U0313,P0041
U0313,P0042
U0313,P0043
U0313,P0044
U0313,P0045
U0313,P0046
U0313,P0047
U0313,P0048
U0313,P0049
U0313,P0050
U0313,P0051
U0313,P0052
U0313,P0053
U0313,P0054
U0313,P0055
U0313,P0056
U0313,P0057
U0313,P0058
U0313,P0059
U0313,P0060
U0313,P0061
U0313,P0062
U0313,P0063
U0313,P0064
U0313,P0065
U0313,P0066
U0313,P0067
U0313,P0068
U0313,P0069
U0313,P0070
U0313,P0071
U0313,P0072
U0313,P0073
U0313,P0074
U0313,P0075
U0313,P0076
U0313,P0077
U0313,P0078
U0313,P0079
U0313,P0080
U0313,P0081
U0313,P0082
U0313,P0088
U0313,P0089
U0313,P0090
U0313,P0091
U0313,P0092
U0313,P0093
U0313,P0095
U0313,P0096
U0313,P0097
U0313,P0098
U0313,P0099
U0313,P0100
U0313,P0101
U0313,P0102
U0313,P0267
U0313,P0271
U0313,P0272
U0313,P0274
U0313,P0275
U0313,P0276
U0313,P0282
U0313,P0283
U0313,P0284
U0313,P0291
U0313,P0313
U0313,P0314
U0313,P0315
U0313,P0316
U0313,P0317
U0313,P0318
U0313,P0319
U0313,P0320
U0313,P0321
U0313,P0322
U0313,P0323
U0313,P0324
U0313,P0325
U0313,P0326
U0313,P0327
U0313,P0328
U0313,P0329
U0313,P0330
U0313,P0331
U0313,P0332
U0313,P0333
U0313,P0334
U0313,P0335
U0313,P0336
U0313,P0337
U0313,P0338
U0313,P0339
U0313,P0340
U0313,P0341
U0313,P0342
U0313,P0343
U0313,P0344
U0313,P0345
U0313,P0346
U0313,P0347
U0313,P0348
U0313,P0349
U0313,P0350
U0313,P0351
U0313,P0352
U0313,P0353
U0313,P0354
U0313,P0355
U0313,P0356
U0313,P0357
U0313,P0358
U0313,P0359
U0313,P0360
U0313,P0361
U0313,P0362
U0313,P0363
U0313,P0364
U0313,P0365
U0313,P0366
U0313,P0367
U0313,P0368
U0313,P0369
U0313,P0370
U0313,P0371
U0313,P0372
U0313,P0373
U0313,P0374
U0313,P0375
U0313,P0376
U0313,P0377
U0313,P0378
U0313,P0379
U0313,P0380
U0313,P0381
U0313,P0382
U0313,P0383
U0313,P0384
U0313,P0385
U0313,P0386
U0313,P0387
U0313,P0388
U0313,P0389
U0313,P0390
U0314,P0001
U0314,P0012
U0314,P0013
U0314,P0014
U0314,P0018
U0314,P0019
U0314,P0020
U0314,P0021
U0314,P0022
U0314,P0029
U0314,P0032
U0314,P0033
U0314,P0034
U0314,P0035
U0314,P0036
U0314,P0037
U0314,P0038
U0314,P0039
U0314,P0040
U0314,P0041
U0314,P0042
U0314,P0043
U0314,P0044
U0314,P0045
U0314,P0046
U0314,P0047
U0314,P0048
U0314,P0049
U0314,P0050
U0314,P0051
U0314,P0052
U0314,P0053
U0314,P0054
U0314,P0055
U0314,P0056
U0314,P0057
U0314,P0058
U0314,P0059
U0314,P0060
U0314,P0061
U0314,P0062
U0314,P0063
U0314,P0064
U0314,P0065
U0314,P0066
U0314,P0067
U0314,P0068
U0314,P0069
U0314,P0070
U0314,P0071
U0314,P0072
U0314,P0073
U0314,P0074
U0314,P0075
U0314,P0076
U0314,P0077
U0314,P0078
U0314,P0079
U0314,P0080
U0314,P0081
U0314,P0082
U0314,P0088
U0314,P0089
U0314,P0090
U0314,P0091
U0314,P0092
U0314,P0093
U0314,P0095
U0314,P0096
U0314,P0097
U0314,P0098
U0314,P0099
U0314,P0100
U0314,P0101
U0314,P0102
U0314,P0267
U0314,P0271
U0314,P0272
U0314,P0274
U0314,P0275
U0314,P0276
U0314,P0282
U0314,P0283
U0314,P0284
U0314,P0291
U0314,P0313
U0314,P0314
U0314,P0315
U0314,P0316
U0314,P0317
U0314,P0318
U0314,P0319
U0314,P0320
U0314,P0321
U0314,P0322
U0314,P0323
U0314,P0324
U0314,P0325
U0314,P0326
U0314,P0327
U0314,P0328
U0314,P0329
U0314,P0330
U0314,P0331
U0314,P0332
U0314,P0333
U0314,P0334
U0314,P0335
U0314,P0336
U0314,P0337
U0314,P0338
U0314,P0339
U0314,P0340
U0314,P0341
U0314,P0342
U0314,P0343
U0314,P0344
U0314,P0345
U0314,P0346
U0314,P0347
U0314,P0348
U0314,P0349
U0314,P0350
U0314,P0351
U0314,P0352
U0314,P0353
U0314,P0354
U0314,P0355
U0314,P0356
U0314,P0357
U0314,P0358
U0314,P0359
U0314,P0360
U0314,P0361
U0314,P0362
U0314,P0363
U0314,P0364
U0314,P0365
U0314,P0366
U0314,P0367
U0314,P0368
U0314,P0369
U0314,P0370
U0314,P0371
U0314,P0372
U0314,P0373
U0314,P0374
U0314,P0375
U0314,P0376
U0314,P0377
U0314,P0378
U0314,P0379
U0314,P0380
U0314,P0381
U0314,P0382
U0314,P0383
U0314,P0384
U0314,P0385
U0314,P0386
U0314,P0387
U0314,P0388
U0314,P0389
U0314,P0390
U0315,P0001
U0315,P0012
U0315,P0013
U0315,P0014
U0315,P0018
U0315,P0019
U0315,P0020
U0315,P0021
U0315,P0022
U0315,P0029
U0315,P0032
U0315,P0033
U0315,P0034
U0315,P0035
U0315,P0036
U0315,P0037
U0315,P0038
U0315,P0039
U0315,P0040
U0315,P0041
U0315,P0042
U0315,P0043
U0315,P0044
U0315,P0045
U0315,P0046
U0315,P0047
U0315,P0048
U0315,P0049
U0315,P0050
U0315,P0051
U0315,P0052
U0315,P0053
U0315,P0054
U0315,P0055
U0315,P0056
U0315,P0057
U0315,P0058
U0315,P0059
U0315,P0060
U0315,P0061
U0315,P0062
U0315,P0063
U0315,P0064
U0315,P0065
U0315,P0066
U0315,P0067
U0315,P0068
U0315,P0069
U0315,P0070
U0315,P0071
U0315,P0072
U0315,P0073
U0315,P0074
U0315,P0075
U0315,P0076
U0315,P0077
U0315,P0078
U0315,P0079
U0315,P0080
U0315,P0081
U0315,P0082
U0315,P0088
U0315,P0089
U0315,P0090
U0315,P0091
U0315,P0092
U0315,P0093
U0315,P0095
U0315,P0096
U0315,P0097
U0315,P0098
U0315,P0099
U0315,P0100
U0315,P0101
U0315,P0102
U0315,P0267
U0315,P0271
U0315,P0272
U0315,P0274
U0315,P0275
U0315,P0276
U0315,P0282
U0315,P0283
U0315,P0284
U0315,P0291
U0315,P0313
U0315,P0314
U0315,P0315
U0315,P0316
U0315,P0317
U0315,P0318
U0315,P0319
U0315,P0320
U0315,P0321
U0315,P0322
U0315,P0323
U0315,P0324
U0315,P0325
U0315,P0326
U0315,P0327
U0315,P0328
U0315,P0329
U0315,P0330
U0315,P0331
U0315,P0332
U0315,P0333
U0315,P0334
U0315,P0335
U0315,P0336
U0315,P0337
U0315,P0338
U0315,P0339
U0315,P0340
U0315,P0341
U0315,P0342
U0315,P0343
U0315,P0344
U0315,P0345
U0315,P0346
U0315,P0347
U0315,P0348
U0315,P0349
U0315,P0350
U0315,P0351
U0315,P0352
U0315,P0353
U0315,P0354
U0315,P0355
U0315,P0356
U0315,P0357
U0315,P0358
U0315,P0359
U0315,P0360
U0315,P0361
U0315,P0362
U0315,P0363
U0315,P0364
U0315,P0365
U0315,P0366
U0315,P0367
U0315,P0368
U0315,P0369
U0315,P0370
U0315,P0371
U0315,P0372
U0315,P0373
U0315,P0374
U0315,P0375
U0315,P0376
U0315,P0377
U0315,P0378
U0315,P0379
U0315,P0380
U0315,P0381
U0315,P0382
U0315,P0383
U0315,P0384
U0315,P0385
U0315,P0386
U0315,P0387
U0315,P0388
U0315,P0389
U0315,P0390
U0316,P0001
U0316,P0012
U0316,P0013
U0316,P0014
U0316,P0018
U0316,P0019
U0316,P0020
U0316,P0021
U0316,P0022
U0316,P0029
U0316,P0032
U0316,P0033
U0316,P0034
U0316,P0035
U0316,P0036
U0316,P0037
U0316,P0038
U0316,P0039
U0316,P0040
U0316,P0041
U0316,P0042
U0316,P0043
U0316,P0044
U0316,P0045
U0316,P0046
U0316,P0047
U0316,P0048
U0316,P0049
U0316,P0050
U0316,P0051
U0316,P0052
U0316,P0053
U0316,P0054
U0316,P0055
U0316,P0056
U0316,P0057
U0316,P0058
U0316,P0059
U0316,P0060
U0316,P0061
U0316,P0062
U0316,P0063
U0316,P0064
U0316,P0065
U0316,P0066
U0316,P0067
U0316,P0068
U0316,P0069
U0316,P0070
U0316,P0071
U0316,P0072
U0316,P0073
U0316,P0074
U0316,P0075
U0316,P0076
U0316,P0077
U0316,P0078
U0316,P0079
U0316,P0080
U0316,P0081
U0316,P0082
U0316,P0088
U0316,P0089
U0316,P0090
U0316,P0091
U0316,P0092
U0316,P0093
U0316,P0095
U0316,P0096
U0316,P0097
U0316,P0098
U0316,P0099
U0316,P0100
U0316,P0101
U0316,P0102
U0316,P0126
U0316,P0262
U0316,P0267
U0316,P0271
U0316,P0272
U0316,P0274
U0316,P0275
U0316,P0276
U0316,P0282
U0316,P0283
U0316,P0284
U0316,P0291
U0316,P0313
U0316,P0314
U0316,P0315
U0316,P0316
U0316,P0317
U0316,P0318
U0316,P0319
U0316,P0320
U0316,P0321
U0316,P0322
U0316,P0323
U0316,P0324
U0316,P0325
U0316,P0326
U0316,P0327
U0316,P0328
U0316,P0329
U0316,P0330
U0316,P0331
U0316,P0332
U0316,P0333
U0316,P0334
U0316,P0335
U0316,P0336
U0316,P0337
U0316,P0338
U0316,P0339
U0316,P0340
U0316,P0341
U0316,P0342
U0316,P0343
U0316,P0344
U0316,P0345
U0316,P0346
U0316,P0347
U0316,P0348
U0316,P0349
U0316,P0350
U0316,P0351
U0316,P0352
U0316,P0353
U0316,P0354
U0316,P0355
U0316,P0356
U0316,P0357
U0316,P0358
U0316,P0359
U0316,P0360
U0316,P0361
U0316,P0362
U0316,P0363
U0316,P0364
U0316,P0365
U0316,P0366
U0316,P0367
U0316,P0368
U0316,P0369
U0316,P0370
U0316,P0371
U0316,P0372
U0316,P0373
U0316,P0374
U0316,P0375
U0316,P0376
U0316,P0377
U0316,P0378
U0316,P0379
U0316,P0380
U0316,P0381
U0316,P0382
U0316,P0383
U0316,P0384
U0316,P0385
U0316,P0386
U0316,P0387
U0316,P0388
U0316,P0389
U0316,P0390
U0317,P0001
U0317,P0012
U0317,P0013
U0317,P0014
U0317,P0018
U0317,P0019
U0317,P0020
U0317,P0021
U0317,P0022
U0317,P0029
U0317,P0032
U0317,P0033
U0317,P0034
U0317,P0035
U0317,P0036
U0317,P0037
U0317,P0038
U0317,P0039
U0317,P0040
U0317,P0041
U0317,P0042
U0317,P0043
U0317,P0044
U0317,P0045
U0317,P0046
U0317,P0047
U0317,P0048
U0317,P0049
U0317,P0050
U0317,P0051
U0317,P0052
U0317,P0053
U0317,P0054
U0317,P0055
U0317,P0056
U0317,P0057
U0317,P0058
U0317,P0059
U0317,P0060
U0317,P0061
U0317,P0062
U0317,P0063
U0317,P0064
U0317,P0065
U0317,P0066
U0317,P0067
U0317,P0068
U0317,P0069
U0317,P0070
U0317,P0071
U0317,P0072
U0317,P0073
U0317,P0074
U0317,P0075
U0317,P0076
U0317,P0077
U0317,P0078
U0317,P0079
U0317,P0080
U0317,P0081
U0317,P0082
U0317,P0088
U0317,P0089
U0317,P0090
U0317,P0091
U0317,P0092
U0317,P0093
U0317,P0095
U0317,P0096
U0317,P0097
U0317,P0098
U0317,P0099
U0317,P0100
U0317,P0101
U0317,P0102
U0317,P0267
U0317,P0271
U0317,P0272
U0317,P0274
U0317,P0275
U0317,P0276
U0317,P0282
U0317,P0283
U0317,P0284
U0317,P0291
U0317,P0313
U0317,P0314
U0317,P0315
U0317,P0316
U0317,P0317
U0317,P0318
U0317,P0319
U0317,P0320
U0317,P0321
U0317,P0322
U0317,P0323
U0317,P0324
U0317,P0325
U0317,P0326
U0317,P0327
U0317,P0328
U0317,P0329
U0317,P0330
U0317,P0331
U0317,P0332
U0317,P0333
U0317,P0334
U0317,P0335
U0317,P0336
U0317,P0337
U0317,P0338
U0317,P0339
U0317,P0340
U0317,P0341
U0317,P0342
U0317,P0343
U0317,P0344
U0317,P0345
U0317,P0346
U0317,P0347
U0317,P0348
U0317,P0349
U0317,P0350
U0317,P0351
U0317,P0352
U0317,P0353
U0317,P0354
U0317,P0355
U0317,P0356
U0317,P0357
U0317,P0358
U0317,P0359
U0317,P0360
U0317,P0361
U0317,P0362
U0317,P0363
U0317,P0364
U0317,P0365
U0317,P0366
U0317,P0367
U0317,P0368
U0317,P0369
U0317,P0370
U0317,P0371
U0317,P0372
U0317,P0373
U0317,P0374
U0317,P0375
U0317,P0376
U0317,P0377
U0317,P0378
U0317,P0379
U0317,P0380
U0317,P0381
U0317,P0382
U0317,P0383
U0317,P0384
U0317,P0385
U0317,P0386
U0317,P0387
U0317,P0388
U0317,P0389
U0317,P0390
U0318,P0001
U0318,P0012
U0318,P0013
U0318,P0014
U0318,P0018
U0318,P0019
U0318,P0020
U0318,P0021
U0318,P0022
U0318,P0029
U0318,P0032
U0318,P0033
U0318,P0034
U0318,P0035
U0318,P0036
U0318,P0037
U0318,P0038
U0318,P0039
U0318,P0040
U0318,P0041
U0318,P0042
U0318,P0043
U0318,P0044
U0318,P0045
U0318,P0046
U0318,P0047
U0318,P0048
U0318,P0049
U0318,P0050
U0318,P0051
U0318,P0052
U0318,P0053
U0318,P0054
U0318,P0055
U0318,P0056
U0318,P0057
U0318,P0058
U0318,P0059
U0318,P0060
U0318,P0061
U0318,P0062
U0318,P0063
U0318,P0064
U0318,P0065
U0318,P0066
U0318,P0067
U0318,P0068
U0318,P0069
U0318,P0070
U0318,P0071
U0318,P0072
U0318,P0073
U0318,P0074
U0318,P0075
U0318,P0076
U0318,P0077
U0318,P0078
U0318,P0079
U0318,P0080
U0318,P0081
U0318,P0082
U0318,P0088
U0318,P0089
U0318,P0090
U0318,P0091
U0318,P0092
U0318,P0093
U0318,P0095
U0318,P0096
U0318,P0097
U0318,P0098
U0318,P0099
U0318,P0100
U0318,P0101
U0318,P0102
U0318,P0221
U0318,P0267
U0318,P0271
U0318,P0272
U0318,P0274
U0318,P0275
U0318,P0276
U0318,P0282
U0318,P0283
U0318,P0284
U0318,P0291
U0318,P0313
U0318,P0314
U0318,P0315
U0318,P0316
U0318,P0317
U0318,P0318
U0318,P0319
U0318,P0320
U0318,P0321
U0318,P0322
U0318,P0323
U0318,P0324
U0318,P0325
U0318,P0326
U0318,P0327
U0318,P0328
U0318,P0329
U0318,P0330
U0318,P0331
U0318,P0332
U0318,P0333
U0318,P0334
U0318,P0335
U0318,P0336
U0318,P0337
U0318,P0338
U0318,P0339
U0318,P0340
U0318,P0341
U0318,P0342
U0318,P0343
U0318,P0344
U0318,P0345
U0318,P0346
U0318,P0347
U0318,P0348
U0318,P0349
U0318,P0350
U0318,P0351
U0318,P0352
U0318,P0353
U0318,P0354
U0318,P0355
U0318,P0356
U0318,P0357
U0318,P0358
U0318,P0359
U0318,P0360
U0318,P0361
U0318,P0362
U0318,P0363
U0318,P0364
U0318,P0365
U0318,P0366
U0318,P0367
U0318,P0368
U0318,P0369
U0318,P0370
U0318,P0371
U0318,P0372
U0318,P0373
U0318,P0374
U0318,P0375
U0318,P0376
U0318,P0377
U0318,P0378
U0318,P0379
U0318,P0380
U0318,P0381
U0318,P0382
U0318,P0383
U0318,P0384
U0318,P0385
U0318,P0386
U0318,P0387
U0318,P0388
U0318,P0389
U0318,P0390
U0319,P0001
U0319,P0012
U0319,P0013
U0319,P0014
U0319,P0018
U0319,P0019
U0319,P0020
U0319,P0021
U0319,P0022
U0319,P0029
U0319,P0032
U0319,P0033
U0319,P0034
U0319,P0035
U0319,P0036
U0319,P0037
U0319,P0038
U0319,P0039
U0319,P0040
U0319,P0041
U0319,P0042
U0319,P0043
U0319,P0044
U0319,P0045
U0319,P0046
U0319,P0047
U0319,P0048
U0319,P0049
U0319,P0050
U0319,P0051
U0319,P0052
U0319,P0053
U0319,P0054
U0319,P0055
U0319,P0056
U0319,P0057
U0319,P0058
U0319,P0059
U0319,P0060
U0319,P0061
U0319,P0062
U0319,P0063
U0319,P0064
U0319,P0065
U0319,P0066
U0319,P0067
U0319,P0068
U0319,P0069
U0319,P0070
U0319,P0071
U0319,P0072
U0319,P0073
U0319,P0074
U0319,P0075
U0319,P0076
U0319,P0077
U0319,P0078
U0319,P0079
U0319,P0080
U0319,P0081
U0319,P0082
U0319,P0088
U0319,P0089
U0319,P0090
U0319,P0091
U0319,P0092
U0319,P0093
U0319,P0095
U0319,P0096
U0319,P0097
U0319,P0098
U0319,P0099
U0319,P0100
U0319,P0101
U0319,P0102
U0319,P0267
U0319,P0271
U0319,P0272
U0319,P0274
U0319,P0275
U0319,P0276
U0319,P0282
U0319,P0283
U0319,P0284
U0319,P0291
U0319,P0313
U0319,P0314
U0319,P0315
U0319,P0316
U0319,P0317
U0319,P0318
U0319,P0319
U0319,P0320
U0319,P0321
U0319,P0322
U0319,P0323
U0319,P0324
U0319,P0325
U0319,P0326
U0319,P0327
U0319,P0328
U0319,P0329
U0319,P0330
U0319,P0331
U0319,P0332
U0319,P0333
U0319,P0334
U0319,P0335
U0319,P0336
U0319,P0337
U0319,P0338
U0319,P0339
U0319,P0340
U0319,P0341
U0319,P0342
U0319,P0343
U0319,P0344
U0319,P0345
U0319,P0346
U0319,P0347
U0319,P0348
U0319,P0349
U0319,P0350
U0319,P0351
U0319,P0352
U0319,P0353
U0319,P0354
U0319,P0355
U0319,P0356
U0319,P0357
U0319,P0358
U0319,P0359
U0319,P0360
U0319,P0361
U0319,P0362
U0319,P0363
U0319,P0364
U0319,P0365
U0319,P0366
U0319,P0367
U0319,P0368
U0319,P0369
U0319,P0370
U0319,P0371
U0319,P0372
U0319,P0373
U0319,P0374
U0319,P0375
U0319,P0376
U0319,P0377
U0319,P0378
U0319,P0379
U0319,P0380
U0319,P0381
U0319,P0382
U0319,P0383
U0319,P0384
U0319,P0385
U0319,P0386
U0319,P0387
U0319,P0388
U0319,P0389
U0319,P0390
U0320,P0001
U0320,P0012
U0320,P0013
U0320,P0014
U0320,P0018
U0320,P0019
U0320,P0020
U0320,P0021
U0320,P0022
U0320,P0029
U0320,P0032
U0320,P0033
U0320,P0034
U0320,P0035
U0320,P0036
U0320,P0037
U0320,P0038
U0320,P0039
U0320,P0040
U0320,P0041
U0320,P0042
U0320,P0043
U0320,P0044
U0320,P0045
U0320,P0046
U0320,P0047
U0320,P0048
U0320,P0049
U0320,P0050
U0320,P0051
U0320,P0052
U0320,P0053
U0320,P0054
U0320,P0055
U0320,P0056
U0320,P0057
U0320,P0058
U0320,P0059
U0320,P0060
U0320,P0061
U0320,P0062
U0320,P0063
U0320,P0064
U0320,P0065
U0320,P0066
U0320,P0067
U0320,P0068
U0320,P0069
U0320,P0070
U0320,P0071
U0320,P0072
U0320,P0073
U0320,P0074
U0320,P0075
U0320,P0076
U0320,P0077
U0320,P0078
U0320,P0079
U0320,P0080
U0320,P0081
U0320,P0082
U0320,P0088
U0320,P0089
U0320,P0090
U0320,P0091
U0320,P0092
U0320,P0093
U0320,P0095
U0320,P0096
U0320,P0097
U0320,P0098
U0320,P0099
U0320,P0100
U0320,P0101
U0320,P0102
U0320,P0267
U0320,P0271
U0320,P0272
U0320,P0274
U0320,P0275
U0320,P0276
U0320,P0282
U0320,P0283
U0320,P0284
U0320,P0291
U0320,P0313
U0320,P0314
U0320,P0315
U0320,P0316
U0320,P0317
U0320,P0318
U0320,P0319
U0320,P0320
U0320,P0321
U0320,P0322
U0320,P0323
U0320,P0324
U0320,P0325
U0320,P0326
U0320,P0327
U0320,P0328
U0320,P0329
U0320,P0330
U0320,P0331
U0320,P0332
U0320,P0333
U0320,P0334
U0320,P0335
U0320,P0336
U0320,P0337
U0320,P0338
U0320,P0339
U0320,P0340
U0320,P0341
U0320,P0342
U0320,P0343
U0320,P0344
U0320,P0345
U0320,P0346
U0320,P0347
U0320,P0348
U0320,P0349
U0320,P0350
U0320,P0351
U0320,P0352
U0320,P0353
U0320,P0354
U0320,P0355
U0320,P0356
U0320,P0357
U0320,P0358
U0320,P0359
U0320,P0360
U0320,P0361
U0320,P0362
U0320,P0363
U0320,P0364
U0320,P0365
U0320,P0366
U0320,P0367
U0320,P0368
U0320,P0369
U0320,P0370
U0320,P0371
U0320,P0372
U0320,P0373
U0320,P0374
U0320,P0375
U0320,P0376
U0320,P0377
U0320,P0378
U0320,P0379
U0320,P0380
U0320,P0381
U0320,P0382
U0320,P0383
U0320,P0384
U0320,P0385
U0320,P0386
U0320,P0387
U0320,P0388
U0320,P0389
U0320,P0390
U0321,P0001
U0321,P0012
U0321,P0013
U0321,P0014
U0321,P0018
U0321,P0019
U0321,P0020
U0321,P0021
U0321,P0022
U0321,P0029
U0321,P0032
U0321,P0033
U0321,P0034
U0321,P0035
U0321,P0036
U0321,P0037
U0321,P0038
U0321,P0039
U0321,P0040
U0321,P0041
U0321,P0042
U0321,P0043
U0321,P0044
U0321,P0045
U0321,P0046
U0321,P0047
U0321,P0048
U0321,P0049
U0321,P0050
U0321,P0051
U0321,P0052
U0321,P0053
U0321,P0054
U0321,P0055
U0321,P0056
U0321,P0057
U0321,P0058
U0321,P0059
U0321,P0060
U0321,P0061
U0321,P0062
U0321,P0063
U0321,P0064
U0321,P0065
U0321,P0066
U0321,P0067
U0321,P0068
U0321,P0069
U0321,P0070
U0321,P0071
U0321,P0072
U0321,P0073
U0321,P0074
U0321,P0075
U0321,P0076
U0321,P0077
U0321,P0078
U0321,P0079
U0321,P0080
U0321,P0081
U0321,P0082
U0321,P0088
U0321,P0089
U0321,P0090
U0321,P0091
U0321,P0092
U0321,P0093
U0321,P0095
U0321,P0096
U0321,P0097
U0321,P0098
U0321,P0099
U0321,P0100
U0321,P0101
U0321,P0102
U0321,P0267
U0321,P0271
U0321,P0272
U0321,P0274
U0321,P0275
U0321,P0276
U0321,P0282
U0321,P0283
U0321,P0284
U0321,P0291
U0321,P0313
U0321,P0314
U0321,P0315
U0321,P0316
U0321,P0317
U0321,P0318
U0321,P0319
U0321,P0320
U0321,P0321
U0321,P0322
U0321,P0323
U0321,P0324
U0321,P0325
U0321,P0326
U0321,P0327
U0321,P0328
U0321,P0329
U0321,P0330
U0321,P0331
U0321,P0332
U0321,P0333
U0321,P0334
U0321,P0335
U0321,P0336
U0321,P0337
U0321,P0338
U0321,P0339
U0321,P0341
U0321,P0342
U0321,P0343
U0321,P0344
U0321,P0345
U0321,P0346
U0321,P0347
U0321,P0348
U0321,P0349
U0321,P0350
U0321,P0351
U0321,P0352
U0321,P0353
U0321,P0354
U0321,P0355
U0321,P0356
U0321,P0357
U0321,P0358
U0321,P0359
U0321,P0360
U0321,P0361
U0321,P0362
U0321,P0363
U0321,P0364
U0321,P0365
U0321,P0366
U0321,P0367
U0321,P0368
U0321,P0369
U0321,P0370
U0321,P0371
U0321,P0372
U0321,P0373
U0321,P0374
U0321,P0375
U0321,P0376
U0321,P0377
U0321,P0378
U0321,P0379
U0321,P0380
U0321,P0381
U0321,P0382
U0321,P0383
U0321,P0384
U0321,P0385
U0321,P0386
U0321,P0387
U0321,P0388
U0321,P0389
U0321,P0390
U0322,P0001
U0322,P0012
U0322,P0013
U0322,P0014
U0322,P0018
U0322,P0019
U0322,P0020
U0322,P0021
U0322,P0022
U0322,P0029
U0322,P0032
U0322,P0033
U0322,P0034
U0322,P0035
U0322,P0036
U0322,P0037
U0322,P0038
U0322,P0039
U0322,P0040
U0322,P0041
U0322,P0042
U0322,P0043
U0322,P0044
U0322,P0045
U0322,P0046
U0322,P0047
U0322,P0048
U0322,P0049
U0322,P0050
U0322,P0051
U0322,P0052
U0322,P0053
U0322,P0054
U0322,P0055
U0322,P0056
U0322,P0057
U0322,P0058
U0322,P0059
U0322,P0060
U0322,P0061
U0322,P0062
U0322,P0063
U0322,P0064
U0322,P0065
U0322,P0066
U0322,P0067
U0322,P0068
U0322,P0069
U0322,P0070
U0322,P0071
U0322,P0072
U0322,P0073
U0322,P0074
U0322,P0075
U0322,P0076
U0322,P0077
U0322,P0078
U0322,P0079
U0322,P0080
U0322,P0081
U0322,P0082
U0322,P0088
U0322,P0089
U0322,P0090
U0322,P0091
U0322,P0092
U0322,P0093
U0322,P0095
U0322,P0096
U0322,P0097
U0322,P0098
U0322,P0099
U0322,P0100
U0322,P0101
U0322,P0102
U0322,P0267
U0322,P0271
U0322,P0272
U0322,P0274
U0322,P0275
U0322,P0276
U0322,P0282
U0322,P0283
U0322,P0284
U0322,P0291
U0322,P0313
U0322,P0314
U0322,P0315
U0322,P0316
U0322,P0317
U0322,P0318
U0322,P0319
U0322,P0320
U0322,P0321
U0322,P0322
U0322,P0323
U0322,P0324
U0322,P0325
U0322,P0326
U0322,P0327
U0322,P0328
U0322,P0329
U0322,P0330
U0322,P0331
U0322,P0332
U0322,P0333
U0322,P0334
U0322,P0335
U0322,P0336
U0322,P0337
U0322,P0338
U0322,P0339
U0322,P0340
U0322,P0341
U0322,P0342
U0322,P0343
U0322,P0344
U0322,P0345
U0322,P0346
U0322,P0347
U0322,P0348
U0322,P0349
U0322,P0350
U0322,P0351
U0322,P0352
U0322,P0353
U0322,P0354
U0322,P0355
U0322,P0356
U0322,P0357
U0322,P0358
U0322,P0359
U0322,P0360
U0322,P0361
U0322,P0362
U0322,P0363
U0322,P0364
U0322,P0365
U0322,P0366
U0322,P0367
U0322,P0368
U0322,P0369
U0322,P0370
U0322,P0371
U0322,P0372
U0322,P0373
U0322,P0374
U0322,P0375
U0322,P0376
U0322,P0377
U0322,P0378
U0322,P0379
U0322,P0380
U0322,P0381
U0322,P0382
U0322,P0383
U0322,P0384
U0322,P0385
U0322,P0386
U0322,P0387
U0322,P0388
U0322,P0389
U0322,P0390
U0323,P0001
U0323,P0012
U0323,P0013
U0323,P0014
U0323,P0018
U0323,P0019
U0323,P0020
U0323,P0021
U0323,P0022
U0323,P0029
U0323,P0032
U0323,P0033
U0323,P0034
U0323,P0035
U0323,P0036
U0323,P0037
U0323,P0038
U0323,P0039
U0323,P0040
U0323,P0041
U0323,P0042
U0323,P0043
U0323,P0044
U0323,P0045
U0323,P0046
U0323,P0047
U0323,P0048
U0323,P0049
U0323,P0050
U0323,P0051
U0323,P0052
U0323,P0053
U0323,P0054
U0323,P0055
U0323,P0056
U0323,P0057
U0323,P0058
U0323,P0059
U0323,P0060
U0323,P0061
U0323,P0062
U0323,P0063
U0323,P0064
U0323,P0065
U0323,P0066
U0323,P0067
U0323,P0068
U0323,P0069
U0323,P0070
U0323,P0071
U0323,P0072
U0323,P0073
U0323,P0074
U0323,P0075
U0323,P0076
U0323,P0077
U0323,P0078
U0323,P0079
U0323,P0080
U0323,P0081
U0323,P0082
U0323,P0088
U0323,P0089
U0323,P0090
U0323,P0091
U0323,P0092
U0323,P0093
U0323,P0095
U0323,P0096
U0323,P0097
U0323,P0098
U0323,P0099
U0323,P0100
U0323,P0101
U0323,P0102
U0323,P0267
U0323,P0271
U0323,P0272
U0323,P0274
U0323,P0275
U0323,P0276
U0323,P0282
U0323,P0283
U0323,P0284
U0323,P0291
U0323,P0313
U0323,P0314
U0323,P0315
U0323,P0316
U0323,P0317
U0323,P0318
U0323,P0319
U0323,P0320
U0323,P0321
U0323,P0322
U0323,P0323
U0323,P0325
U0323,P0326
U0323,P0327
U0323,P0328
U0323,P0329
U0323,P0330
U0323,P0331
U0323,P0332
U0323,P0333
U0323,P0334
U0323,P0335
U0323,P0336
U0323,P0337
U0323,P0338
U0323,P0339
U0323,P0340
U0323,P0341
U0323,P0342
U0323,P0343
U0323,P0344
U0323,P0345
U0323,P0346
U0323,P0347
U0323,P0348
U0323,P0349
U0323,P0350
U0323,P0351
U0323,P0352
U0323,P0353
U0323,P0354
U0323,P0355
U0323,P0356
U0323,P0357
U0323,P0358
U0323,P0359
U0323,P0360
U0323,P0361
U0323,P0362
U0323,P0363
U0323,P0364
U0323,P0365
U0323,P0366
U0323,P0367
U0323,P0368
U0323,P0369
U0323,P0370
U0323,P0371
U0323,P0372
U0323,P0373
U0323,P0374
U0323,P0375
U0323,P0376
U0323,P0377
U0323,P0378
U0323,P0379
U0323,P0380
U0323,P0381
U0323,P0382
U0323,P0383
U0323,P0384
U0323,P0385
U0323,P0386
U0323,P0387
U0323,P0388
U0323,P0389
U0323,P0390
U0324,P0001
U0324,P0012
U0324,P0013
U0324,P0014
U0324,P0018
U0324,P0019
U0324,P0020
U0324,P0021
U0324,P0022
U0324,P0029
U0324,P0032
U0324,P0033
U0324,P0034
U0324,P0035
U0324,P0036
U0324,P0037
U0324,P0038
U0324,P0039
U0324,P0040
U0324,P0041
U0324,P0042
U0324,P0043
U0324,P0044
U0324,P0045
U0324,P0046
U0324,P0047
U0324,P0048
U0324,P0049
U0324,P0050
U0324,P0051
U0324,P0052
U0324,P0053
U0324,P0054
U0324,P0055
U0324,P0056
U0324,P0057
U0324,P0058
U0324,P0059
U0324,P0060
U0324,P0061
U0324,P0062
U0324,P0063
U0324,P0064
U0324,P0065
U0324,P0066
U0324,P0067
U0324,P0068
U0324,P0069
U0324,P0070
U0324,P0071
U0324,P0072
U0324,P0073
U0324,P0074
U0324,P0075
U0324,P0076
U0324,P0077
U0324,P0078
U0324,P0079
U0324,P0080
U0324,P0081
U0324,P0082
U0324,P0088
U0324,P0089
U0324,P0090
U0324,P0091
U0324,P0092
U0324,P0093
U0324,P0095
U0324,P0096
U0324,P0097
U0324,P0098
U0324,P0099
U0324,P0100
U0324,P0101
U0324,P0102
U0324,P0267
U0324,P0271
U0324,P0272
U0324,P0274
U0324,P0275
U0324,P0276
U0324,P0282
U0324,P0283
U0324,P0284
U0324,P0291
U0324,P0313
U0324,P0314
U0324,P0315
U0324,P0316
U0324,P0317
U0324,P0318
U0324,P0319
U0324,P0320
U0324,P0321
U0324,P0322
U0324,P0323
U0324,P0324
U0324,P0325
U0324,P0326
U0324,P0327
U0324,P0328
U0324,P0329
U0324,P0330
U0324,P0331
U0324,P0332
U0324,P0333
U0324,P0334
U0324,P0335
U0324,P0336
U0324,P0337
U0324,P0338
U0324,P0339
U0324,P0340
U0324,P0341
U0324,P0342
U0324,P0343
U0324,P0344
U0324,P0345
U0324,P0346
U0324,P0347
U0324,P0348
U0324,P0349
U0324,P0350
U0324,P0351
U0324,P0352
U0324,P0353
U0324,P0354
U0324,P0355
U0324,P0356
U0324,P0357
U0324,P0358
U0324,P0359
U0324,P0360
U0324,P0361
U0324,P0362
U0324,P0363
U0324,P0364
U0324,P0365
U0324,P0366
U0324,P0367
U0324,P0368
U0324,P0369
U0324,P0370
U0324,P0371
U0324,P0372
U0324,P0373
U0324,P0374
U0324,P0375
U0324,P0376
U0324,P0377
U0324,P0378
U0324,P0379
U0324,P0380
U0324,P0381
U0324,P0382
U0324,P0383
U0324,P0384
U0324,P0385
U0324,P0386
U0324,P0387
U0324,P0388
U0324,P0389
U0324,P0390
U0325,P0001
U0325,P0012
U0325,P0013
U0325,P0014
U0325,P0018
U0325,P0019
U0325,P0020
U0325,P0021
U0325,P0022
U0325,P0029
U0325,P0032
U0325,P0033
U0325,P0034
U0325,P0035
U0325,P0036
U0325,P0037
U0325,P0038
U0325,P0039
U0325,P0040
U0325,P0041
U0325,P0042
U0325,P0043
U0325,P0044
U0325,P0045
U0325,P0046
U0325,P0047
U0325,P0048
U0325,P0049
U0325,P0050
U0325,P0051
U0325,P0052
U0325,P0053
U0325,P0054
U0325,P0055
U0325,P0056
U0325,P0057
U0325,P0058
U0325,P0059
U0325,P0060
U0325,P0061
U0325,P0062
U0325,P0063
U0325,P0064
U0325,P0065
U0325,P0066
U0325,P0067
U0325,P0068
U0325,P0069
U0325,P0070
U0325,P0071
U0325,P0072
U0325,P0073
U0325,P0074
U0325,P0075
U0325,P0076
U0325,P0077
U0325,P0078
U0325,P0079
U0325,P0080
U0325,P0081
U0325,P0082
U0325,P0088
U0325,P0089
U0325,P0090
U0325,P0091
U0325,P0092
U0325,P0093
U0325,P0095
U0325,P0096
U0325,P0097
U0325,P0098
U0325,P0099
U0325,P0100
U0325,P0101
U0325,P0102
U0325,P0267
U0325,P0271
U0325,P0272
U0325,P0274
U0325,P0275
U0325,P0276
U0325,P0282
U0325,P0283
U0325,P0284
U0325,P0291
U0325,P0313
U0325,P0314
U0325,P0315
U0325,P0316
U0325,P0317
U0325,P0318
U0325,P0319
U0325,P0320
U0325,P0321
U0325,P0322
U0325,P0323
U0325,P0324
U0325,P0325
U0325,P0326
U0325,P0327
U0325,P0328
U0325,P0329
U0325,P0330
U0325,P0331
U0325,P0332
U0325,P0333
U0325,P0335
U0325,P0336
U0325,P0337
U0325,P0338
U0325,P0339
U0325,P0340
U0325,P0341
U0325,P0342
U0325,P0343
U0325,P0344
U0325,P0345
U0325,P0346
U0325,P0347
U0325,P0348
U0325,P0349
U0325,P0350
U0325,P0351
U0325,P0352
U0325,P0353
U0325,P0354
U0325,P0355
U0325,P0356
U0325,P0357
U0325,P0358
U0325,P0359
U0325,P0360
U0325,P0361
U0325,P0362
U0325,P0363
U0325,P0364
U0325,P0365
U0325,P0366
U0325,P0367
U0325,P0368
U0325,P0369
U0325,P0370
U0325,P0371
U0325,P0372
U0325,P0373
U0325,P0374
U0325,P0375
U0325,P0376
U0325,P0377
U0325,P0378
U0325,P0379
U0325,P0380
U0325,P0381
U0325,P0382
U0325,P0383
U0325,P0384
U0325,P0385
U0325,P0386
U0325,P0387
U0325,P0388
U0325,P0389
U0325,P0390
U0326,P0001
U0326,P0012
U0326,P0013
U0326,P0014
U0326,P0018
U0326,P0019
U0326,P0020
U0326,P0021
U0326,P0022
U0326,P0029
U0326,P0032
U0326,P0033
U0326,P0034
U0326,P0035
U0326,P0036
U0326,P0037
U0326,P0038
U0326,P0039
U0326,P0040
U0326,P0041
U0326,P0042
U0326,P0043
U0326,P0044
U0326,P0045
U0326,P0047
U0326,P0048
U0326,P0049
U0326,P0050
U0326,P0051
U0326,P0052
U0326,P0053
U0326,P0054
U0326,P0055
U0326,P0056
U0326,P0057
U0326,P0058
U0326,P0059
U0326,P0060
U0326,P0061
U0326,P0062
U0326,P0063
U0326,P0064
U0326,P0065
U0326,P0066
U0326,P0067
U0326,P0068
U0326,P0069
U0326,P0070
U0326,P0071
U0326,P0072
U0326,P0073
U0326,P0074
U0326,P0075
U0326,P0076
U0326,P0077
U0326,P0078
U0326,P0079
U0326,P0080
U0326,P0081
U0326,P0082
U0326,P0088
U0326,P0089
U0326,P0090
U0326,P0091
U0326,P0092
U0326,P0093
U0326,P0095
U0326,P0096
U0326,P0097
U0326,P0098
U0326,P0099
U0326,P0100
U0326,P0101
U0326,P0102
U0326,P0267
U0326,P0271
U0326,P0272
U0326,P0274
U0326,P0275
U0326,P0276
U0326,P0282
U0326,P0283
U0326,P0284
U0326,P0291
U0326,P0313
U0326,P0314
U0326,P0315
U0326,P0316
U0326,P0317
U0326,P0318
U0326,P0319
U0326,P0320
U0326,P0321
U0326,P0322
U0326,P0323
U0326,P0324
U0326,P0325
U0326,P0326
U0326,P0327
U0326,P0328
U0326,P0329
U0326,P0330
U0326,P0331
U0326,P0332
U0326,P0333
U0326,P0334
U0326,P0335
U0326,P0336
U0326,P0337
U0326,P0338
U0326,P0339
U0326,P0340
U0326,P0341
U0326,P0342
U0326,P0343
U0326,P0344
U0326,P0345
U0326,P0346
U0326,P0347
U0326,P0348
U0326,P0349
U0326,P0350
U0326,P0351
U0326,P0352
U0326,P0353
U0326,P0354
U0326,P0355
U0326,P0356
U0326,P0357
U0326,P0358
U0326,P0359
U0326,P0360
U0326,P0361
U0326,P0362
U0326,P0363
U0326,P0364
U0326,P0365
U0326,P0366
U0326,P0367
U0326,P0368
U0326,P0369
U0326,P0370
U0326,P0371
U0326,P0372
U0326,P0373
U0326,P0374
U0326,P0375
U0326,P0376
U0326,P0377
U0326,P0378
U0326,P0379
U0326,P0380
U0326,P0381
U0326,P0382
U0326,P0383
U0326,P0384
U0326,P0385
U0326,P0386
U0326,P0387
U0326,P0388
U0326,P0389
U0326,P0390
U0327,P0001
U0327,P0012
U0327,P0013
U0327,P0014
U0327,P0018
U0327,P0019
U0327,P0020
U0327,P0021
U0327,P0022
U0327,P0029
U0327,P0032
U0327,P0033
U0327,P0034
U0327,P0035
U0327,P0036
U0327,P0037
U0327,P0038
U0327,P0039
U0327,P0040
U0327,P0041
U0327,P0042
U0327,P0043
U0327,P0044
U0327,P0045
U0327,P0046
U0327,P0047
U0327,P0048
U0327,P0049
U0327,P0050
U0327,P0051
U0327,P0052
U0327,P0053
U0327,P0054
U0327,P0055
U0327,P0056
U0327,P0057
U0327,P0058
U0327,P0059
U0327,P0060
U0327,P0061
U0327,P0062
U0327,P0063
U0327,P0064
U0327,P0065
U0327,P0066
U0327,P0067
U0327,P0068
U0327,P0069
U0327,P0070
U0327,P0071
U0327,P0072
U0327,P0073
U0327,P0074
U0327,P0075
U0327,P0076
U0327,P0077
U0327,P0078
U0327,P0079
U0327,P0080
U0327,P0081
U0327,P0082
U0327,P0088
U0327,P0089
U0327,P0090
U0327,P0091
U0327,P0092
U0327,P0093
U0327,P0095
U0327,P0096
U0327,P0097
U0327,P0098
U0327,P0099
U0327,P0100
U0327,P0101
U0327,P0102
U0327,P0267
U0327,P0271
U0327,P0272
U0327,P0274
U0327,P0275
U0327,P0276
U0327,P0282
U0327,P0283
U0327,P0284
U0327,P0291
U0327,P0313
U0327,P0314
U0327,P0315
U0327,P0316
U0327,P0317
U0327,P0318
U0327,P0319
U0327,P0320
U0327,P0321
U0327,P0322
U0327,P0323
U0327,P0324
U0327,P0325
U0327,P0326
U0327,P0327
U0327,P0328
U0327,P0329
U0327,P0330
U0327,P0331
U0327,P0332
U0327,P0333
U0327,P0334
U0327,P0335
U0327,P0336
U0327,P0337
U0327,P0338
U0327,P0339
U0327,P0340
U0327,P0341
U0327,P0342
U0327,P0343
U0327,P0344
U0327,P0345
U0327,P0346
U0327,P0347
U0327,P0348
U0327,P0349
U0327,P0350
U0327,P0351
U0327,P0352
U0327,P0353
U0327,P0354
U0327,P0355
U0327,P0356
U0327,P0357
U0327,P0358
U0327,P0359
U0327,P0360
U0327,P0361
U0327,P0362
U0327,P0363
U0327,P0364
U0327,P0365
U0327,P0366
U0327,P0367
U0327,P0368
U0327,P0369
U0327,P0370
U0327,P0371
U0327,P0372
U0327,P0373
U0327,P0374
U0327,P0375
U0327,P0376
U0327,P0377
U0327,P0378
U0327,P0379
U0327,P0380
U0327,P0381
U0327,P0382
U0327,P0383
U0327,P0384
U0327,P0385
U0327,P0386
U0327,P0387
U0327,P0388
U0327,P0389
U0327,P0390
U0328,P0001
U0328,P0012
U0328,P0013
U0328,P0014
U0328,P0018
U0328,P0019
U0328,P0020
U0328,P0021
U0328,P0022
U0328,P0029
U0328,P0032
U0328,P0033
U0328,P0034
U0328,P0035
U0328,P0036
U0328,P0037
U0328,P0038
U0328,P0039
U0328,P0040
U0328,P0041
U0328,P0042
U0328,P0043
U0328,P0044
U0328,P0045
U0328,P0046
U0328,P0047
U0328,P0048
U0328,P0049
U0328,P0050
U0328,P0051
U0328,P0052
U0328,P0053
U0328,P0054
U0328,P0055
U0328,P0056
U0328,P0057
U0328,P0058
U0328,P0059
U0328,P0060
U0328,P0061
U0328,P0062
U0328,P0063
U0328,P0064
U0328,P0065
U0328,P0066
U0328,P0067
U0328,P0068
U0328,P0069
U0328,P0070
U0328,P0071
U0328,P0072
U0328,P0073
U0328,P0074
U0328,P0075
U0328,P0076
U0328,P0077
U0328,P0078
U0328,P0079
U0328,P0080
U0328,P0081
U0328,P0082
U0328,P0088
U0328,P0089
U0328,P0090
U0328,P0091
U0328,P0092
U0328,P0093
U0328,P0095
U0328,P0096
U0328,P0097
U0328,P0098
U0328,P0099
U0328,P0100
U0328,P0101
U0328,P0102
U0328,P0267
U0328,P0271
U0328,P0272
U0328,P0274
U0328,P0275
U0328,P0276
U0328,P0282
U0328,P0283
U0328,P0284
U0328,P0291
U0328,P0313
U0328,P0314
U0328,P0315
U0328,P0316
U0328,P0317
U0328,P0318
U0328,P0319
U0328,P0320
U0328,P0321
U0328,P0322
U0328,P0323
U0328,P0324
U0328,P0325
U0328,P0326
U0328,P0327
U0328,P0328
U0328,P0329
U0328,P0330
U0328,P0331
U0328,P0332
U0328,P0333
U0328,P0334
U0328,P0335
U0328,P0336
U0328,P0337
U0328,P0338
U0328,P0339
U0328,P0340
U0328,P0341
U0328,P0342
U0328,P0343
U0328,P0344
U0328,P0345
U0328,P0346
U0328,P0347
U0328,P0348
U0328,P0349
U0328,P0350
U0328,P0351
U0328,P0352
U0328,P0353
U0328,P0354
U0328,P0355
U0328,P0356
U0328,P0357
U0328,P0358
U0328,P0359
U0328,P0360
U0328,P0361
U0328,P0362
U0328,P0363
U0328,P0364
U0328,P0365
U0328,P0366
U0328,P0367
U0328,P0368
U0328,P0369
U0328,P0370
U0328,P0371
U0328,P0372
U0328,P0373
U0328,P0374
U0328,P0375
U0328,P0376
U0328,P0377
U0328,P0378
U0328,P0379
U0328,P0380
U0328,P0381
U0328,P0382
U0328,P0383
U0328,P0384
U0328,P0385
U0328,P0386
U0328,P0387
U0328,P0388
U0328,P0389
U0328,P0390
U0329,P0001
U0329,P0012
U0329,P0013
U0329,P0014
U0329,P0018
U0329,P0019
U0329,P0020
U0329,P0021
U0329,P0022
U0329,P0029
U0329,P0032
U0329,P0033
U0329,P0034
U0329,P0035
U0329,P0036
U0329,P0037
U0329,P0038
U0329,P0039
U0329,P0040
U0329,P0041
U0329,P0042
U0329,P0043
U0329,P0044
U0329,P0045
U0329,P0046
U0329,P0047
U0329,P0048
U0329,P0049
U0329,P0050
U0329,P0051
U0329,P0052
U0329,P0053
U0329,P0054
U0329,P0055
U0329,P0056
U0329,P0057
U0329,P0058
U0329,P0059
U0329,P0060
U0329,P0061
U0329,P0062
U0329,P0063
U0329,P0064
U0329,P0065
U0329,P0066
U0329,P0067
U0329,P0068
U0329,P0069
U0329,P0070
U0329,P0071
U0329,P0072
U0329,P0073
U0329,P0074
U0329,P0075
U0329,P0076
U0329,P0077
U0329,P0078
U0329,P0079
U0329,P0080
U0329,P0081
U0329,P0082
U0329,P0088
U0329,P0089
U0329,P0090
U0329,P0091
U0329,P0092
U0329,P0093
U0329,P0095
U0329,P0096
U0329,P0097
U0329,P0098
U0329,P0099
U0329,P0100
U0329,P0101
U0329,P0102
U0329,P0267
U0329,P0271
U0329,P0272
U0329,P0274
U0329,P0275
U0329,P0276
U0329,P0282
U0329,P0283
U0329,P0284
U0329,P0291
U0329,P0313
U0329,P0314
U0329,P0315
U0329,P0316
U0329,P0317
U0329,P0318
U0329,P0319
U0329,P0320
U0329,P0321
U0329,P0322
U0329,P0323
U0329,P0324
U0329,P0325
U0329,P0326
U0329,P0327
U0329,P0328
U0329,P0329
U0329,P0330
U0329,P0331
U0329,P0332
U0329,P0333
U0329,P0334
U0329,P0335
U0329,P0336
U0329,P0337
U0329,P0338
U0329,P0339
U0329,P0340
U0329,P0341
U0329,P0342
U0329,P0343
U0329,P0344
U0329,P0345
U0329,P0346
U0329,P0347
U0329,P0348
U0329,P0349
U0329,P0350
U0329,P0351
U0329,P0352
U0329,P0353
U0329,P0354
U0329,P0355
U0329,P0356
U0329,P0357
U0329,P0358
U0329,P0359
U0329,P0360
U0329,P0361
U0329,P0362
U0329,P0363
U0329,P0364
U0329,P0365
U0329,P0366
U0329,P0367
U0329,P0368
U0329,P0369
U0329,P0370
U0329,P0371
U0329,P0372
U0329,P0373
U0329,P0374
U0329,P0375
U0329,P0376
U0329,P0377
U0329,P0378
U0329,P0379
U0329,P0380
U0329,P0381
U0329,P0382
U0329,P0383
U0329,P0384
U0329,P0385
U0329,P0386
U0329,P0387
U0329,P0388
U0329,P0389
U0329,P0390
U0330,P0001
U0330,P0012
U0330,P0013
U0330,P0014
U0330,P0018
U0330,P0019
U0330,P0020
U0330,P0021
U0330,P0022
U0330,P0029
U0330,P0032
U0330,P0033
U0330,P0034
U0330,P0035
U0330,P0036
U0330,P0037
U0330,P0038
U0330,P0039
U0330,P0040
U0330,P0041
U0330,P0042
U0330,P0043
U0330,P0044
U0330,P0045
U0330,P0046
U0330,P0047
U0330,P0048
U0330,P0049
U0330,P0050
U0330,P0051
U0330,P0052
U0330,P0053
U0330,P0054
U0330,P0055
U0330,P0056
U0330,P0057
U0330,P0058
U0330,P0059
U0330,P0060
U0330,P0061
U0330,P0062
U0330,P0063
U0330,P0064
U0330,P0065
U0330,P0066
U0330,P0067
U0330,P0068
U0330,P0069
U0330,P0070
U0330,P0071
U0330,P0072
U0330,P0073
U0330,P0074
U0330,P0075
U0330,P0076
U0330,P0077
U0330,P0078
U0330,P0079
U0330,P0080
U0330,P0081
U0330,P0082
U0330,P0088
U0330,P0089
U0330,P0090
U0330,P0091
U0330,P0092
U0330,P0093
U0330,P0095
U0330,P0096
U0330,P0097
U0330,P0098
U0330,P0099
U0330,P0100
U0330,P0101
U0330,P0102
U0330,P0267
U0330,P0271
U0330,P0272
U0330,P0274
U0330,P0275
U0330,P0276
U0330,P0282
U0330,P0283
U0330,P0284
U0330,P0291
U0330,P0313
U0330,P0314
U0330,P0315
U0330,P0316
U0330,P0317
U0330,P0318
U0330,P0319
U0330,P0320
U0330,P0321
U0330,P0322
U0330,P0323
U0330,P0324
U0330,P0325
U0330,P0326
U0330,P0327
U0330,P0328
U0330,P0329
U0330,P0330
U0330,P0331
U0330,P0332
U0330,P0333
U0330,P0334
U0330,P0335
U0330,P0336
U0330,P0337
U0330,P0338
U0330,P0339
U0330,P0340
U0330,P0341
U0330,P0342
U0330,P0343
U0330,P0344
U0330,P0345
U0330,P0346
U0330,P0347
U0330,P0348
U0330,P0349
U0330,P0350
U0330,P0351
U0330,P0352
U0330,P0353
U0330,P0354
U0330,P0355
U0330,P0356
U0330,P0357
U0330,P0358
U0330,P0359
U0330,P0360
U0330,P0361
U0330,P0362
U0330,P0363
U0330,P0364
U0330,P0365
U0330,P0366
U0330,P0367
U0330,P0368
U0330,P0369
U0330,P0370
U0330,P0371
U0330,P0372
U0330,P0373
U0330,P0374
U0330,P0375
U0330,P0376
U0330,P0377
U0330,P0378
U0330,P0379
U0330,P0380
U0330,P0381
U0330,P0382
U0330,P0383
U0330,P0384
U0330,P0385
U0330,P0386
U0330,P0387
U0330,P0388
U0330,P0389
U0330,P0390
U0331,P0001
U0331,P0012
U0331,P0013
U0331,P0014
U0331,P0018
U0331,P0019
U0331,P0020
U0331,P0021
U0331,P0022
U0331,P0029
U0331,P0032
U0331,P0033
U0331,P0034
U0331,P0035
U0331,P0036
U0331,P0037
U0331,P0038
U0331,P0039
U0331,P0040
U0331,P0041
U0331,P0042
U0331,P0043
U0331,P0044
U0331,P0045
U0331,P0046
U0331,P0047
U0331,P0048
U0331,P0049
U0331,P0050
U0331,P0051
U0331,P0052
U0331,P0053
U0331,P0054
U0331,P0055
U0331,P0056
U0331,P0057
U0331,P0058
U0331,P0059
U0331,P0060
U0331,P0061
U0331,P0062
U0331,P0063
U0331,P0064
U0331,P0065
U0331,P0066
U0331,P0067
U0331,P0068
U0331,P0069
U0331,P0070
U0331,P0071
U0331,P0072
U0331,P0073
U0331,P0074
U0331,P0075
U0331,P0076
U0331,P0077
U0331,P0078
U0331,P0079
U0331,P0080
U0331,P0081
U0331,P0082
U0331,P0088
U0331,P0089
U0331,P0090
U0331,P0091
U0331,P0092
U0331,P0093
U0331,P0095
U0331,P0096
U0331,P0097
U0331,P0098
U0331,P0099
U0331,P0100
U0331,P0101
U0331,P0102
U0331,P0267
U0331,P0271
U0331,P0272
U0331,P0274
U0331,P0275
U0331,P0276
U0331,P0282
U0331,P0283
U0331,P0284
U0331,P0291
U0331,P0313
U0331,P0314
U0331,P0315
U0331,P0316
U0331,P0317
U0331,P0318
U0331,P0319
U0331,P0320
U0331,P0321
U0331,P0322
U0331,P0323
U0331,P0324
U0331,P0325
U0331,P0326
U0331,P0327
U0331,P0328
U0331,P0329
U0331,P0330
U0331,P0331
U0331,P0332
U0331,P0333
U0331,P0334
U0331,P0335
U0331,P0336
U0331,P0337
U0331,P0338
U0331,P0339
U0331,P0340
U0331,P0341
U0331,P0342
U0331,P0343
U0331,P0344
U0331,P0345
U0331,P0346
U0331,P0347
U0331,P0348
U0331,P0349
U0331,P0350
U0331,P0351
U0331,P0352
U0331,P0353
U0331,P0354
U0331,P0355
U0331,P0356
U0331,P0357
U0331,P0358
U0331,P0359
U0331,P0360
U0331,P0361
U0331,P0362
U0331,P0363
U0331,P0364
U0331,P0365
U0331,P0366
U0331,P0367
U0331,P0368
U0331,P0369
U0331,P0370
U0331,P0371
U0331,P0372
U0331,P0373
U0331,P0374
U0331,P0375
U0331,P0376
U0331,P0377
U0331,P0378
U0331,P0379
U0331,P0380
U0331,P0381
U0331,P0382
U0331,P0383
U0331,P0384
U0331,P0385
U0331,P0386
U0331,P0387
U0331,P0388
U0331,P0389
U0331,P0390
U0332,P0001
U0332,P0012
U0332,P0013
U0332,P0014
U0332,P0018
U0332,P0019
U0332,P0020
U0332,P0021
U0332,P0022
U0332,P0029
U0332,P0032
U0332,P0033
U0332,P0034
U0332,P0035
U0332,P0036
U0332,P0037
U0332,P0038
U0332,P0039
U0332,P0040
U0332,P0041
U0332,P0042
U0332,P0043
U0332,P0044
U0332,P0045
U0332,P0046
U0332,P0047
U0332,P0048
U0332,P0049
U0332,P0050
U0332,P0051
U0332,P0052
U0332,P0053
U0332,P0054
U0332,P0055
U0332,P0056
U0332,P0057
U0332,P0058
U0332,P0059
U0332,P0060
U0332,P0061
U0332,P0062
U0332,P0063
U0332,P0064
U0332,P0065
U0332,P0066
U0332,P0067
U0332,P0068
U0332,P0069
U0332,P0070
U0332,P0071
U0332,P0072
U0332,P0073
U0332,P0074
U0332,P0075
U0332,P0076
U0332,P0077
U0332,P0078
U0332,P0079
U0332,P0080
U0332,P0081
U0332,P0082
U0332,P0088
U0332,P0089
U0332,P0090
U0332,P0091
U0332,P0092
U0332,P0093
U0332,P0095
U0332,P0096
U0332,P0097
U0332,P0098
U0332,P0099
U0332,P0100
U0332,P0101
U0332,P0102
U0332,P0267
U0332,P0271
U0332,P0272
U0332,P0274
U0332,P0275
U0332,P0276
U0332,P0282
U0332,P0283
U0332,P0284
U0332,P0291
U0332,P0313
U0332,P0314
U0332,P0315
U0332,P0316
U0332,P0317
U0332,P0318
U0332,P0319
U0332,P0320
U0332,P0321
U0332,P0322
U0332,P0323
U0332,P0324
U0332,P0325
U0332,P0326
U0332,P0327
U0332,P0328
U0332,P0329
U0332,P0330
U0332,P0331
U0332,P0332
U0332,P0333
U0332,P0334
U0332,P0335
U0332,P0336
U0332,P0337
U0332,P0338
U0332,P0339
U0332,P0340
U0332,P0341
U0332,P0342
U0332,P0343
U0332,P0344
U0332,P0345
U0332,P0346
U0332,P0347
U0332,P0348
U0332,P0349
U0332,P0350
U0332,P0351
U0332,P0352
U0332,P0353
U0332,P0354
U0332,P0355
U0332,P0356
U0332,P0357
U0332,P0358
U0332,P0359
U0332,P0360
U0332,P0361
U0332,P0362
U0332,P0363
U0332,P0364
U0332,P0365
U0332,P0366
U0332,P0367
U0332,P0368
U0332,P0369
U0332,P0370
U0332,P0371
U0332,P0372
U0332,P0373
U0332,P0374
U0332,P0375
U0332,P0376
U0332,P0377
U0332,P0378
U0332,P0379
U0332,P0380
U0332,P0381
U0332,P0382
U0332,P0383
U0332,P0384
U0332,P0385
U0332,P0386
U0332,P0387
U0332,P0388
U0332,P0389
U0332,P0390
U0333,P0391
U0333,P0392
U0334,P0115
U0334,P0116
U0334,P0117
U0334,P0118
U0334,P0119
U0334,P0120
U0334,P0121
U0334,P0122
U0334,P0123
U0334,P0124
U0334,P0125
U0334,P0126
U0334,P0128
U0334,P0129
U0335,P0115
U0335,P0116
U0335,P0117
U0335,P0118
U0335,P0119
U0335,P0120
U0335,P0121
U0335,P0122
U0335,P0123
U0335,P0124
U0335,P0125
U0335,P0126
U0335,P0127
U0335,P0128
U0335,P0129
U0336,P0115
U0336,P0116
U0336,P0117
U0336,P0118
U0336,P0119
U0336,P0120
U0336,P0121
U0336,P0122
U0336,P0123
U0336,P0124
U0336,P0125
U0336,P0126
U0336,P0127
U0336,P0128
U0336,P0129
U0337,P0027
U0337,P0028
U0337,P0029
U0337,P0030
U0337,P0031
U0337,P0032
U0337,P0033
U0337,P0034
U0337,P0035
U0337,P0036
U0337,P0037
U0337,P0038
U0337,P0039
U0337,P0040
U0337,P0041
U0337,P0042
U0337,P0043
U0337,P0044
U0337,P0045
U0337,P0046
U0337,P0047
U0337,P0048
U0337,P0049
U0337,P0050
U0337,P0051
U0337,P0052
U0337,P0053
U0337,P0054
U0337,P0055
U0337,P0056
U0337,P0057
U0337,P0058
U0337,P0059
U0337,P0060
U0337,P0061
U0337,P0062
U0337,P0063
U0337,P0064
U0337,P0065
U0337,P0066
U0337,P0067
U0337,P0068
U0337,P0069
U0337,P0070
U0337,P0071
U0337,P0072
U0337,P0073
U0337,P0074
U0337,P0075
U0337,P0076
U0337,P0077
U0337,P0078
U0337,P0079
U0337,P0080
U0337,P0081
U0337,P0082
U0337,P0083
U0337,P0084
U0337,P0085
U0337,P0086
U0337,P0087
U0337,P0088
U0337,P0089
U0337,P0090
U0337,P0091
U0337,P0092
U0337,P0093
U0337,P0094
U0337,P0095
U0337,P0096
U0337,P0097
U0337,P0098
U0337,P0099
U0337,P0100
U0337,P0101
U0337,P0102
U0337,P0103
U0337,P0104
U0337,P0105
U0337,P0106
U0337,P0107
U0337,P0108
U0337,P0109
U0337,P0110
U0337,P0111
U0337,P0112
U0337,P0113
U0337,P0115
U0337,P0116
U0337,P0117
U0337,P0118
U0337,P0119
U0337,P0120
U0337,P0121
U0337,P0122
U0337,P0123
U0337,P0124
U0337,P0125
U0337,P0126
U0337,P0127
U0337,P0128
U0337,P0129
U0337,P0263
U0337,P0265
U0337,P0267
U0338,P0027
U0338,P0028
U0338,P0029
U0338,P0030
U0338,P0031
U0338,P0032
U0338,P0033
U0338,P0034
U0338,P0035
U0338,P0036
U0338,P0037
U0338,P0038
U0338,P0039
U0338,P0040
U0338,P0041
U0338,P0042
U0338,P0043
U0338,P0044
U0338,P0045
U0338,P0046
U0338,P0047
U0338,P0048
U0338,P0049
U0338,P0050
U0338,P0051
U0338,P0052
U0338,P0053
U0338,P0054
U0338,P0055
U0338,P0056
U0338,P0057
U0338,P0058
U0338,P0059
U0338,P0060
U0338,P0061
U0338,P0062
U0338,P0063
U0338,P0064
U0338,P0065
U0338,P0066
U0338,P0067
U0338,P0068
U0338,P0069
U0338,P0070
U0338,P0071
U0338,P0072
U0338,P0073
U0338,P0074
U0338,P0075
U0338,P0076
U0338,P0077
U0338,P0078
U0338,P0079
U0338,P0080
U0338,P0081
U0338,P0082
U0338,P0083
U0338,P0084
U0338,P0085
U0338,P0086
U0338,P0087
U0338,P0088
U0338,P0089
U0338,P0090
U0338,P0091
U0338,P0092
U0338,P0093
U0338,P0094
U0338,P0095
U0338,P0096
U0338,P0097
U0338,P0098
U0338,P0099
U0338,P0100
U0338,P0101
U0338,P0102
U0338,P0103
U0338,P0104
U0338,P0105
U0338,P0106
U0338,P0107
U0338,P0108
U0338,P0109
U0338,P0110
U0338,P0111
U0338,P0112
U0338,P0113
U0338,P0115
U0338,P0116
U0338,P0117
U0338,P0118
U0338,P0119
U0338,P0120
U0338,P0121
U0338,P0122
U0338,P0123
U0338,P0124
U0338,P0125
U0338,P0126
U0338,P0127
U0338,P0128
U0338,P0129
U0338,P0148
U0338,P0150
U0338,P0151
U0338,P0152
U0338,P0153
U0338,P0154
U0338,P0155
U0338,P0156
U0338,P0157
U0338,P0158
U0338,P0159
U0338,P0160
U0338,P0161
U0338,P0162
U0338,P0163
U0338,P0164
U0338,P0165
U0338,P0166
U0338,P0167
U0338,P0168
U0338,P0169
U0338,P0170
U0338,P0171
U0338,P0172
U0338,P0173
U0338,P0174
U0338,P0175
U0338,P0176
U0338,P0177
U0338,P0178
U0338,P0179
U0338,P0180
U0338,P0181
U0338,P0182
U0338,P0183
U0338,P0184
U0338,P0185
U0338,P0186
U0338,P0187
U0338,P0188
U0338,P0189
U0338,P0190
U0338,P0191
U0338,P0192
U0338,P0193
U0338,P0194
U0338,P0195
U0338,P0196
U0338,P0197
U0338,P0198
U0338,P0199
U0338,P0200
U0338,P0201
U0338,P0202
U0338,P0203
U0338,P0204
U0338,P0205
U0338,P0206
U0338,P0207
U0338,P0208
U0338,P0209
U0338,P0210
U0338,P0211
U0338,P0212
U0338,P0213
U0338,P0261
U0338,P0263
U0338,P0265
U0338,P0267
U0338,P0292
U0338,P0293
U0339,P0027
U0339,P0028
U0339,P0029
U0339,P0030
U0339,P0031
U0339,P0032
U0339,P0033
U0339,P0034
U0339,P0035
U0339,P0036
U0339,P0037
U0339,P0038
U0339,P0039
U0339,P0040
U0339,P0041
U0339,P0042
U0339,P0043
U0339,P0044
U0339,P0045
U0339,P0046
U0339,P0047
U0339,P0048
U0339,P0049
U0339,P0050
U0339,P0051
U0339,P0052
U0339,P0053
U0339,P0054
U0339,P0055
U0339,P0056
U0339,P0057
U0339,P0058
U0339,P0059
U0339,P0060
U0339,P0061
U0339,P0062
U0339,P0063
U0339,P0064
U0339,P0065
U0339,P0066
U0339,P0067
U0339,P0068
U0339,P0069
U0339,P0070
U0339,P0071
U0339,P0072
U0339,P0073
U0339,P0074
U0339,P0075
U0339,P0076
U0339,P0077
U0339,P0078
U0339,P0079
U0339,P0080
U0339,P0081
U0339,P0082
U0339,P0083
U0339,P0084
U0339,P0085
U0339,P0086
U0339,P0087
U0339,P0088
U0339,P0089
U0339,P0090
U0339,P0091
U0339,P0092
U0339,P0093
U0339,P0094
U0339,P0095
U0339,P0096
U0339,P0097
U0339,P0098
U0339,P0099
U0339,P0100
U0339,P0101
U0339,P0102
U0339,P0103
U0339,P0104
U0339,P0105
U0339,P0106
U0339,P0107
U0339,P0108
U0339,P0109
U0339,P0110
U0339,P0111
U0339,P0112
U0339,P0113
U0339,P0115
U0339,P0116
U0339,P0117
U0339,P0118
U0339,P0119
U0339,P0120
U0339,P0121
U0339,P0122
U0339,P0123
U0339,P0124
U0339,P0125
U0339,P0126
U0339,P0127
U0339,P0128
U0339,P0129
U0339,P0263
U0339,P0265
U0339,P0267
U0340,P0115
U0340,P0116
U0340,P0117
U0340,P0118
U0340,P0119
U0340,P0120
U0340,P0121
U0340,P0122
U0340,P0123
U0340,P0124
U0340,P0125
U0340,P0126
U0340,P0127
U0340,P0128
U0340,P0129
U0341,P0106
U0341,P0107
U0341,P0108
U0341,P0109
U0341,P0110
U0341,P0111
U0341,P0112
U0341,P0113
U0341,P0115
U0341,P0116
U0341,P0117
U0341,P0118
U0341,P0119
U0341,P0120
U0341,P0121
U0341,P0122
U0341,P0123
U0341,P0124
U0341,P0125
U0341,P0126
U0341,P0127
U0341,P0128
U0341,P0129
U0342,P0115
U0342,P0116
U0342,P0117
U0342,P0118
U0342,P0119
U0342,P0120
U0342,P0121
U0342,P0122
U0342,P0123
U0342,P0124
U0342,P0125
U0342,P0126
U0342,P0127
U0342,P0128
U0342,P0129
U0343,P0115
U0343,P0116
U0343,P0117
U0343,P0118
U0343,P0120
U0343,P0121
U0343,P0122
U0343,P0123
U0343,P0124
U0343,P0125
U0343,P0126
U0343,P0127
U0343,P0128
U0343,P0129
U0344,P0029
U0344,P0032
U0344,P0033
U0344,P0034
U0344,P0035
U0344,P0036
U0344,P0037
U0344,P0038
U0344,P0039
U0344,P0040
U0344,P0041
U0344,P0042
U0344,P0043
U0344,P0044
U0344,P0045
U0344,P0046
U0344,P0047
U0344,P0048
U0344,P0049
U0344,P0050
U0344,P0051
U0344,P0052
U0344,P0053
U0344,P0054
U0344,P0055
U0344,P0056
U0344,P0057
U0344,P0058
U0344,P0059
U0344,P0060
U0344,P0061
U0344,P0062
U0344,P0063
U0344,P0064
U0344,P0065
U0344,P0066
U0344,P0067
U0344,P0068
U0344,P0069
U0344,P0070
U0344,P0071
U0344,P0072
U0344,P0073
U0344,P0074
U0344,P0075
U0344,P0076
U0344,P0077
U0344,P0078
U0344,P0079
U0344,P0080
U0344,P0081
U0344,P0082
U0344,P0088
U0344,P0089
U0344,P0090
U0344,P0091
U0344,P0092
U0344,P0093
U0344,P0095
U0344,P0096
U0344,P0097
U0344,P0098
U0344,P0099
U0344,P0100
U0344,P0101
U0344,P0102
U0345,P0114
U0345,P0130
U0346,P0114
U0346,P0130
U0346,P0261
U0347,P0114
U0347,P0130
U0347,P0261
U0348,P0114
U0348,P0130
U0348,P0148
U0348,P0150
U0348,P0151
U0348,P0152
U0348,P0153
U0348,P0154
U0348,P0155
U0348,P0156
U0348,P0157
U0348,P0158
U0348,P0159
U0348,P0160
U0348,P0161
U0348,P0162
U0348,P0163
U0348,P0164
U0348,P0165
U0348,P0166
U0348,P0167
U0348,P0168
U0348,P0169
U0348,P0170
U0348,P0171
U0348,P0172
U0348,P0173
U0348,P0174
U0348,P0175
U0348,P0176
U0348,P0177
U0348,P0178
U0348,P0179
U0348,P0180
U0348,P0181
U0348,P0182
U0348,P0183
U0348,P0184
U0348,P0185
U0348,P0186
U0348,P0187
U0348,P0188
U0348,P0189
U0348,P0190
U0348,P0191
U0348,P0192
U0348,P0193
U0348,P0194
U0348,P0195
U0348,P0196
U0348,P0197
U0348,P0198
U0348,P0199
U0348,P0200
U0348,P0201
U0348,P0202
U0348,P0203
U0348,P0204
U0348,P0205
U0348,P0206
U0348,P0207
U0348,P0208
U0348,P0209
U0348,P0210
U0348,P0211
U0348,P0212
U0348,P0213
U0348,P0261
U0348,P0292
U0348,P0293
U0349,P0130
U0349,P0260
U0349,P0261
U0350,P0114
U0350,P0130
U0350,P0261
U0351,P0114
U0351,P0130
U0351,P0260
U0351,P0261
U0352,P0114
U0352,P0130
U0352,P0260
U0352,P0261
U0353,P0346
U0353,P0352
U0353,P0370
U0353,P0372
U0353,P0378
U0354,P0011
U0354,P0012
U0354,P0013
U0354,P0014
U0355,P0011
U0355,P0012
U0355,P0013
U0355,P0014
U0355,P0015
U0355,P0016
U0355,P0017
U0355,P0018
U0355,P0019
U0355,P0020
U0355,P0021
U0355,P0022
U0356,P0011
U0356,P0012
U0356,P0013
U0356,P0014
U0357,P0001
U0357,P0002
U0357,P0003
U0357,P0004
U0357,P0005
U0357,P0006
U0357,P0007
U0357,P0008
U0357,P0009
U0357,P0010
U0357,P0011
U0357,P0015
U0357,P0016
U0357,P0017
U0357,P0023
U0357,P0024
U0357,P0025
U0357,P0026
U0357,P0027
U0357,P0028
U0357,P0029
U0357,P0030
U0357,P0031
U0357,P0032
U0357,P0033
U0357,P0034
U0357,P0035
U0357,P0036
U0357,P0037
U0357,P0038
U0357,P0039
U0357,P0040
U0357,P0041
U0357,P0042
U0357,P0043
U0357,P0044
U0357,P0045
U0357,P0046
U0357,P0047
U0357,P0048
U0357,P0049
U0357,P0050
U0357,P0051
U0357,P0052
U0357,P0053
U0357,P0054
U0357,P0055
U0357,P0056
U0357,P0057
U0357,P0058
U0357,P0059
U0357,P0060
U0357,P0061
U0357,P0062
U0357,P0063
U0357,P0064
U0357,P0065
U0357,P0066
U0357,P0067
U0357,P0068
U0357,P0069
U0357,P0070
U0357,P0071
U0357,P0072
U0357,P0073
U0357,P0074
U0357,P0075
U0357,P0076
U0357,P0077
U0357,P0078
U0357,P0079
U0357,P0080
U0357,P0081
U0357,P0082
U0357,P0083
U0357,P0084
U0357,P0085
U0357,P0086
U0357,P0087
U0357,P0088
U0357,P0089
U0357,P0090
U0357,P0091
U0357,P0092
U0357,P0093
U0357,P0094
U0357,P0095
U0357,P0096
U0357,P0097
U0357,P0098
U0357,P0099
U0357,P0100
U0357,P0101
U0357,P0102
U0357,P0103
U0357,P0104
U0357,P0105
U0357,P0106
U0357,P0107
U0357,P0108
U0357,P0109
U0357,P0110
U0357,P0111
U0357,P0112
U0357,P0113
U0357,P0114
U0357,P0119
U0357,P0130
U0357,P0131
U0357,P0132
U0357,P0133
U0357,P0134
U0357,P0135
U0357,P0136
U0357,P0137
U0357,P0138
U0357,P0139
U0357,P0140
U0357,P0141
U0357,P0142
U0357,P0143
U0357,P0144
U0357,P0145
U0357,P0146
U0357,P0147
U0357,P0148
U0357,P0149
U0357,P0150
U0357,P0151
U0357,P0152
U0357,P0153
U0357,P0154
U0357,P0155
U0357,P0156
U0357,P0157
U0357,P0158
U0357,P0159
U0357,P0160
U0357,P0161
U0357,P0162
U0357,P0163
U0357,P0164
U0357,P0165
U0357,P0166
U0357,P0167
U0357,P0168
U0357,P0169
U0357,P0170
U0357,P0171
U0357,P0172
U0357,P0173
U0357,P0174
U0357,P0175
U0357,P0176
U0357,P0177
U0357,P0178
U0357,P0179
U0357,P0180
U0357,P0181
U0357,P0182
U0357,P0183
U0357,P0184
U0357,P0185
U0357,P0186
U0357,P0187
U0357,P0188
U0357,P0189
U0357,P0190
U0357,P0191
U0357,P0192
U0357,P0193
U0357,P0194
U0357,P0195
U0357,P0196
U0357,P0197
U0357,P0198
U0357,P0199
U0357,P0200
U0357,P0201
U0357,P0202
U0357,P0203
U0357,P0204
U0357,P0205
U0357,P0206
U0357,P0207
U0357,P0208
U0357,P0209
U0357,P0210
U0357,P0211
U0357,P0212
U0357,P0213
U0357,P0214
U0357,P0215
U0357,P0216
U0357,P0217
U0357,P0218
U0357,P0219
U0357,P0220
U0357,P0221
U0357,P0222
U0357,P0223
U0357,P0224
U0357,P0225
U0357,P0226
U0357,P0227
U0357,P0228
U0357,P0229
U0357,P0230
U0357,P0231
U0357,P0232
U0357,P0233
U0357,P0234
U0357,P0235
U0357,P0236
U0357,P0237
U0357,P0238
U0357,P0239
U0357,P0240
U0357,P0241
U0357,P0242
U0357,P0243
U0357,P0244
U0357,P0245
U0357,P0246
U0357,P0247
U0357,P0248
U0357,P0249
U0357,P0250
U0357,P0251
U0357,P0252
U0357,P0253
U0357,P0254
U0357,P0255
U0357,P0256
U0357,P0257
U0357,P0258
U0357,P0259
U0357,P0260
U0357,P0263
U0357,P0264
U0357,P0265
U0357,P0266
U0357,P0268
U0357,P0269
U0357,P0270
U0357,P0273
U0357,P0277
U0357,P0278
U0357,P0279
U0357,P0280
U0357,P0281
U0357,P0284
U0357,P0285
U0357,P0286
U0357,P0287
U0357,P0288
U0357,P0289
U0357,P0290
U0357,P0292
U0357,P0293
U0357,P0294
U0357,P0295
U0357,P0296
U0357,P0297
U0357,P0298
U0357,P0299
U0357,P0300
U0357,P0301
U0357,P0302
U0357,P0303
U0357,P0304
U0357,P0305
U0357,P0306
U0357,P0307
U0357,P0308
U0357,P0309
U0357,P0310
U0357,P0311
U0357,P0312
U0357,P0313
U0357,P0314
U0357,P0315
U0357,P0316
U0357,P0317
U0357,P0318
U0357,P0319
U0357,P0326
U0357,P0327
U0357,P0328
U0357,P0381
U0357,P0383
U0357,P0384
U0357,P0385
U0357,P0386
U0357,P0387
U0357,P0388
U0357,P0389
U0357,P0390
U0357,P0391
U0357,P0392
U0357,P0393
U0357,P0394
U0357,P0395
U0357,P0396
U0357,P0397
U0357,P0398
U0357,P0399
U0357,P0400
U0357,P0401
U0357,P0402
U0357,P0403
U0357,P0404
U0357,P0405
U0357,P0406
U0357,P0407
U0357,P0408
U0357,P0409
U0357,P0410
U0357,P0411
U0357,P0412
U0357,P0413
U0357,P0414
U0357,P0415
U0357,P0416
U0357,P0417
U0357,P0418
U0357,P0419
U0357,P0420
U0357,P0421
U0357,P0422
U0357,P0423
U0357,P0424
U0357,P0425
U0357,P0426
U0357,P0427
U0357,P0428
U0357,P0429
U0357,P0430
U0357,P0431
U0357,P0432
U0357,P0433
U0357,P0434
U0357,P0435
U0357,P0436
U0357,P0437
U0357,P0438
U0357,P0439
U0357,P0440
U0357,P0441
U0357,P0442
U0357,P0443
U0357,P0444
U0357,P0445
U0357,P0446
U0357,P0447
U0357,P0448
U0357,P0449
U0357,P0450
U0357,P0451
U0357,P0452
U0357,P0453
U0357,P0454
U0357,P0455
U0357,P0456
U0357,P0457
U0357,P0458
U0357,P0459
U0357,P0460
U0357,P0461
U0357,P0462
U0357,P0463
U0357,P0464
U0357,P0465
U0357,P0466
U0357,P0467
U0357,P0468
U0357,P0469
U0357,P0470
U0357,P0471
U0357,P0472
U0357,P0473
U0357,P0474
U0357,P0475
U0357,P0476
U0357,P0477
U0357,P0478
U0357,P0479
U0357,P0480
U0357,P0481
U0357,P0482
U0357,P0483
U0357,P0484
U0357,P0485
U0357,P0486
U0357,P0487
U0357,P0488
U0357,P0489
U0357,P0490
U0357,P0491
U0357,P0492
U0357,P0493
U0357,P0494
U0357,P0495
U0357,P0496
U0357,P0497
U0357,P0498
U0357,P0499
U0357,P0500
U0357,P0501
U0357,P0502
U0357,P0503
U0357,P0504
U0357,P0505
U0357,P0506
U0357,P0507
U0357,P0508
U0357,P0509
U0357,P0510
U0357,P0511
U0357,P0512
U0357,P0513
U0357,P0514
U0357,P0515
U0357,P0516
U0357,P0517
U0357,P0518
U0357,P0519
U0357,P0520
U0357,P0521
U0357,P0522
U0357,P0523
U0357,P0524
U0357,P0525
U0357,P0526
U0357,P0527
U0357,P0528
U0357,P0529
U0357,P0530
U0357,P0531
U0357,P0532
U0357,P0533
U0357,P0534
U0357,P0535
U0357,P0536
U0357,P0537
U0357,P0538
U0357,P0539
U0357,P0540
U0357,P0541
U0357,P0542
U0357,P0543
U0357,P0544
U0357,P0545
U0357,P0546
U0357,P0547
U0357,P0548
U0357,P0549
U0357,P0550
U0357,P0551
U0357,P0552
U0357,P0553
U0357,P0554
U0357,P0555
U0357,P0556
U0357,P0557
U0357,P0558
U0357,P0559
U0357,P0560
U0357,P0561
U0357,P0562
U0357,P0563
U0357,P0564
U0357,P0565
U0357,P0566
U0357,P0567
U0357,P0568
U0357,P0569
U0357,P0570
U0357,P0571
U0357,P0572
U0357,P0573
U0357,P0574
U0357,P0575
U0357,P0576
U0357,P0577
U0357,P0578
U0357,P0579
U0357,P0580
U0357,P0581
U0357,P0582
U0357,P0583
U0357,P0584
U0357,P0585
U0357,P0586
U0357,P0587
U0357,P0588
U0357,P0589
U0357,P0590
U0357,P0591
U0357,P0592
U0357,P0593
U0357,P0594
U0357,P0595
U0357,P0596
U0357,P0597
U0357,P0598
U0357,P0599
U0357,P0600
U0357,P0601
U0357,P0602
U0357,P0603
U0357,P0604
U0357,P0605
U0357,P0606
U0357,P0607
U0357,P0608
U0357,P0609
U0357,P0610
U0357,P0611
U0357,P0612
U0357,P0613
U0357,P0614
U0357,P0615
U0357,P0616
U0357,P0617
U0357,P0618
U0357,P0619
U0357,P0620
U0357,P0621
U0357,P0622
U0357,P0623
U0357,P0624
U0357,P0625
U0357,P0626
U0357,P0627
U0357,P0628
U0357,P0629
U0357,P0630
U0357,P0631
U0357,P0632
U0357,P0633
U0357,P0634
U0357,P0635
U0357,P0636
U0357,P0637
U0357,P0638
U0357,P0639
U0357,P0640
U0357,P0641
U0357,P0642
U0357,P0643
U0357,P0644
U0357,P0645
U0357,P0646
U0357,P0647
U0357,P0648
U0357,P0649
U0357,P0650
U0357,P0651
U0357,P0652
U0357,P0653
U0357,P0654
U0357,P0655
U0357,P0656
U0357,P0657
U0357,P0658
U0357,P0659
U0357,P0660
U0357,P0661
U0357,P0662
U0357,P0663
U0357,P0664
U0357,P0665
U0357,P0666
U0357,P0667
U0357,P0668
U0357,P0669
U0357,P0670
U0357,P0671
U0357,P0672
U0357,P0673
U0357,P0674
U0357,P0675
U0357,P0676
U0357,P0677
U0357,P0678
U0357,P0679
U0357,P0680
U0357,P0681
U0357,P0682
U0357,P0683
U0357,P0684
U0357,P0685
U0357,P0686
U0357,P0687
U0357,P0688
U0357,P0689
U0357,P0690
U0357,P0691
U0357,P0692
U0357,P0693
U0357,P0694
U0357,P0695
U0357,P0696
U0357,P0697
U0357,P0698
U0357,P0699
U0357,P0700
U0357,P0701
U0357,P0702
U0357,P0703
U0357,P0704
U0357,P0705
U0357,P0706
U0357,P0707
U0357,P0708
U0357,P0709
U0358,P0012
U0358,P0013
U0358,P0463
U0358,P0469
U0359,P0128
U0359,P0221
U0359,P0291
U0360,P0001
U0360,P0003
U0361,P0642
U0362,P0116
U0362,P0117
U0362,P0119
U0362,P0121
U0362,P0122
U0363,P0134
U0364,P0271
U0364,P0361
U0364,P0362
U0365,P0004
U0365,P0005
U0365,P0006
U0365,P0007
U0365,P0008
U0365,P0009
